date,product_id,quantity,lag_1,lag_2,lag_3,lag_7,rolling_mean_7,rolling_std_7,diff_1,day_of_week,month,is_weekend,is_black_friday_month
76,2017-01-22,25c38557cf793876c5abdd5931f922db,0.0,0.0,0.0,0.0,0.0,0.0,0.0,0.0,6,1,1,0
86,2017-01-23,25c38557cf793876c5abdd5931f922db,0.0,0.0,0.0,0.0,0.0,0.0,0.0,0.0,0,1,0,0
96,2017-01-24,25c38557cf793876c5abdd5931f922db,0.0,0.0,0.0,0.0,0.0,0.0,0.0,0.0,1,1,0,0
106,2017-01-25,25c38557cf793876c5abdd5931f922db,0.0,0.0,0.0,0.0,0.0,0.0,0.0,0.0,2,1,0,0
116,2017-01-26,25c38557cf793876c5abdd5931f922db,0.0,0.0,0.0,0.0,0.0,0.0,0.0,0.0,3,1,0,0
126,2017-01-27,25c38557cf793876c5abdd5931f922db,0.0,0.0,0.0,0.0,0.0,0.0,0.0,0.0,4,1,0,0
136,2017-01-28,25c38557cf793876c5abdd5931f922db,0.0,0.0,0.0,0.0,0.0,0.0,0.0,0.0,5,1,1,0
146,2017-01-29,25c38557cf793876c5abdd5931f922db,0.0,0.0,0.0,0.0,0.0,0.0,0.0,0.0,6,1,1,0
156,2017-01-30,25c38557cf793876c5abdd5931f922db,0.0,0.0,0.0,0.0,0.0,0.0,0.0,0.0,0,1,0,0
166,2017-01-31,25c38557cf793876c5abdd5931f922db,0.0,0.0,0.0,0.0,0.0,0.0,0.0,0.0,1,1,0,0
176,2017-02-01,25c38557cf793876c5abdd5931f922db,0.0,0.0,0.0,0.0,0.0,0.0,0.0,0.0,2,2,0,0
186,2017-02-02,25c38557cf793876c5abdd5931f922db,0.0,0.0,0.0,0.0,0.0,0.0,0.0,0.0,3,2,0,0
196,2017-02-03,25c38557cf793876c5abdd5931f922db,0.0,0.0,0.0,0.0,0.0,0.0,0.0,0.0,4,2,0,0
206,2017-02-04,25c38557cf793876c5abdd5931f922db,0.0,0.0,0.0,0.0,0.0,0.0,0.0,0.0,5,2,1,0
216,2017-02-05,25c38557cf793876c5abdd5931f922db,0.0,0.0,0.0,0.0,0.0,0.0,0.0,0.0,6,2,1,0
226,2017-02-06,25c38557cf793876c5abdd5931f922db,0.0,0.0,0.0,0.0,0.0,0.0,0.0,0.0,0,2,0,0
236,2017-02-07,25c38557cf793876c5abdd5931f922db,0.0,0.0,0.0,0.0,0.0,0.0,0.0,0.0,1,2,0,0
246,2017-02-08,25c38557cf793876c5abdd5931f922db,0.0,0.0,0.0,0.0,0.0,0.0,0.0,0.0,2,2,0,0
256,2017-02-09,25c38557cf793876c5abdd5931f922db,0.0,0.0,0.0,0.0,0.0,0.0,0.0,0.0,3,2,0,0
266,2017-02-10,25c38557cf793876c5abdd5931f922db,0.0,0.0,0.0,0.0,0.0,0.0,0.0,0.0,4,2,0,0
276,2017-02-11,25c38557cf793876c5abdd5931f922db,0.0,0.0,0.0,0.0,0.0,0.0,0.0,0.0,5,2,1,0
286,2017-02-12,25c38557cf793876c5abdd5931f922db,0.0,0.0,0.0,0.0,0.0,0.0,0.0,0.0,6,2,1,0
296,2017-02-13,25c38557cf793876c5abdd5931f922db,0.0,0.0,0.0,0.0,0.0,0.0,0.0,0.0,0,2,0,0
306,2017-02-14,25c38557cf793876c5abdd5931f922db,0.0,0.0,0.0,0.0,0.0,0.0,0.0,0.0,1,2,0,0
316,2017-02-15,25c38557cf793876c5abdd5931f922db,0.0,0.0,0.0,0.0,0.0,0.0,0.0,0.0,2,2,0,0
326,2017-02-16,25c38557cf793876c5abdd5931f922db,0.0,0.0,0.0,0.0,0.0,0.0,0.0,0.0,3,2,0,0
336,2017-02-17,25c38557cf793876c5abdd5931f922db,0.0,0.0,0.0,0.0,0.0,0.0,0.0,0.0,4,2,0,0
346,2017-02-18,25c38557cf793876c5abdd5931f922db,0.0,0.0,0.0,0.0,0.0,0.0,0.0,0.0,5,2,1,0
356,2017-02-19,25c38557cf793876c5abdd5931f922db,0.0,0.0,0.0,0.0,0.0,0.0,0.0,0.0,6,2,1,0
366,2017-02-20,25c38557cf793876c5abdd5931f922db,0.0,0.0,0.0,0.0,0.0,0.0,0.0,0.0,0,2,0,0
376,2017-02-21,25c38557cf793876c5abdd5931f922db,0.0,0.0,0.0,0.0,0.0,0.0,0.0,0.0,1,2,0,0
386,2017-02-22,25c38557cf793876c5abdd5931f922db,0.0,0.0,0.0,0.0,0.0,0.0,0.0,0.0,2,2,0,0
396,2017-02-23,25c38557cf793876c5abdd5931f922db,0.0,0.0,0.0,0.0,0.0,0.0,0.0,0.0,3,2,0,0
406,2017-02-24,25c38557cf793876c5abdd5931f922db,0.0,0.0,0.0,0.0,0.0,0.0,0.0,0.0,4,2,0,0
416,2017-02-25,25c38557cf793876c5abdd5931f922db,0.0,0.0,0.0,0.0,0.0,0.0,0.0,0.0,5,2,1,0
426,2017-02-26,25c38557cf793876c5abdd5931f922db,0.0,0.0,0.0,0.0,0.0,0.0,0.0,0.0,6,2,1,0
436,2017-02-27,25c38557cf793876c5abdd5931f922db,0.0,0.0,0.0,0.0,0.0,0.0,0.0,0.0,0,2,0,0
446,2017-02-28,25c38557cf793876c5abdd5931f922db,0.0,0.0,0.0,0.0,0.0,0.0,0.0,0.0,1,2,0,0
456,2017-03-01,25c38557cf793876c5abdd5931f922db,0.0,0.0,0.0,0.0,0.0,0.0,0.0,0.0,2,3,0,0
466,2017-03-02,25c38557cf793876c5abdd5931f922db,0.0,0.0,0.0,0.0,0.0,0.0,0.0,0.0,3,3,0,0
476,2017-03-03,25c38557cf793876c5abdd5931f922db,0.0,0.0,0.0,0.0,0.0,0.0,0.0,0.0,4,3,0,0
486,2017-03-04,25c38557cf793876c5abdd5931f922db,0.0,0.0,0.0,0.0,0.0,0.0,0.0,0.0,5,3,1,0
496,2017-03-05,25c38557cf793876c5abdd5931f922db,0.0,0.0,0.0,0.0,0.0,0.0,0.0,0.0,6,3,1,0
506,2017-03-06,25c38557cf793876c5abdd5931f922db,0.0,0.0,0.0,0.0,0.0,0.0,0.0,0.0,0,3,0,0
516,2017-03-07,25c38557cf793876c5abdd5931f922db,0.0,0.0,0.0,0.0,0.0,0.0,0.0,0.0,1,3,0,0
526,2017-03-08,25c38557cf793876c5abdd5931f922db,0.0,0.0,0.0,0.0,0.0,0.0,0.0,0.0,2,3,0,0
536,2017-03-09,25c38557cf793876c5abdd5931f922db,0.0,0.0,0.0,0.0,0.0,0.0,0.0,0.0,3,3,0,0
546,2017-03-10,25c38557cf793876c5abdd5931f922db,0.0,0.0,0.0,0.0,0.0,0.0,0.0,0.0,4,3,0,0
556,2017-03-11,25c38557cf793876c5abdd5931f922db,0.0,0.0,0.0,0.0,0.0,0.0,0.0,0.0,5,3,1,0
566,2017-03-12,25c38557cf793876c5abdd5931f922db,0.0,0.0,0.0,0.0,0.0,0.0,0.0,0.0,6,3,1,0
576,2017-03-13,25c38557cf793876c5abdd5931f922db,0.0,0.0,0.0,0.0,0.0,0.0,0.0,0.0,0,3,0,0
586,2017-03-14,25c38557cf793876c5abdd5931f922db,0.0,0.0,0.0,0.0,0.0,0.0,0.0,0.0,1,3,0,0
596,2017-03-15,25c38557cf793876c5abdd5931f922db,0.0,0.0,0.0,0.0,0.0,0.0,0.0,0.0,2,3,0,0
606,2017-03-16,25c38557cf793876c5abdd5931f922db,0.0,0.0,0.0,0.0,0.0,0.0,0.0,0.0,3,3,0,0
616,2017-03-17,25c38557cf793876c5abdd5931f922db,0.0,0.0,0.0,0.0,0.0,0.0,0.0,0.0,4,3,0,0
626,2017-03-18,25c38557cf793876c5abdd5931f922db,0.0,0.0,0.0,0.0,0.0,0.0,0.0,0.0,5,3,1,0
636,2017-03-19,25c38557cf793876c5abdd5931f922db,0.0,0.0,0.0,0.0,0.0,0.0,0.0,0.0,6,3,1,0
646,2017-03-20,25c38557cf793876c5abdd5931f922db,0.0,0.0,0.0,0.0,0.0,0.0,0.0,0.0,0,3,0,0
656,2017-03-21,25c38557cf793876c5abdd5931f922db,0.0,0.0,0.0,0.0,0.0,0.0,0.0,0.0,1,3,0,0
666,2017-03-22,25c38557cf793876c5abdd5931f922db,0.0,0.0,0.0,0.0,0.0,0.0,0.0,0.0,2,3,0,0
676,2017-03-23,25c38557cf793876c5abdd5931f922db,0.0,0.0,0.0,0.0,0.0,0.0,0.0,0.0,3,3,0,0
686,2017-03-24,25c38557cf793876c5abdd5931f922db,0.0,0.0,0.0,0.0,0.0,0.0,0.0,0.0,4,3,0,0
696,2017-03-25,25c38557cf793876c5abdd5931f922db,0.0,0.0,0.0,0.0,0.0,0.0,0.0,0.0,5,3,1,0
706,2017-03-26,25c38557cf793876c5abdd5931f922db,0.0,0.0,0.0,0.0,0.0,0.0,0.0,0.0,6,3,1,0
716,2017-03-27,25c38557cf793876c5abdd5931f922db,0.0,0.0,0.0,0.0,0.0,0.0,0.0,0.0,0,3,0,0
726,2017-03-28,25c38557cf793876c5abdd5931f922db,0.0,0.0,0.0,0.0,0.0,0.0,0.0,0.0,1,3,0,0
736,2017-03-29,25c38557cf793876c5abdd5931f922db,0.0,0.0,0.0,0.0,0.0,0.0,0.0,0.0,2,3,0,0
746,2017-03-30,25c38557cf793876c5abdd5931f922db,0.0,0.0,0.0,0.0,0.0,0.0,0.0,0.0,3,3,0,0
756,2017-03-31,25c38557cf793876c5abdd5931f922db,0.0,0.0,0.0,0.0,0.0,0.0,0.0,0.0,4,3,0,0
766,2017-04-01,25c38557cf793876c5abdd5931f922db,0.0,0.0,0.0,0.0,0.0,0.0,0.0,0.0,5,4,1,0
776,2017-04-02,25c38557cf793876c5abdd5931f922db,0.0,0.0,0.0,0.0,0.0,0.0,0.0,0.0,6,4,1,0
786,2017-04-03,25c38557cf793876c5abdd5931f922db,0.0,0.0,0.0,0.0,0.0,0.0,0.0,0.0,0,4,0,0
796,2017-04-04,25c38557cf793876c5abdd5931f922db,0.0,0.0,0.0,0.0,0.0,0.0,0.0,0.0,1,4,0,0
806,2017-04-05,25c38557cf793876c5abdd5931f922db,0.0,0.0,0.0,0.0,0.0,0.0,0.0,0.0,2,4,0,0
816,2017-04-06,25c38557cf793876c5abdd5931f922db,0.0,0.0,0.0,0.0,0.0,0.0,0.0,0.0,3,4,0,0
826,2017-04-07,25c38557cf793876c5abdd5931f922db,0.0,0.0,0.0,0.0,0.0,0.0,0.0,0.0,4,4,0,0
836,2017-04-08,25c38557cf793876c5abdd5931f922db,0.0,0.0,0.0,0.0,0.0,0.0,0.0,0.0,5,4,1,0
846,2017-04-09,25c38557cf793876c5abdd5931f922db,0.0,0.0,0.0,0.0,0.0,0.0,0.0,0.0,6,4,1,0
856,2017-04-10,25c38557cf793876c5abdd5931f922db,0.0,0.0,0.0,0.0,0.0,0.0,0.0,0.0,0,4,0,0
866,2017-04-11,25c38557cf793876c5abdd5931f922db,0.0,0.0,0.0,0.0,0.0,0.0,0.0,0.0,1,4,0,0
876,2017-04-12,25c38557cf793876c5abdd5931f922db,0.0,0.0,0.0,0.0,0.0,0.0,0.0,0.0,2,4,0,0
886,2017-04-13,25c38557cf793876c5abdd5931f922db,0.0,0.0,0.0,0.0,0.0,0.0,0.0,0.0,3,4,0,0
896,2017-04-14,25c38557cf793876c5abdd5931f922db,0.0,0.0,0.0,0.0,0.0,0.0,0.0,0.0,4,4,0,0
906,2017-04-15,25c38557cf793876c5abdd5931f922db,0.0,0.0,0.0,0.0,0.0,0.0,0.0,0.0,5,4,1,0
916,2017-04-16,25c38557cf793876c5abdd5931f922db,0.0,0.0,0.0,0.0,0.0,0.0,0.0,0.0,6,4,1,0
926,2017-04-17,25c38557cf793876c5abdd5931f922db,0.0,0.0,0.0,0.0,0.0,0.0,0.0,0.0,0,4,0,0
936,2017-04-18,25c38557cf793876c5abdd5931f922db,0.0,0.0,0.0,0.0,0.0,0.0,0.0,0.0,1,4,0,0
946,2017-04-19,25c38557cf793876c5abdd5931f922db,0.0,0.0,0.0,0.0,0.0,0.0,0.0,0.0,2,4,0,0
956,2017-04-20,25c38557cf793876c5abdd5931f922db,0.0,0.0,0.0,0.0,0.0,0.0,0.0,0.0,3,4,0,0
966,2017-04-21,25c38557cf793876c5abdd5931f922db,0.0,0.0,0.0,0.0,0.0,0.0,0.0,0.0,4,4,0,0
976,2017-04-22,25c38557cf793876c5abdd5931f922db,0.0,0.0,0.0,0.0,0.0,0.0,0.0,0.0,5,4,1,0
986,2017-04-23,25c38557cf793876c5abdd5931f922db,0.0,0.0,0.0,0.0,0.0,0.0,0.0,0.0,6,4,1,0
996,2017-04-24,25c38557cf793876c5abdd5931f922db,0.0,0.0,0.0,0.0,0.0,0.0,0.0,0.0,0,4,0,0
1006,2017-04-25,25c38557cf793876c5abdd5931f922db,0.0,0.0,0.0,0.0,0.0,0.0,0.0,0.0,1,4,0,0
1016,2017-04-26,25c38557cf793876c5abdd5931f922db,0.0,0.0,0.0,0.0,0.0,0.0,0.0,0.0,2,4,0,0
1026,2017-04-27,25c38557cf793876c5abdd5931f922db,0.0,0.0,0.0,0.0,0.0,0.0,0.0,0.0,3,4,0,0
1036,2017-04-28,25c38557cf793876c5abdd5931f922db,0.0,0.0,0.0,0.0,0.0,0.0,0.0,0.0,4,4,0,0
1046,2017-04-29,25c38557cf793876c5abdd5931f922db,0.0,0.0,0.0,0.0,0.0,0.0,0.0,0.0,5,4,1,0
1056,2017-04-30,25c38557cf793876c5abdd5931f922db,0.0,0.0,0.0,0.0,0.0,0.0,0.0,0.0,6,4,1,0
1066,2017-05-01,25c38557cf793876c5abdd5931f922db,0.0,0.0,0.0,0.0,0.0,0.0,0.0,0.0,0,5,0,0
1076,2017-05-02,25c38557cf793876c5abdd5931f922db,0.0,0.0,0.0,0.0,0.0,0.0,0.0,0.0,1,5,0,0
1086,2017-05-03,25c38557cf793876c5abdd5931f922db,0.0,0.0,0.0,0.0,0.0,0.0,0.0,0.0,2,5,0,0
1096,2017-05-04,25c38557cf793876c5abdd5931f922db,0.0,0.0,0.0,0.0,0.0,0.0,0.0,0.0,3,5,0,0
1106,2017-05-05,25c38557cf793876c5abdd5931f922db,0.0,0.0,0.0,0.0,0.0,0.0,0.0,0.0,4,5,0,0
1116,2017-05-06,25c38557cf793876c5abdd5931f922db,0.0,0.0,0.0,0.0,0.0,0.0,0.0,0.0,5,5,1,0
1126,2017-05-07,25c38557cf793876c5abdd5931f922db,0.0,0.0,0.0,0.0,0.0,0.0,0.0,0.0,6,5,1,0
1136,2017-05-08,25c38557cf793876c5abdd5931f922db,0.0,0.0,0.0,0.0,0.0,0.0,0.0,0.0,0,5,0,0
1146,2017-05-09,25c38557cf793876c5abdd5931f922db,0.0,0.0,0.0,0.0,0.0,0.0,0.0,0.0,1,5,0,0
1156,2017-05-10,25c38557cf793876c5abdd5931f922db,0.0,0.0,0.0,0.0,0.0,0.0,0.0,0.0,2,5,0,0
1166,2017-05-11,25c38557cf793876c5abdd5931f922db,0.0,0.0,0.0,0.0,0.0,0.0,0.0,0.0,3,5,0,0
1176,2017-05-12,25c38557cf793876c5abdd5931f922db,0.0,0.0,0.0,0.0,0.0,0.0,0.0,0.0,4,5,0,0
1186,2017-05-13,25c38557cf793876c5abdd5931f922db,0.0,0.0,0.0,0.0,0.0,0.0,0.0,0.0,5,5,1,0
1196,2017-05-14,25c38557cf793876c5abdd5931f922db,0.0,0.0,0.0,0.0,0.0,0.0,0.0,0.0,6,5,1,0
1206,2017-05-15,25c38557cf793876c5abdd5931f922db,0.0,0.0,0.0,0.0,0.0,0.0,0.0,0.0,0,5,0,0
1216,2017-05-16,25c38557cf793876c5abdd5931f922db,0.0,0.0,0.0,0.0,0.0,0.0,0.0,0.0,1,5,0,0
1226,2017-05-17,25c38557cf793876c5abdd5931f922db,0.0,0.0,0.0,0.0,0.0,0.0,0.0,0.0,2,5,0,0
1236,2017-05-18,25c38557cf793876c5abdd5931f922db,0.0,0.0,0.0,0.0,0.0,0.0,0.0,0.0,3,5,0,0
1246,2017-05-19,25c38557cf793876c5abdd5931f922db,0.0,0.0,0.0,0.0,0.0,0.0,0.0,0.0,4,5,0,0
1256,2017-05-20,25c38557cf793876c5abdd5931f922db,0.0,0.0,0.0,0.0,0.0,0.0,0.0,0.0,5,5,1,0
1266,2017-05-21,25c38557cf793876c5abdd5931f922db,0.0,0.0,0.0,0.0,0.0,0.0,0.0,0.0,6,5,1,0
1276,2017-05-22,25c38557cf793876c5abdd5931f922db,0.0,0.0,0.0,0.0,0.0,0.0,0.0,0.0,0,5,0,0
1286,2017-05-23,25c38557cf793876c5abdd5931f922db,0.0,0.0,0.0,0.0,0.0,0.0,0.0,0.0,1,5,0,0
1296,2017-05-24,25c38557cf793876c5abdd5931f922db,0.0,0.0,0.0,0.0,0.0,0.0,0.0,0.0,2,5,0,0
1306,2017-05-25,25c38557cf793876c5abdd5931f922db,0.0,0.0,0.0,0.0,0.0,0.0,0.0,0.0,3,5,0,0
1316,2017-05-26,25c38557cf793876c5abdd5931f922db,0.0,0.0,0.0,0.0,0.0,0.0,0.0,0.0,4,5,0,0
1326,2017-05-27,25c38557cf793876c5abdd5931f922db,0.0,0.0,0.0,0.0,0.0,0.0,0.0,0.0,5,5,1,0
1336,2017-05-28,25c38557cf793876c5abdd5931f922db,0.0,0.0,0.0,0.0,0.0,0.0,0.0,0.0,6,5,1,0
1346,2017-05-29,25c38557cf793876c5abdd5931f922db,0.0,0.0,0.0,0.0,0.0,0.0,0.0,0.0,0,5,0,0
1356,2017-05-30,25c38557cf793876c5abdd5931f922db,0.0,0.0,0.0,0.0,0.0,0.0,0.0,0.0,1,5,0,0
1366,2017-05-31,25c38557cf793876c5abdd5931f922db,0.0,0.0,0.0,0.0,0.0,0.0,0.0,0.0,2,5,0,0
1376,2017-06-01,25c38557cf793876c5abdd5931f922db,0.0,0.0,0.0,0.0,0.0,0.0,0.0,0.0,3,6,0,0
1386,2017-06-02,25c38557cf793876c5abdd5931f922db,0.0,0.0,0.0,0.0,0.0,0.0,0.0,0.0,4,6,0,0
1396,2017-06-03,25c38557cf793876c5abdd5931f922db,0.0,0.0,0.0,0.0,0.0,0.0,0.0,0.0,5,6,1,0
1406,2017-06-04,25c38557cf793876c5abdd5931f922db,0.0,0.0,0.0,0.0,0.0,0.0,0.0,0.0,6,6,1,0
1416,2017-06-05,25c38557cf793876c5abdd5931f922db,0.0,0.0,0.0,0.0,0.0,0.0,0.0,0.0,0,6,0,0
1426,2017-06-06,25c38557cf793876c5abdd5931f922db,0.0,0.0,0.0,0.0,0.0,0.0,0.0,0.0,1,6,0,0
1436,2017-06-07,25c38557cf793876c5abdd5931f922db,0.0,0.0,0.0,0.0,0.0,0.0,0.0,0.0,2,6,0,0
1446,2017-06-08,25c38557cf793876c5abdd5931f922db,0.0,0.0,0.0,0.0,0.0,0.0,0.0,0.0,3,6,0,0
1456,2017-06-09,25c38557cf793876c5abdd5931f922db,0.0,0.0,0.0,0.0,0.0,0.0,0.0,0.0,4,6,0,0
1466,2017-06-10,25c38557cf793876c5abdd5931f922db,0.0,0.0,0.0,0.0,0.0,0.0,0.0,0.0,5,6,1,0
1476,2017-06-11,25c38557cf793876c5abdd5931f922db,0.0,0.0,0.0,0.0,0.0,0.0,0.0,0.0,6,6,1,0
1486,2017-06-12,25c38557cf793876c5abdd5931f922db,0.0,0.0,0.0,0.0,0.0,0.0,0.0,0.0,0,6,0,0
1496,2017-06-13,25c38557cf793876c5abdd5931f922db,0.0,0.0,0.0,0.0,0.0,0.0,0.0,0.0,1,6,0,0
1506,2017-06-14,25c38557cf793876c5abdd5931f922db,0.0,0.0,0.0,0.0,0.0,0.0,0.0,0.0,2,6,0,0
1516,2017-06-15,25c38557cf793876c5abdd5931f922db,0.0,0.0,0.0,0.0,0.0,0.0,0.0,0.0,3,6,0,0
1526,2017-06-16,25c38557cf793876c5abdd5931f922db,0.0,0.0,0.0,0.0,0.0,0.0,0.0,0.0,4,6,0,0
1536,2017-06-17,25c38557cf793876c5abdd5931f922db,0.0,0.0,0.0,0.0,0.0,0.0,0.0,0.0,5,6,1,0
1546,2017-06-18,25c38557cf793876c5abdd5931f922db,0.0,0.0,0.0,0.0,0.0,0.0,0.0,0.0,6,6,1,0
1556,2017-06-19,25c38557cf793876c5abdd5931f922db,0.0,0.0,0.0,0.0,0.0,0.0,0.0,0.0,0,6,0,0
1566,2017-06-20,25c38557cf793876c5abdd5931f922db,0.0,0.0,0.0,0.0,0.0,0.0,0.0,0.0,1,6,0,0
1576,2017-06-21,25c38557cf793876c5abdd5931f922db,0.0,0.0,0.0,0.0,0.0,0.0,0.0,0.0,2,6,0,0
1586,2017-06-22,25c38557cf793876c5abdd5931f922db,0.0,0.0,0.0,0.0,0.0,0.0,0.0,0.0,3,6,0,0
1596,2017-06-23,25c38557cf793876c5abdd5931f922db,0.0,0.0,0.0,0.0,0.0,0.0,0.0,0.0,4,6,0,0
1606,2017-06-24,25c38557cf793876c5abdd5931f922db,0.0,0.0,0.0,0.0,0.0,0.0,0.0,0.0,5,6,1,0
1616,2017-06-25,25c38557cf793876c5abdd5931f922db,0.0,0.0,0.0,0.0,0.0,0.0,0.0,0.0,6,6,1,0
1626,2017-06-26,25c38557cf793876c5abdd5931f922db,0.0,0.0,0.0,0.0,0.0,0.0,0.0,0.0,0,6,0,0
1636,2017-06-27,25c38557cf793876c5abdd5931f922db,0.0,0.0,0.0,0.0,0.0,0.0,0.0,0.0,1,6,0,0
1646,2017-06-28,25c38557cf793876c5abdd5931f922db,0.0,0.0,0.0,0.0,0.0,0.0,0.0,0.0,2,6,0,0
1656,2017-06-29,25c38557cf793876c5abdd5931f922db,0.0,0.0,0.0,0.0,0.0,0.0,0.0,0.0,3,6,0,0
1666,2017-06-30,25c38557cf793876c5abdd5931f922db,0.0,0.0,0.0,0.0,0.0,0.0,0.0,0.0,4,6,0,0
1676,2017-07-01,25c38557cf793876c5abdd5931f922db,0.0,0.0,0.0,0.0,0.0,0.0,0.0,0.0,5,7,1,0
1686,2017-07-02,25c38557cf793876c5abdd5931f922db,0.0,0.0,0.0,0.0,0.0,0.0,0.0,0.0,6,7,1,0
1696,2017-07-03,25c38557cf793876c5abdd5931f922db,0.0,0.0,0.0,0.0,0.0,0.0,0.0,0.0,0,7,0,0
1706,2017-07-04,25c38557cf793876c5abdd5931f922db,0.0,0.0,0.0,0.0,0.0,0.0,0.0,0.0,1,7,0,0
1716,2017-07-05,25c38557cf793876c5abdd5931f922db,0.0,0.0,0.0,0.0,0.0,0.0,0.0,0.0,2,7,0,0
1726,2017-07-06,25c38557cf793876c5abdd5931f922db,0.0,0.0,0.0,0.0,0.0,0.0,0.0,0.0,3,7,0,0
1736,2017-07-07,25c38557cf793876c5abdd5931f922db,0.0,0.0,0.0,0.0,0.0,0.0,0.0,0.0,4,7,0,0
1746,2017-07-08,25c38557cf793876c5abdd5931f922db,0.0,0.0,0.0,0.0,0.0,0.0,0.0,0.0,5,7,1,0
1756,2017-07-09,25c38557cf793876c5abdd5931f922db,0.0,0.0,0.0,0.0,0.0,0.0,0.0,0.0,6,7,1,0
1766,2017-07-10,25c38557cf793876c5abdd5931f922db,0.0,0.0,0.0,0.0,0.0,0.0,0.0,0.0,0,7,0,0
1776,2017-07-11,25c38557cf793876c5abdd5931f922db,0.0,0.0,0.0,0.0,0.0,0.0,0.0,0.0,1,7,0,0
1786,2017-07-12,25c38557cf793876c5abdd5931f922db,0.0,0.0,0.0,0.0,0.0,0.0,0.0,0.0,2,7,0,0
1796,2017-07-13,25c38557cf793876c5abdd5931f922db,0.0,0.0,0.0,0.0,0.0,0.0,0.0,0.0,3,7,0,0
1806,2017-07-14,25c38557cf793876c5abdd5931f922db,0.0,0.0,0.0,0.0,0.0,0.0,0.0,0.0,4,7,0,0
1816,2017-07-15,25c38557cf793876c5abdd5931f922db,0.0,0.0,0.0,0.0,0.0,0.0,0.0,0.0,5,7,1,0
1826,2017-07-16,25c38557cf793876c5abdd5931f922db,0.0,0.0,0.0,0.0,0.0,0.0,0.0,0.0,6,7,1,0
1836,2017-07-17,25c38557cf793876c5abdd5931f922db,0.0,0.0,0.0,0.0,0.0,0.0,0.0,0.0,0,7,0,0
1846,2017-07-18,25c38557cf793876c5abdd5931f922db,0.0,0.0,0.0,0.0,0.0,0.0,0.0,0.0,1,7,0,0
1856,2017-07-19,25c38557cf793876c5abdd5931f922db,0.0,0.0,0.0,0.0,0.0,0.0,0.0,0.0,2,7,0,0
1866,2017-07-20,25c38557cf793876c5abdd5931f922db,0.0,0.0,0.0,0.0,0.0,0.0,0.0,0.0,3,7,0,0
1876,2017-07-21,25c38557cf793876c5abdd5931f922db,0.0,0.0,0.0,0.0,0.0,0.0,0.0,0.0,4,7,0,0
1886,2017-07-22,25c38557cf793876c5abdd5931f922db,0.0,0.0,0.0,0.0,0.0,0.0,0.0,0.0,5,7,1,0
1896,2017-07-23,25c38557cf793876c5abdd5931f922db,0.0,0.0,0.0,0.0,0.0,0.0,0.0,0.0,6,7,1,0
1906,2017-07-24,25c38557cf793876c5abdd5931f922db,0.0,0.0,0.0,0.0,0.0,0.0,0.0,0.0,0,7,0,0
1916,2017-07-25,25c38557cf793876c5abdd5931f922db,0.0,0.0,0.0,0.0,0.0,0.0,0.0,0.0,1,7,0,0
1926,2017-07-26,25c38557cf793876c5abdd5931f922db,0.0,0.0,0.0,0.0,0.0,0.0,0.0,0.0,2,7,0,0
1936,2017-07-27,25c38557cf793876c5abdd5931f922db,0.0,0.0,0.0,0.0,0.0,0.0,0.0,0.0,3,7,0,0
1946,2017-07-28,25c38557cf793876c5abdd5931f922db,0.0,0.0,0.0,0.0,0.0,0.0,0.0,0.0,4,7,0,0
1956,2017-07-29,25c38557cf793876c5abdd5931f922db,0.0,0.0,0.0,0.0,0.0,0.0,0.0,0.0,5,7,1,0
1966,2017-07-30,25c38557cf793876c5abdd5931f922db,0.0,0.0,0.0,0.0,0.0,0.0,0.0,0.0,6,7,1,0
1976,2017-07-31,25c38557cf793876c5abdd5931f922db,0.0,0.0,0.0,0.0,0.0,0.0,0.0,0.0,0,7,0,0
1986,2017-08-01,25c38557cf793876c5abdd5931f922db,0.0,0.0,0.0,0.0,0.0,0.0,0.0,0.0,1,8,0,0
1996,2017-08-02,25c38557cf793876c5abdd5931f922db,0.0,0.0,0.0,0.0,0.0,0.0,0.0,0.0,2,8,0,0
2006,2017-08-03,25c38557cf793876c5abdd5931f922db,0.0,0.0,0.0,0.0,0.0,0.0,0.0,0.0,3,8,0,0
2016,2017-08-04,25c38557cf793876c5abdd5931f922db,0.0,0.0,0.0,0.0,0.0,0.0,0.0,0.0,4,8,0,0
2026,2017-08-05,25c38557cf793876c5abdd5931f922db,0.0,0.0,0.0,0.0,0.0,0.0,0.0,0.0,5,8,1,0
2036,2017-08-06,25c38557cf793876c5abdd5931f922db,0.0,0.0,0.0,0.0,0.0,0.0,0.0,0.0,6,8,1,0
2046,2017-08-07,25c38557cf793876c5abdd5931f922db,0.0,0.0,0.0,0.0,0.0,0.0,0.0,0.0,0,8,0,0
2056,2017-08-08,25c38557cf793876c5abdd5931f922db,0.0,0.0,0.0,0.0,0.0,0.0,0.0,0.0,1,8,0,0
2066,2017-08-09,25c38557cf793876c5abdd5931f922db,0.0,0.0,0.0,0.0,0.0,0.0,0.0,0.0,2,8,0,0
2076,2017-08-10,25c38557cf793876c5abdd5931f922db,0.0,0.0,0.0,0.0,0.0,0.0,0.0,0.0,3,8,0,0
2086,2017-08-11,25c38557cf793876c5abdd5931f922db,0.0,0.0,0.0,0.0,0.0,0.0,0.0,0.0,4,8,0,0
2096,2017-08-12,25c38557cf793876c5abdd5931f922db,0.0,0.0,0.0,0.0,0.0,0.0,0.0,0.0,5,8,1,0
2106,2017-08-13,25c38557cf793876c5abdd5931f922db,0.0,0.0,0.0,0.0,0.0,0.0,0.0,0.0,6,8,1,0
2116,2017-08-14,25c38557cf793876c5abdd5931f922db,0.0,0.0,0.0,0.0,0.0,0.0,0.0,0.0,0,8,0,0
2126,2017-08-15,25c38557cf793876c5abdd5931f922db,0.0,0.0,0.0,0.0,0.0,0.0,0.0,0.0,1,8,0,0
2136,2017-08-16,25c38557cf793876c5abdd5931f922db,0.0,0.0,0.0,0.0,0.0,0.0,0.0,0.0,2,8,0,0
2146,2017-08-17,25c38557cf793876c5abdd5931f922db,0.0,0.0,0.0,0.0,0.0,0.0,0.0,0.0,3,8,0,0
2156,2017-08-18,25c38557cf793876c5abdd5931f922db,0.0,0.0,0.0,0.0,0.0,0.0,0.0,0.0,4,8,0,0
2166,2017-08-19,25c38557cf793876c5abdd5931f922db,0.0,0.0,0.0,0.0,0.0,0.0,0.0,0.0,5,8,1,0
2176,2017-08-20,25c38557cf793876c5abdd5931f922db,0.0,0.0,0.0,0.0,0.0,0.0,0.0,0.0,6,8,1,0
2186,2017-08-21,25c38557cf793876c5abdd5931f922db,0.0,0.0,0.0,0.0,0.0,0.0,0.0,0.0,0,8,0,0
2196,2017-08-22,25c38557cf793876c5abdd5931f922db,0.0,0.0,0.0,0.0,0.0,0.0,0.0,0.0,1,8,0,0
2206,2017-08-23,25c38557cf793876c5abdd5931f922db,0.0,0.0,0.0,0.0,0.0,0.0,0.0,0.0,2,8,0,0
2216,2017-08-24,25c38557cf793876c5abdd5931f922db,0.0,0.0,0.0,0.0,0.0,0.0,0.0,0.0,3,8,0,0
2226,2017-08-25,25c38557cf793876c5abdd5931f922db,0.0,0.0,0.0,0.0,0.0,0.0,0.0,0.0,4,8,0,0
2236,2017-08-26,25c38557cf793876c5abdd5931f922db,0.0,0.0,0.0,0.0,0.0,0.0,0.0,0.0,5,8,1,0
2246,2017-08-27,25c38557cf793876c5abdd5931f922db,0.0,0.0,0.0,0.0,0.0,0.0,0.0,0.0,6,8,1,0
2256,2017-08-28,25c38557cf793876c5abdd5931f922db,0.0,0.0,0.0,0.0,0.0,0.0,0.0,0.0,0,8,0,0
2266,2017-08-29,25c38557cf793876c5abdd5931f922db,0.0,0.0,0.0,0.0,0.0,0.0,0.0,0.0,1,8,0,0
2276,2017-08-30,25c38557cf793876c5abdd5931f922db,0.0,0.0,0.0,0.0,0.0,0.0,0.0,0.0,2,8,0,0
2286,2017-08-31,25c38557cf793876c5abdd5931f922db,0.0,0.0,0.0,0.0,0.0,0.0,0.0,0.0,3,8,0,0
2296,2017-09-01,25c38557cf793876c5abdd5931f922db,0.0,0.0,0.0,0.0,0.0,0.0,0.0,0.0,4,9,0,0
2306,2017-09-02,25c38557cf793876c5abdd5931f922db,0.0,0.0,0.0,0.0,0.0,0.0,0.0,0.0,5,9,1,0
2316,2017-09-03,25c38557cf793876c5abdd5931f922db,0.0,0.0,0.0,0.0,0.0,0.0,0.0,0.0,6,9,1,0
2326,2017-09-04,25c38557cf793876c5abdd5931f922db,0.0,0.0,0.0,0.0,0.0,0.0,0.0,0.0,0,9,0,0
2336,2017-09-05,25c38557cf793876c5abdd5931f922db,0.0,0.0,0.0,0.0,0.0,0.0,0.0,0.0,1,9,0,0
2346,2017-09-06,25c38557cf793876c5abdd5931f922db,0.0,0.0,0.0,0.0,0.0,0.0,0.0,0.0,2,9,0,0
2356,2017-09-07,25c38557cf793876c5abdd5931f922db,0.0,0.0,0.0,0.0,0.0,0.0,0.0,0.0,3,9,0,0
2366,2017-09-08,25c38557cf793876c5abdd5931f922db,0.0,0.0,0.0,0.0,0.0,0.0,0.0,0.0,4,9,0,0
2376,2017-09-09,25c38557cf793876c5abdd5931f922db,0.0,0.0,0.0,0.0,0.0,0.0,0.0,0.0,5,9,1,0
2386,2017-09-10,25c38557cf793876c5abdd5931f922db,0.0,0.0,0.0,0.0,0.0,0.0,0.0,0.0,6,9,1,0
2396,2017-09-11,25c38557cf793876c5abdd5931f922db,0.0,0.0,0.0,0.0,0.0,0.0,0.0,0.0,0,9,0,0
2406,2017-09-12,25c38557cf793876c5abdd5931f922db,0.0,0.0,0.0,0.0,0.0,0.0,0.0,0.0,1,9,0,0
2416,2017-09-13,25c38557cf793876c5abdd5931f922db,0.0,0.0,0.0,0.0,0.0,0.0,0.0,0.0,2,9,0,0
2426,2017-09-14,25c38557cf793876c5abdd5931f922db,0.0,0.0,0.0,0.0,0.0,0.0,0.0,0.0,3,9,0,0
2436,2017-09-15,25c38557cf793876c5abdd5931f922db,0.0,0.0,0.0,0.0,0.0,0.0,0.0,0.0,4,9,0,0
2446,2017-09-16,25c38557cf793876c5abdd5931f922db,0.0,0.0,0.0,0.0,0.0,0.0,0.0,0.0,5,9,1,0
2456,2017-09-17,25c38557cf793876c5abdd5931f922db,0.0,0.0,0.0,0.0,0.0,0.0,0.0,0.0,6,9,1,0
2466,2017-09-18,25c38557cf793876c5abdd5931f922db,0.0,0.0,0.0,0.0,0.0,0.0,0.0,0.0,0,9,0,0
2476,2017-09-19,25c38557cf793876c5abdd5931f922db,0.0,0.0,0.0,0.0,0.0,0.0,0.0,0.0,1,9,0,0
2486,2017-09-20,25c38557cf793876c5abdd5931f922db,0.0,0.0,0.0,0.0,0.0,0.0,0.0,0.0,2,9,0,0
2496,2017-09-21,25c38557cf793876c5abdd5931f922db,0.0,0.0,0.0,0.0,0.0,0.0,0.0,0.0,3,9,0,0
2506,2017-09-22,25c38557cf793876c5abdd5931f922db,0.0,0.0,0.0,0.0,0.0,0.0,0.0,0.0,4,9,0,0
2516,2017-09-23,25c38557cf793876c5abdd5931f922db,0.0,0.0,0.0,0.0,0.0,0.0,0.0,0.0,5,9,1,0
2526,2017-09-24,25c38557cf793876c5abdd5931f922db,0.0,0.0,0.0,0.0,0.0,0.0,0.0,0.0,6,9,1,0
2536,2017-09-25,25c38557cf793876c5abdd5931f922db,0.0,0.0,0.0,0.0,0.0,0.0,0.0,0.0,0,9,0,0
2546,2017-09-26,25c38557cf793876c5abdd5931f922db,0.0,0.0,0.0,0.0,0.0,0.0,0.0,0.0,1,9,0,0
2556,2017-09-27,25c38557cf793876c5abdd5931f922db,0.0,0.0,0.0,0.0,0.0,0.0,0.0,0.0,2,9,0,0
2566,2017-09-28,25c38557cf793876c5abdd5931f922db,0.0,0.0,0.0,0.0,0.0,0.0,0.0,0.0,3,9,0,0
2576,2017-09-29,25c38557cf793876c5abdd5931f922db,0.0,0.0,0.0,0.0,0.0,0.0,0.0,0.0,4,9,0,0
2586,2017-09-30,25c38557cf793876c5abdd5931f922db,0.0,0.0,0.0,0.0,0.0,0.0,0.0,0.0,5,9,1,0
2596,2017-10-01,25c38557cf793876c5abdd5931f922db,0.0,0.0,0.0,0.0,0.0,0.0,0.0,0.0,6,10,1,0
2606,2017-10-02,25c38557cf793876c5abdd5931f922db,0.0,0.0,0.0,0.0,0.0,0.0,0.0,0.0,0,10,0,0
2616,2017-10-03,25c38557cf793876c5abdd5931f922db,0.0,0.0,0.0,0.0,0.0,0.0,0.0,0.0,1,10,0,0
2626,2017-10-04,25c38557cf793876c5abdd5931f922db,0.0,0.0,0.0,0.0,0.0,0.0,0.0,0.0,2,10,0,0
2636,2017-10-05,25c38557cf793876c5abdd5931f922db,0.0,0.0,0.0,0.0,0.0,0.0,0.0,0.0,3,10,0,0
2646,2017-10-06,25c38557cf793876c5abdd5931f922db,0.0,0.0,0.0,0.0,0.0,0.0,0.0,0.0,4,10,0,0
2656,2017-10-07,25c38557cf793876c5abdd5931f922db,0.0,0.0,0.0,0.0,0.0,0.0,0.0,0.0,5,10,1,0
2666,2017-10-08,25c38557cf793876c5abdd5931f922db,0.0,0.0,0.0,0.0,0.0,0.0,0.0,0.0,6,10,1,0
2676,2017-10-09,25c38557cf793876c5abdd5931f922db,0.0,0.0,0.0,0.0,0.0,0.0,0.0,0.0,0,10,0,0
2686,2017-10-10,25c38557cf793876c5abdd5931f922db,0.0,0.0,0.0,0.0,0.0,0.0,0.0,0.0,1,10,0,0
2696,2017-10-11,25c38557cf793876c5abdd5931f922db,0.0,0.0,0.0,0.0,0.0,0.0,0.0,0.0,2,10,0,0
2706,2017-10-12,25c38557cf793876c5abdd5931f922db,0.0,0.0,0.0,0.0,0.0,0.0,0.0,0.0,3,10,0,0
2716,2017-10-13,25c38557cf793876c5abdd5931f922db,0.0,0.0,0.0,0.0,0.0,0.0,0.0,0.0,4,10,0,0
2726,2017-10-14,25c38557cf793876c5abdd5931f922db,0.0,0.0,0.0,0.0,0.0,0.0,0.0,0.0,5,10,1,0
2736,2017-10-15,25c38557cf793876c5abdd5931f922db,0.0,0.0,0.0,0.0,0.0,0.0,0.0,0.0,6,10,1,0
2746,2017-10-16,25c38557cf793876c5abdd5931f922db,0.0,0.0,0.0,0.0,0.0,0.0,0.0,0.0,0,10,0,0
2756,2017-10-17,25c38557cf793876c5abdd5931f922db,0.0,0.0,0.0,0.0,0.0,0.0,0.0,0.0,1,10,0,0
2766,2017-10-18,25c38557cf793876c5abdd5931f922db,0.0,0.0,0.0,0.0,0.0,0.0,0.0,0.0,2,10,0,0
2776,2017-10-19,25c38557cf793876c5abdd5931f922db,0.0,0.0,0.0,0.0,0.0,0.0,0.0,0.0,3,10,0,0
2786,2017-10-20,25c38557cf793876c5abdd5931f922db,0.0,0.0,0.0,0.0,0.0,0.0,0.0,0.0,4,10,0,0
2796,2017-10-21,25c38557cf793876c5abdd5931f922db,0.0,0.0,0.0,0.0,0.0,0.0,0.0,0.0,5,10,1,0
2806,2017-10-22,25c38557cf793876c5abdd5931f922db,0.0,0.0,0.0,0.0,0.0,0.0,0.0,0.0,6,10,1,0
2816,2017-10-23,25c38557cf793876c5abdd5931f922db,0.0,0.0,0.0,0.0,0.0,0.0,0.0,0.0,0,10,0,0
2826,2017-10-24,25c38557cf793876c5abdd5931f922db,0.0,0.0,0.0,0.0,0.0,0.0,0.0,0.0,1,10,0,0
2836,2017-10-25,25c38557cf793876c5abdd5931f922db,0.0,0.0,0.0,0.0,0.0,0.0,0.0,0.0,2,10,0,0
2846,2017-10-26,25c38557cf793876c5abdd5931f922db,0.0,0.0,0.0,0.0,0.0,0.0,0.0,0.0,3,10,0,0
2856,2017-10-27,25c38557cf793876c5abdd5931f922db,0.0,0.0,0.0,0.0,0.0,0.0,0.0,0.0,4,10,0,0
2866,2017-10-28,25c38557cf793876c5abdd5931f922db,0.0,0.0,0.0,0.0,0.0,0.0,0.0,0.0,5,10,1,0
2876,2017-10-29,25c38557cf793876c5abdd5931f922db,0.0,0.0,0.0,0.0,0.0,0.0,0.0,0.0,6,10,1,0
2886,2017-10-30,25c38557cf793876c5abdd5931f922db,0.0,0.0,0.0,0.0,0.0,0.0,0.0,0.0,0,10,0,0
2896,2017-10-31,25c38557cf793876c5abdd5931f922db,0.0,0.0,0.0,0.0,0.0,0.0,0.0,0.0,1,10,0,0
2906,2017-11-01,25c38557cf793876c5abdd5931f922db,0.0,0.0,0.0,0.0,0.0,0.0,0.0,0.0,2,11,0,1
2916,2017-11-02,25c38557cf793876c5abdd5931f922db,0.0,0.0,0.0,0.0,0.0,0.0,0.0,0.0,3,11,0,1
2926,2017-11-03,25c38557cf793876c5abdd5931f922db,0.0,0.0,0.0,0.0,0.0,0.0,0.0,0.0,4,11,0,1
2936,2017-11-04,25c38557cf793876c5abdd5931f922db,0.0,0.0,0.0,0.0,0.0,0.0,0.0,0.0,5,11,1,1
2946,2017-11-05,25c38557cf793876c5abdd5931f922db,0.0,0.0,0.0,0.0,0.0,0.0,0.0,0.0,6,11,1,1
2956,2017-11-06,25c38557cf793876c5abdd5931f922db,0.0,0.0,0.0,0.0,0.0,0.0,0.0,0.0,0,11,0,1
2966,2017-11-07,25c38557cf793876c5abdd5931f922db,0.0,0.0,0.0,0.0,0.0,0.0,0.0,0.0,1,11,0,1
2976,2017-11-08,25c38557cf793876c5abdd5931f922db,0.0,0.0,0.0,0.0,0.0,0.0,0.0,0.0,2,11,0,1
2986,2017-11-09,25c38557cf793876c5abdd5931f922db,0.0,0.0,0.0,0.0,0.0,0.0,0.0,0.0,3,11,0,1
2996,2017-11-10,25c38557cf793876c5abdd5931f922db,0.0,0.0,0.0,0.0,0.0,0.0,0.0,0.0,4,11,0,1
3006,2017-11-11,25c38557cf793876c5abdd5931f922db,0.0,0.0,0.0,0.0,0.0,0.0,0.0,0.0,5,11,1,1
3016,2017-11-12,25c38557cf793876c5abdd5931f922db,0.0,0.0,0.0,0.0,0.0,0.0,0.0,0.0,6,11,1,1
3026,2017-11-13,25c38557cf793876c5abdd5931f922db,0.0,0.0,0.0,0.0,0.0,0.0,0.0,0.0,0,11,0,1
3036,2017-11-14,25c38557cf793876c5abdd5931f922db,0.0,0.0,0.0,0.0,0.0,0.0,0.0,0.0,1,11,0,1
3046,2017-11-15,25c38557cf793876c5abdd5931f922db,0.0,0.0,0.0,0.0,0.0,0.0,0.0,0.0,2,11,0,1
3056,2017-11-16,25c38557cf793876c5abdd5931f922db,0.0,0.0,0.0,0.0,0.0,0.0,0.0,0.0,3,11,0,1
3066,2017-11-17,25c38557cf793876c5abdd5931f922db,0.0,0.0,0.0,0.0,0.0,0.0,0.0,0.0,4,11,0,1
3076,2017-11-18,25c38557cf793876c5abdd5931f922db,0.0,0.0,0.0,0.0,0.0,0.0,0.0,0.0,5,11,1,1
3086,2017-11-19,25c38557cf793876c5abdd5931f922db,0.0,0.0,0.0,0.0,0.0,0.0,0.0,0.0,6,11,1,1
3096,2017-11-20,25c38557cf793876c5abdd5931f922db,0.0,0.0,0.0,0.0,0.0,0.0,0.0,0.0,0,11,0,1
3106,2017-11-21,25c38557cf793876c5abdd5931f922db,0.0,0.0,0.0,0.0,0.0,0.0,0.0,0.0,1,11,0,1
3116,2017-11-22,25c38557cf793876c5abdd5931f922db,0.0,0.0,0.0,0.0,0.0,0.0,0.0,0.0,2,11,0,1
3126,2017-11-23,25c38557cf793876c5abdd5931f922db,0.0,0.0,0.0,0.0,0.0,0.0,0.0,0.0,3,11,0,1
3136,2017-11-24,25c38557cf793876c5abdd5931f922db,0.0,0.0,0.0,0.0,0.0,0.0,0.0,0.0,4,11,0,1
3146,2017-11-25,25c38557cf793876c5abdd5931f922db,0.0,0.0,0.0,0.0,0.0,0.0,0.0,0.0,5,11,1,1
3156,2017-11-26,25c38557cf793876c5abdd5931f922db,0.0,0.0,0.0,0.0,0.0,0.0,0.0,0.0,6,11,1,1
3166,2017-11-27,25c38557cf793876c5abdd5931f922db,0.0,0.0,0.0,0.0,0.0,0.0,0.0,0.0,0,11,0,1
3176,2017-11-28,25c38557cf793876c5abdd5931f922db,0.0,0.0,0.0,0.0,0.0,0.0,0.0,0.0,1,11,0,1
3186,2017-11-29,25c38557cf793876c5abdd5931f922db,0.0,0.0,0.0,0.0,0.0,0.0,0.0,0.0,2,11,0,1
3196,2017-11-30,25c38557cf793876c5abdd5931f922db,0.0,0.0,0.0,0.0,0.0,0.0,0.0,0.0,3,11,0,1
3206,2017-12-01,25c38557cf793876c5abdd5931f922db,0.0,0.0,0.0,0.0,0.0,0.0,0.0,0.0,4,12,0,0
3216,2017-12-02,25c38557cf793876c5abdd5931f922db,0.0,0.0,0.0,0.0,0.0,0.0,0.0,0.0,5,12,1,0
3226,2017-12-03,25c38557cf793876c5abdd5931f922db,0.0,0.0,0.0,0.0,0.0,0.0,0.0,0.0,6,12,1,0
3236,2017-12-04,25c38557cf793876c5abdd5931f922db,0.0,0.0,0.0,0.0,0.0,0.0,0.0,0.0,0,12,0,0
3246,2017-12-05,25c38557cf793876c5abdd5931f922db,0.0,0.0,0.0,0.0,0.0,0.0,0.0,0.0,1,12,0,0
3256,2017-12-06,25c38557cf793876c5abdd5931f922db,0.0,0.0,0.0,0.0,0.0,0.0,0.0,0.0,2,12,0,0
3266,2017-12-07,25c38557cf793876c5abdd5931f922db,0.0,0.0,0.0,0.0,0.0,0.0,0.0,0.0,3,12,0,0
3276,2017-12-08,25c38557cf793876c5abdd5931f922db,0.0,0.0,0.0,0.0,0.0,0.0,0.0,0.0,4,12,0,0
3286,2017-12-09,25c38557cf793876c5abdd5931f922db,0.0,0.0,0.0,0.0,0.0,0.0,0.0,0.0,5,12,1,0
3296,2017-12-10,25c38557cf793876c5abdd5931f922db,0.0,0.0,0.0,0.0,0.0,0.0,0.0,0.0,6,12,1,0
3306,2017-12-11,25c38557cf793876c5abdd5931f922db,1.0,0.0,0.0,0.0,0.0,0.14285714285714285,0.37796447300922725,1.0,0,12,0,0
3316,2017-12-12,25c38557cf793876c5abdd5931f922db,0.0,1.0,0.0,0.0,0.0,0.14285714285714285,0.37796447300922725,-1.0,1,12,0,0
3326,2017-12-13,25c38557cf793876c5abdd5931f922db,0.0,0.0,1.0,0.0,0.0,0.14285714285714285,0.37796447300922725,0.0,2,12,0,0
3336,2017-12-14,25c38557cf793876c5abdd5931f922db,0.0,0.0,0.0,1.0,0.0,0.14285714285714285,0.37796447300922725,0.0,3,12,0,0
3346,2017-12-15,25c38557cf793876c5abdd5931f922db,0.0,0.0,0.0,0.0,0.0,0.14285714285714285,0.37796447300922725,0.0,4,12,0,0
3356,2017-12-16,25c38557cf793876c5abdd5931f922db,0.0,0.0,0.0,0.0,0.0,0.14285714285714285,0.37796447300922725,0.0,5,12,1,0
3366,2017-12-17,25c38557cf793876c5abdd5931f922db,0.0,0.0,0.0,0.0,0.0,0.14285714285714285,0.37796447300922725,0.0,6,12,1,0
3376,2017-12-18,25c38557cf793876c5abdd5931f922db,1.0,0.0,0.0,0.0,1.0,0.14285714285714285,0.37796447300922725,1.0,0,12,0,0
3386,2017-12-19,25c38557cf793876c5abdd5931f922db,0.0,1.0,0.0,0.0,0.0,0.14285714285714285,0.37796447300922725,-1.0,1,12,0,0
3396,2017-12-20,25c38557cf793876c5abdd5931f922db,1.0,0.0,1.0,0.0,0.0,0.2857142857142857,0.4879500364742666,1.0,2,12,0,0
3406,2017-12-21,25c38557cf793876c5abdd5931f922db,0.0,1.0,0.0,1.0,0.0,0.2857142857142857,0.48795003647426666,-1.0,3,12,0,0
3416,2017-12-22,25c38557cf793876c5abdd5931f922db,0.0,0.0,1.0,0.0,0.0,0.2857142857142857,0.48795003647426666,0.0,4,12,0,0
3426,2017-12-23,25c38557cf793876c5abdd5931f922db,0.0,0.0,0.0,1.0,0.0,0.2857142857142857,0.48795003647426666,0.0,5,12,1,0
3436,2017-12-24,25c38557cf793876c5abdd5931f922db,0.0,0.0,0.0,0.0,0.0,0.2857142857142857,0.48795003647426666,0.0,6,12,1,0
3446,2017-12-25,25c38557cf793876c5abdd5931f922db,0.0,0.0,0.0,0.0,1.0,0.14285714285714285,0.3779644730092273,0.0,0,12,0,0
3456,2017-12-26,25c38557cf793876c5abdd5931f922db,0.0,0.0,0.0,0.0,0.0,0.14285714285714285,0.3779644730092273,0.0,1,12,0,0
3466,2017-12-27,25c38557cf793876c5abdd5931f922db,0.0,0.0,0.0,0.0,1.0,0.0,0.0,0.0,2,12,0,0
3476,2017-12-28,25c38557cf793876c5abdd5931f922db,0.0,0.0,0.0,0.0,0.0,0.0,0.0,0.0,3,12,0,0
3486,2017-12-29,25c38557cf793876c5abdd5931f922db,0.0,0.0,0.0,0.0,0.0,0.0,0.0,0.0,4,12,0,0
3496,2017-12-30,25c38557cf793876c5abdd5931f922db,0.0,0.0,0.0,0.0,0.0,0.0,0.0,0.0,5,12,1,0
3506,2017-12-31,25c38557cf793876c5abdd5931f922db,0.0,0.0,0.0,0.0,0.0,0.0,0.0,0.0,6,12,1,0
3516,2018-01-01,25c38557cf793876c5abdd5931f922db,0.0,0.0,0.0,0.0,0.0,0.0,0.0,0.0,0,1,0,0
3526,2018-01-02,25c38557cf793876c5abdd5931f922db,0.0,0.0,0.0,0.0,0.0,0.0,0.0,0.0,1,1,0,0
3536,2018-01-03,25c38557cf793876c5abdd5931f922db,1.0,0.0,0.0,0.0,0.0,0.14285714285714285,0.37796447300922725,1.0,2,1,0,0
3546,2018-01-04,25c38557cf793876c5abdd5931f922db,0.0,1.0,0.0,0.0,0.0,0.14285714285714285,0.37796447300922725,-1.0,3,1,0,0
3556,2018-01-05,25c38557cf793876c5abdd5931f922db,0.0,0.0,1.0,0.0,0.0,0.14285714285714285,0.37796447300922725,0.0,4,1,0,0
3566,2018-01-06,25c38557cf793876c5abdd5931f922db,0.0,0.0,0.0,1.0,0.0,0.14285714285714285,0.37796447300922725,0.0,5,1,1,0
3576,2018-01-07,25c38557cf793876c5abdd5931f922db,0.0,0.0,0.0,0.0,0.0,0.14285714285714285,0.37796447300922725,0.0,6,1,1,0
3586,2018-01-08,25c38557cf793876c5abdd5931f922db,1.0,0.0,0.0,0.0,0.0,0.2857142857142857,0.4879500364742666,1.0,0,1,0,0
3596,2018-01-09,25c38557cf793876c5abdd5931f922db,0.0,1.0,0.0,0.0,0.0,0.2857142857142857,0.48795003647426666,-1.0,1,1,0,0
3606,2018-01-10,25c38557cf793876c5abdd5931f922db,0.0,0.0,1.0,0.0,1.0,0.14285714285714285,0.3779644730092273,0.0,2,1,0,0
3616,2018-01-11,25c38557cf793876c5abdd5931f922db,0.0,0.0,0.0,1.0,0.0,0.14285714285714285,0.3779644730092273,0.0,3,1,0,0
3626,2018-01-12,25c38557cf793876c5abdd5931f922db,0.0,0.0,0.0,0.0,0.0,0.14285714285714285,0.3779644730092273,0.0,4,1,0,0
3636,2018-01-13,25c38557cf793876c5abdd5931f922db,0.0,0.0,0.0,0.0,0.0,0.14285714285714285,0.3779644730092273,0.0,5,1,1,0
3646,2018-01-14,25c38557cf793876c5abdd5931f922db,0.0,0.0,0.0,0.0,0.0,0.14285714285714285,0.3779644730092273,0.0,6,1,1,0
3656,2018-01-15,25c38557cf793876c5abdd5931f922db,0.0,0.0,0.0,0.0,1.0,0.0,0.0,0.0,0,1,0,0
3666,2018-01-16,25c38557cf793876c5abdd5931f922db,0.0,0.0,0.0,0.0,0.0,0.0,0.0,0.0,1,1,0,0
3676,2018-01-17,25c38557cf793876c5abdd5931f922db,1.0,0.0,0.0,0.0,0.0,0.14285714285714285,0.37796447300922725,1.0,2,1,0,0
3686,2018-01-18,25c38557cf793876c5abdd5931f922db,0.0,1.0,0.0,0.0,0.0,0.14285714285714285,0.37796447300922725,-1.0,3,1,0,0
3696,2018-01-19,25c38557cf793876c5abdd5931f922db,0.0,0.0,1.0,0.0,0.0,0.14285714285714285,0.37796447300922725,0.0,4,1,0,0
3706,2018-01-20,25c38557cf793876c5abdd5931f922db,0.0,0.0,0.0,1.0,0.0,0.14285714285714285,0.37796447300922725,0.0,5,1,1,0
3716,2018-01-21,25c38557cf793876c5abdd5931f922db,0.0,0.0,0.0,0.0,0.0,0.14285714285714285,0.37796447300922725,0.0,6,1,1,0
3726,2018-01-22,25c38557cf793876c5abdd5931f922db,0.0,0.0,0.0,0.0,0.0,0.14285714285714285,0.37796447300922725,0.0,0,1,0,0
3736,2018-01-23,25c38557cf793876c5abdd5931f922db,0.0,0.0,0.0,0.0,0.0,0.14285714285714285,0.37796447300922725,0.0,1,1,0,0
3746,2018-01-24,25c38557cf793876c5abdd5931f922db,0.0,0.0,0.0,0.0,1.0,0.0,0.0,0.0,2,1,0,0
3756,2018-01-25,25c38557cf793876c5abdd5931f922db,0.0,0.0,0.0,0.0,0.0,0.0,0.0,0.0,3,1,0,0
3766,2018-01-26,25c38557cf793876c5abdd5931f922db,0.0,0.0,0.0,0.0,0.0,0.0,0.0,0.0,4,1,0,0
3776,2018-01-27,25c38557cf793876c5abdd5931f922db,0.0,0.0,0.0,0.0,0.0,0.0,0.0,0.0,5,1,1,0
3786,2018-01-28,25c38557cf793876c5abdd5931f922db,0.0,0.0,0.0,0.0,0.0,0.0,0.0,0.0,6,1,1,0
3796,2018-01-29,25c38557cf793876c5abdd5931f922db,0.0,0.0,0.0,0.0,0.0,0.0,0.0,0.0,0,1,0,0
3806,2018-01-30,25c38557cf793876c5abdd5931f922db,0.0,0.0,0.0,0.0,0.0,0.0,0.0,0.0,1,1,0,0
3816,2018-01-31,25c38557cf793876c5abdd5931f922db,0.0,0.0,0.0,0.0,0.0,0.0,0.0,0.0,2,1,0,0
3826,2018-02-01,25c38557cf793876c5abdd5931f922db,0.0,0.0,0.0,0.0,0.0,0.0,0.0,0.0,3,2,0,0
3836,2018-02-02,25c38557cf793876c5abdd5931f922db,0.0,0.0,0.0,0.0,0.0,0.0,0.0,0.0,4,2,0,0
3846,2018-02-03,25c38557cf793876c5abdd5931f922db,0.0,0.0,0.0,0.0,0.0,0.0,0.0,0.0,5,2,1,0
3856,2018-02-04,25c38557cf793876c5abdd5931f922db,0.0,0.0,0.0,0.0,0.0,0.0,0.0,0.0,6,2,1,0
3866,2018-02-05,25c38557cf793876c5abdd5931f922db,0.0,0.0,0.0,0.0,0.0,0.0,0.0,0.0,0,2,0,0
3876,2018-02-06,25c38557cf793876c5abdd5931f922db,0.0,0.0,0.0,0.0,0.0,0.0,0.0,0.0,1,2,0,0
3886,2018-02-07,25c38557cf793876c5abdd5931f922db,0.0,0.0,0.0,0.0,0.0,0.0,0.0,0.0,2,2,0,0
3896,2018-02-08,25c38557cf793876c5abdd5931f922db,0.0,0.0,0.0,0.0,0.0,0.0,0.0,0.0,3,2,0,0
3906,2018-02-09,25c38557cf793876c5abdd5931f922db,0.0,0.0,0.0,0.0,0.0,0.0,0.0,0.0,4,2,0,0
3916,2018-02-10,25c38557cf793876c5abdd5931f922db,0.0,0.0,0.0,0.0,0.0,0.0,0.0,0.0,5,2,1,0
3926,2018-02-11,25c38557cf793876c5abdd5931f922db,0.0,0.0,0.0,0.0,0.0,0.0,0.0,0.0,6,2,1,0
3936,2018-02-12,25c38557cf793876c5abdd5931f922db,0.0,0.0,0.0,0.0,0.0,0.0,0.0,0.0,0,2,0,0
3946,2018-02-13,25c38557cf793876c5abdd5931f922db,0.0,0.0,0.0,0.0,0.0,0.0,0.0,0.0,1,2,0,0
3956,2018-02-14,25c38557cf793876c5abdd5931f922db,0.0,0.0,0.0,0.0,0.0,0.0,0.0,0.0,2,2,0,0
3966,2018-02-15,25c38557cf793876c5abdd5931f922db,0.0,0.0,0.0,0.0,0.0,0.0,0.0,0.0,3,2,0,0
3976,2018-02-16,25c38557cf793876c5abdd5931f922db,0.0,0.0,0.0,0.0,0.0,0.0,0.0,0.0,4,2,0,0
3986,2018-02-17,25c38557cf793876c5abdd5931f922db,1.0,0.0,0.0,0.0,0.0,0.14285714285714285,0.37796447300922725,1.0,5,2,1,0
3996,2018-02-18,25c38557cf793876c5abdd5931f922db,0.0,1.0,0.0,0.0,0.0,0.14285714285714285,0.37796447300922725,-1.0,6,2,1,0
4006,2018-02-19,25c38557cf793876c5abdd5931f922db,0.0,0.0,1.0,0.0,0.0,0.14285714285714285,0.37796447300922725,0.0,0,2,0,0
4016,2018-02-20,25c38557cf793876c5abdd5931f922db,0.0,0.0,0.0,1.0,0.0,0.14285714285714285,0.37796447300922725,0.0,1,2,0,0
4026,2018-02-21,25c38557cf793876c5abdd5931f922db,0.0,0.0,0.0,0.0,0.0,0.14285714285714285,0.37796447300922725,0.0,2,2,0,0
4036,2018-02-22,25c38557cf793876c5abdd5931f922db,1.0,0.0,0.0,0.0,0.0,0.2857142857142857,0.4879500364742666,1.0,3,2,0,0
4046,2018-02-23,25c38557cf793876c5abdd5931f922db,0.0,1.0,0.0,0.0,0.0,0.2857142857142857,0.48795003647426666,-1.0,4,2,0,0
4056,2018-02-24,25c38557cf793876c5abdd5931f922db,0.0,0.0,1.0,0.0,1.0,0.14285714285714285,0.3779644730092273,0.0,5,2,1,0
4066,2018-02-25,25c38557cf793876c5abdd5931f922db,0.0,0.0,0.0,1.0,0.0,0.14285714285714285,0.3779644730092273,0.0,6,2,1,0
4076,2018-02-26,25c38557cf793876c5abdd5931f922db,1.0,0.0,0.0,0.0,0.0,0.2857142857142857,0.48795003647426666,1.0,0,2,0,0
4086,2018-02-27,25c38557cf793876c5abdd5931f922db,0.0,1.0,0.0,0.0,0.0,0.2857142857142857,0.48795003647426666,-1.0,1,2,0,0
4096,2018-02-28,25c38557cf793876c5abdd5931f922db,1.0,0.0,1.0,0.0,0.0,0.42857142857142855,0.5345224838248488,1.0,2,2,0,0
4106,2018-03-01,25c38557cf793876c5abdd5931f922db,2.0,1.0,0.0,1.0,1.0,0.5714285714285714,0.7867957924694432,1.0,3,3,0,0
4116,2018-03-02,25c38557cf793876c5abdd5931f922db,0.0,2.0,1.0,0.0,0.0,0.5714285714285714,0.7867957924694432,-2.0,4,3,0,0
4126,2018-03-03,25c38557cf793876c5abdd5931f922db,0.0,0.0,2.0,1.0,0.0,0.5714285714285714,0.7867957924694432,0.0,5,3,1,0
4136,2018-03-04,25c38557cf793876c5abdd5931f922db,1.0,0.0,0.0,2.0,0.0,0.7142857142857143,0.7559289460184545,1.0,6,3,1,0
4146,2018-03-05,25c38557cf793876c5abdd5931f922db,0.0,1.0,0.0,0.0,1.0,0.5714285714285714,0.7867957924694432,-1.0,0,3,0,0
4156,2018-03-06,25c38557cf793876c5abdd5931f922db,0.0,0.0,1.0,0.0,0.0,0.5714285714285714,0.7867957924694432,0.0,1,3,0,0
4166,2018-03-07,25c38557cf793876c5abdd5931f922db,0.0,0.0,0.0,1.0,1.0,0.42857142857142855,0.7867957924694432,0.0,2,3,0,0
4176,2018-03-08,25c38557cf793876c5abdd5931f922db,1.0,0.0,0.0,0.0,2.0,0.2857142857142857,0.4879500364742666,1.0,3,3,0,0
4186,2018-03-09,25c38557cf793876c5abdd5931f922db,0.0,1.0,0.0,0.0,0.0,0.2857142857142857,0.4879500364742666,-1.0,4,3,0,0
4196,2018-03-10,25c38557cf793876c5abdd5931f922db,0.0,0.0,1.0,0.0,0.0,0.2857142857142857,0.4879500364742666,0.0,5,3,1,0
4206,2018-03-11,25c38557cf793876c5abdd5931f922db,0.0,0.0,0.0,1.0,1.0,0.14285714285714285,0.37796447300922725,0.0,6,3,1,0
4216,2018-03-12,25c38557cf793876c5abdd5931f922db,0.0,0.0,0.0,0.0,0.0,0.14285714285714285,0.37796447300922725,0.0,0,3,0,0
4226,2018-03-13,25c38557cf793876c5abdd5931f922db,1.0,0.0,0.0,0.0,0.0,0.2857142857142857,0.4879500364742666,1.0,1,3,0,0
4236,2018-03-14,25c38557cf793876c5abdd5931f922db,0.0,1.0,0.0,0.0,0.0,0.2857142857142857,0.4879500364742666,-1.0,2,3,0,0
4246,2018-03-15,25c38557cf793876c5abdd5931f922db,1.0,0.0,1.0,0.0,1.0,0.2857142857142857,0.4879500364742666,1.0,3,3,0,0
4256,2018-03-16,25c38557cf793876c5abdd5931f922db,1.0,1.0,0.0,1.0,0.0,0.42857142857142855,0.5345224838248487,0.0,4,3,0,0
4266,2018-03-17,25c38557cf793876c5abdd5931f922db,0.0,1.0,1.0,0.0,0.0,0.42857142857142855,0.5345224838248487,-1.0,5,3,1,0
4276,2018-03-18,25c38557cf793876c5abdd5931f922db,0.0,0.0,1.0,1.0,0.0,0.42857142857142855,0.5345224838248487,0.0,6,3,1,0
4286,2018-03-19,25c38557cf793876c5abdd5931f922db,1.0,0.0,0.0,1.0,0.0,0.5714285714285714,0.5345224838248487,1.0,0,3,0,0
4296,2018-03-20,25c38557cf793876c5abdd5931f922db,0.0,1.0,0.0,0.0,1.0,0.42857142857142855,0.5345224838248487,-1.0,1,3,0,0
4306,2018-03-21,25c38557cf793876c5abdd5931f922db,1.0,0.0,1.0,0.0,0.0,0.5714285714285714,0.5345224838248487,1.0,2,3,0,0
4316,2018-03-22,25c38557cf793876c5abdd5931f922db,0.0,1.0,0.0,1.0,1.0,0.42857142857142855,0.5345224838248487,-1.0,3,3,0,0
4326,2018-03-23,25c38557cf793876c5abdd5931f922db,1.0,0.0,1.0,0.0,1.0,0.42857142857142855,0.5345224838248487,1.0,4,3,0,0
4336,2018-03-24,25c38557cf793876c5abdd5931f922db,2.0,1.0,0.0,1.0,0.0,0.7142857142857143,0.7559289460184544,1.0,5,3,1,0
4346,2018-03-25,25c38557cf793876c5abdd5931f922db,2.0,2.0,1.0,0.0,0.0,1.0,0.8164965809277259,0.0,6,3,1,0
4356,2018-03-26,25c38557cf793876c5abdd5931f922db,1.0,2.0,2.0,1.0,1.0,1.0,0.8164965809277259,-1.0,0,3,0,0
4366,2018-03-27,25c38557cf793876c5abdd5931f922db,2.0,1.0,2.0,2.0,0.0,1.2857142857142858,0.7559289460184543,1.0,1,3,0,0
4376,2018-03-28,25c38557cf793876c5abdd5931f922db,1.0,2.0,1.0,2.0,1.0,1.2857142857142858,0.7559289460184543,-1.0,2,3,0,0
4386,2018-03-29,25c38557cf793876c5abdd5931f922db,1.0,1.0,2.0,1.0,0.0,1.4285714285714286,0.5345224838248483,0.0,3,3,0,0
4396,2018-03-30,25c38557cf793876c5abdd5931f922db,0.0,1.0,1.0,2.0,1.0,1.2857142857142858,0.7559289460184543,-1.0,4,3,0,0
4406,2018-03-31,25c38557cf793876c5abdd5931f922db,0.0,0.0,1.0,1.0,2.0,1.0,0.8164965809277259,0.0,5,3,1,0
4416,2018-04-01,25c38557cf793876c5abdd5931f922db,1.0,0.0,0.0,1.0,2.0,0.8571428571428571,0.6900655593423541,1.0,6,4,1,0
4426,2018-04-02,25c38557cf793876c5abdd5931f922db,0.0,1.0,0.0,0.0,1.0,0.7142857142857143,0.7559289460184544,-1.0,0,4,0,0
4436,2018-04-03,25c38557cf793876c5abdd5931f922db,0.0,0.0,1.0,0.0,2.0,0.42857142857142855,0.5345224838248488,0.0,1,4,0,0
4446,2018-04-04,25c38557cf793876c5abdd5931f922db,0.0,0.0,0.0,1.0,1.0,0.2857142857142857,0.48795003647426666,0.0,2,4,0,0
4456,2018-04-05,25c38557cf793876c5abdd5931f922db,0.0,0.0,0.0,0.0,1.0,0.14285714285714285,0.3779644730092273,0.0,3,4,0,0
4466,2018-04-06,25c38557cf793876c5abdd5931f922db,0.0,0.0,0.0,0.0,0.0,0.14285714285714285,0.3779644730092273,0.0,4,4,0,0
4476,2018-04-07,25c38557cf793876c5abdd5931f922db,1.0,0.0,0.0,0.0,0.0,0.2857142857142857,0.48795003647426666,1.0,5,4,1,0
4486,2018-04-08,25c38557cf793876c5abdd5931f922db,1.0,1.0,0.0,0.0,1.0,0.2857142857142857,0.48795003647426666,0.0,6,4,1,0
4496,2018-04-09,25c38557cf793876c5abdd5931f922db,2.0,1.0,1.0,0.0,0.0,0.5714285714285714,0.7867957924694431,1.0,0,4,0,0
4506,2018-04-10,25c38557cf793876c5abdd5931f922db,0.0,2.0,1.0,1.0,0.0,0.5714285714285714,0.7867957924694431,-2.0,1,4,0,0
4516,2018-04-11,25c38557cf793876c5abdd5931f922db,0.0,0.0,2.0,1.0,0.0,0.5714285714285714,0.7867957924694431,0.0,2,4,0,0
4526,2018-04-12,25c38557cf793876c5abdd5931f922db,0.0,0.0,0.0,2.0,0.0,0.5714285714285714,0.7867957924694431,0.0,3,4,0,0
4536,2018-04-13,25c38557cf793876c5abdd5931f922db,1.0,0.0,0.0,0.0,0.0,0.7142857142857143,0.7559289460184544,1.0,4,4,0,0
4546,2018-04-14,25c38557cf793876c5abdd5931f922db,0.0,1.0,0.0,0.0,1.0,0.5714285714285714,0.7867957924694431,-1.0,5,4,1,0
4556,2018-04-15,25c38557cf793876c5abdd5931f922db,0.0,0.0,1.0,0.0,1.0,0.42857142857142855,0.7867957924694432,0.0,6,4,1,0
4566,2018-04-16,25c38557cf793876c5abdd5931f922db,0.0,0.0,0.0,1.0,2.0,0.14285714285714285,0.37796447300922725,0.0,0,4,0,0
4576,2018-04-17,25c38557cf793876c5abdd5931f922db,0.0,0.0,0.0,0.0,0.0,0.14285714285714285,0.37796447300922725,0.0,1,4,0,0
4586,2018-04-18,25c38557cf793876c5abdd5931f922db,0.0,0.0,0.0,0.0,0.0,0.14285714285714285,0.37796447300922725,0.0,2,4,0,0
4596,2018-04-19,25c38557cf793876c5abdd5931f922db,1.0,0.0,0.0,0.0,0.0,0.2857142857142857,0.4879500364742666,1.0,3,4,0,0
4606,2018-04-20,25c38557cf793876c5abdd5931f922db,0.0,1.0,0.0,0.0,1.0,0.14285714285714285,0.37796447300922725,-1.0,4,4,0,0
4616,2018-04-21,25c38557cf793876c5abdd5931f922db,0.0,0.0,1.0,0.0,0.0,0.14285714285714285,0.37796447300922725,0.0,5,4,1,0
4626,2018-04-22,25c38557cf793876c5abdd5931f922db,0.0,0.0,0.0,1.0,0.0,0.14285714285714285,0.37796447300922725,0.0,6,4,1,0
4636,2018-04-23,25c38557cf793876c5abdd5931f922db,0.0,0.0,0.0,0.0,0.0,0.14285714285714285,0.37796447300922725,0.0,0,4,0,0
4646,2018-04-24,25c38557cf793876c5abdd5931f922db,1.0,0.0,0.0,0.0,0.0,0.2857142857142857,0.4879500364742666,1.0,1,4,0,0
4656,2018-04-25,25c38557cf793876c5abdd5931f922db,0.0,1.0,0.0,0.0,0.0,0.2857142857142857,0.4879500364742666,-1.0,2,4,0,0
4666,2018-04-26,25c38557cf793876c5abdd5931f922db,0.0,0.0,1.0,0.0,1.0,0.14285714285714285,0.37796447300922725,0.0,3,4,0,0
4676,2018-04-27,25c38557cf793876c5abdd5931f922db,0.0,0.0,0.0,1.0,0.0,0.14285714285714285,0.37796447300922725,0.0,4,4,0,0
4686,2018-04-28,25c38557cf793876c5abdd5931f922db,0.0,0.0,0.0,0.0,0.0,0.14285714285714285,0.37796447300922725,0.0,5,4,1,0
4696,2018-04-29,25c38557cf793876c5abdd5931f922db,0.0,0.0,0.0,0.0,0.0,0.14285714285714285,0.37796447300922725,0.0,6,4,1,0
4706,2018-04-30,25c38557cf793876c5abdd5931f922db,1.0,0.0,0.0,0.0,0.0,0.2857142857142857,0.4879500364742666,1.0,0,4,0,0
4716,2018-05-01,25c38557cf793876c5abdd5931f922db,0.0,1.0,0.0,0.0,1.0,0.14285714285714285,0.37796447300922725,-1.0,1,5,0,0
4726,2018-05-02,25c38557cf793876c5abdd5931f922db,0.0,0.0,1.0,0.0,0.0,0.14285714285714285,0.37796447300922725,0.0,2,5,0,0
4736,2018-05-03,25c38557cf793876c5abdd5931f922db,0.0,0.0,0.0,1.0,0.0,0.14285714285714285,0.37796447300922725,0.0,3,5,0,0
4746,2018-05-04,25c38557cf793876c5abdd5931f922db,0.0,0.0,0.0,0.0,0.0,0.14285714285714285,0.37796447300922725,0.0,4,5,0,0
4756,2018-05-05,25c38557cf793876c5abdd5931f922db,0.0,0.0,0.0,0.0,0.0,0.14285714285714285,0.37796447300922725,0.0,5,5,1,0
4766,2018-05-06,25c38557cf793876c5abdd5931f922db,0.0,0.0,0.0,0.0,0.0,0.14285714285714285,0.37796447300922725,0.0,6,5,1,0
4776,2018-05-07,25c38557cf793876c5abdd5931f922db,0.0,0.0,0.0,0.0,1.0,0.0,0.0,0.0,0,5,0,0
4786,2018-05-08,25c38557cf793876c5abdd5931f922db,0.0,0.0,0.0,0.0,0.0,0.0,0.0,0.0,1,5,0,0
4796,2018-05-09,25c38557cf793876c5abdd5931f922db,0.0,0.0,0.0,0.0,0.0,0.0,0.0,0.0,2,5,0,0
4806,2018-05-10,25c38557cf793876c5abdd5931f922db,0.0,0.0,0.0,0.0,0.0,0.0,0.0,0.0,3,5,0,0
4816,2018-05-11,25c38557cf793876c5abdd5931f922db,0.0,0.0,0.0,0.0,0.0,0.0,0.0,0.0,4,5,0,0
4826,2018-05-12,25c38557cf793876c5abdd5931f922db,0.0,0.0,0.0,0.0,0.0,0.0,0.0,0.0,5,5,1,0
4836,2018-05-13,25c38557cf793876c5abdd5931f922db,0.0,0.0,0.0,0.0,0.0,0.0,0.0,0.0,6,5,1,0
4846,2018-05-14,25c38557cf793876c5abdd5931f922db,0.0,0.0,0.0,0.0,0.0,0.0,0.0,0.0,0,5,0,0
4856,2018-05-15,25c38557cf793876c5abdd5931f922db,0.0,0.0,0.0,0.0,0.0,0.0,0.0,0.0,1,5,0,0
4866,2018-05-16,25c38557cf793876c5abdd5931f922db,0.0,0.0,0.0,0.0,0.0,0.0,0.0,0.0,2,5,0,0
4876,2018-05-17,25c38557cf793876c5abdd5931f922db,0.0,0.0,0.0,0.0,0.0,0.0,0.0,0.0,3,5,0,0
4886,2018-05-18,25c38557cf793876c5abdd5931f922db,0.0,0.0,0.0,0.0,0.0,0.0,0.0,0.0,4,5,0,0
4896,2018-05-19,25c38557cf793876c5abdd5931f922db,0.0,0.0,0.0,0.0,0.0,0.0,0.0,0.0,5,5,1,0
4906,2018-05-20,25c38557cf793876c5abdd5931f922db,0.0,0.0,0.0,0.0,0.0,0.0,0.0,0.0,6,5,1,0
4916,2018-05-21,25c38557cf793876c5abdd5931f922db,0.0,0.0,0.0,0.0,0.0,0.0,0.0,0.0,0,5,0,0
4926,2018-05-22,25c38557cf793876c5abdd5931f922db,0.0,0.0,0.0,0.0,0.0,0.0,0.0,0.0,1,5,0,0
4936,2018-05-23,25c38557cf793876c5abdd5931f922db,0.0,0.0,0.0,0.0,0.0,0.0,0.0,0.0,2,5,0,0
4946,2018-05-24,25c38557cf793876c5abdd5931f922db,0.0,0.0,0.0,0.0,0.0,0.0,0.0,0.0,3,5,0,0
4956,2018-05-25,25c38557cf793876c5abdd5931f922db,0.0,0.0,0.0,0.0,0.0,0.0,0.0,0.0,4,5,0,0
4966,2018-05-26,25c38557cf793876c5abdd5931f922db,0.0,0.0,0.0,0.0,0.0,0.0,0.0,0.0,5,5,1,0
4976,2018-05-27,25c38557cf793876c5abdd5931f922db,0.0,0.0,0.0,0.0,0.0,0.0,0.0,0.0,6,5,1,0
4986,2018-05-28,25c38557cf793876c5abdd5931f922db,0.0,0.0,0.0,0.0,0.0,0.0,0.0,0.0,0,5,0,0
4996,2018-05-29,25c38557cf793876c5abdd5931f922db,0.0,0.0,0.0,0.0,0.0,0.0,0.0,0.0,1,5,0,0
5006,2018-05-30,25c38557cf793876c5abdd5931f922db,0.0,0.0,0.0,0.0,0.0,0.0,0.0,0.0,2,5,0,0
5016,2018-05-31,25c38557cf793876c5abdd5931f922db,0.0,0.0,0.0,0.0,0.0,0.0,0.0,0.0,3,5,0,0
5026,2018-06-01,25c38557cf793876c5abdd5931f922db,0.0,0.0,0.0,0.0,0.0,0.0,0.0,0.0,4,6,0,0
5036,2018-06-02,25c38557cf793876c5abdd5931f922db,0.0,0.0,0.0,0.0,0.0,0.0,0.0,0.0,5,6,1,0
5046,2018-06-03,25c38557cf793876c5abdd5931f922db,0.0,0.0,0.0,0.0,0.0,0.0,0.0,0.0,6,6,1,0
5056,2018-06-04,25c38557cf793876c5abdd5931f922db,0.0,0.0,0.0,0.0,0.0,0.0,0.0,0.0,0,6,0,0
5066,2018-06-05,25c38557cf793876c5abdd5931f922db,0.0,0.0,0.0,0.0,0.0,0.0,0.0,0.0,1,6,0,0
5076,2018-06-06,25c38557cf793876c5abdd5931f922db,0.0,0.0,0.0,0.0,0.0,0.0,0.0,0.0,2,6,0,0
5086,2018-06-07,25c38557cf793876c5abdd5931f922db,0.0,0.0,0.0,0.0,0.0,0.0,0.0,0.0,3,6,0,0
5096,2018-06-08,25c38557cf793876c5abdd5931f922db,0.0,0.0,0.0,0.0,0.0,0.0,0.0,0.0,4,6,0,0
5106,2018-06-09,25c38557cf793876c5abdd5931f922db,0.0,0.0,0.0,0.0,0.0,0.0,0.0,0.0,5,6,1,0
5116,2018-06-10,25c38557cf793876c5abdd5931f922db,0.0,0.0,0.0,0.0,0.0,0.0,0.0,0.0,6,6,1,0
5126,2018-06-11,25c38557cf793876c5abdd5931f922db,0.0,0.0,0.0,0.0,0.0,0.0,0.0,0.0,0,6,0,0
5136,2018-06-12,25c38557cf793876c5abdd5931f922db,0.0,0.0,0.0,0.0,0.0,0.0,0.0,0.0,1,6,0,0
5146,2018-06-13,25c38557cf793876c5abdd5931f922db,0.0,0.0,0.0,0.0,0.0,0.0,0.0,0.0,2,6,0,0
5156,2018-06-14,25c38557cf793876c5abdd5931f922db,0.0,0.0,0.0,0.0,0.0,0.0,0.0,0.0,3,6,0,0
5166,2018-06-15,25c38557cf793876c5abdd5931f922db,0.0,0.0,0.0,0.0,0.0,0.0,0.0,0.0,4,6,0,0
5176,2018-06-16,25c38557cf793876c5abdd5931f922db,0.0,0.0,0.0,0.0,0.0,0.0,0.0,0.0,5,6,1,0
5186,2018-06-17,25c38557cf793876c5abdd5931f922db,0.0,0.0,0.0,0.0,0.0,0.0,0.0,0.0,6,6,1,0
5196,2018-06-18,25c38557cf793876c5abdd5931f922db,0.0,0.0,0.0,0.0,0.0,0.0,0.0,0.0,0,6,0,0
5206,2018-06-19,25c38557cf793876c5abdd5931f922db,0.0,0.0,0.0,0.0,0.0,0.0,0.0,0.0,1,6,0,0
5216,2018-06-20,25c38557cf793876c5abdd5931f922db,0.0,0.0,0.0,0.0,0.0,0.0,0.0,0.0,2,6,0,0
5226,2018-06-21,25c38557cf793876c5abdd5931f922db,0.0,0.0,0.0,0.0,0.0,0.0,0.0,0.0,3,6,0,0
5236,2018-06-22,25c38557cf793876c5abdd5931f922db,0.0,0.0,0.0,0.0,0.0,0.0,0.0,0.0,4,6,0,0
5246,2018-06-23,25c38557cf793876c5abdd5931f922db,0.0,0.0,0.0,0.0,0.0,0.0,0.0,0.0,5,6,1,0
5256,2018-06-24,25c38557cf793876c5abdd5931f922db,0.0,0.0,0.0,0.0,0.0,0.0,0.0,0.0,6,6,1,0
5266,2018-06-25,25c38557cf793876c5abdd5931f922db,0.0,0.0,0.0,0.0,0.0,0.0,0.0,0.0,0,6,0,0
5276,2018-06-26,25c38557cf793876c5abdd5931f922db,0.0,0.0,0.0,0.0,0.0,0.0,0.0,0.0,1,6,0,0
5286,2018-06-27,25c38557cf793876c5abdd5931f922db,0.0,0.0,0.0,0.0,0.0,0.0,0.0,0.0,2,6,0,0
5296,2018-06-28,25c38557cf793876c5abdd5931f922db,0.0,0.0,0.0,0.0,0.0,0.0,0.0,0.0,3,6,0,0
5306,2018-06-29,25c38557cf793876c5abdd5931f922db,0.0,0.0,0.0,0.0,0.0,0.0,0.0,0.0,4,6,0,0
5316,2018-06-30,25c38557cf793876c5abdd5931f922db,0.0,0.0,0.0,0.0,0.0,0.0,0.0,0.0,5,6,1,0
5326,2018-07-01,25c38557cf793876c5abdd5931f922db,0.0,0.0,0.0,0.0,0.0,0.0,0.0,0.0,6,7,1,0
5336,2018-07-02,25c38557cf793876c5abdd5931f922db,0.0,0.0,0.0,0.0,0.0,0.0,0.0,0.0,0,7,0,0
5346,2018-07-03,25c38557cf793876c5abdd5931f922db,0.0,0.0,0.0,0.0,0.0,0.0,0.0,0.0,1,7,0,0
5356,2018-07-04,25c38557cf793876c5abdd5931f922db,0.0,0.0,0.0,0.0,0.0,0.0,0.0,0.0,2,7,0,0
5366,2018-07-05,25c38557cf793876c5abdd5931f922db,0.0,0.0,0.0,0.0,0.0,0.0,0.0,0.0,3,7,0,0
5376,2018-07-06,25c38557cf793876c5abdd5931f922db,0.0,0.0,0.0,0.0,0.0,0.0,0.0,0.0,4,7,0,0
5386,2018-07-07,25c38557cf793876c5abdd5931f922db,0.0,0.0,0.0,0.0,0.0,0.0,0.0,0.0,5,7,1,0
5396,2018-07-08,25c38557cf793876c5abdd5931f922db,0.0,0.0,0.0,0.0,0.0,0.0,0.0,0.0,6,7,1,0
5406,2018-07-09,25c38557cf793876c5abdd5931f922db,0.0,0.0,0.0,0.0,0.0,0.0,0.0,0.0,0,7,0,0
5416,2018-07-10,25c38557cf793876c5abdd5931f922db,0.0,0.0,0.0,0.0,0.0,0.0,0.0,0.0,1,7,0,0
5426,2018-07-11,25c38557cf793876c5abdd5931f922db,0.0,0.0,0.0,0.0,0.0,0.0,0.0,0.0,2,7,0,0
5436,2018-07-12,25c38557cf793876c5abdd5931f922db,0.0,0.0,0.0,0.0,0.0,0.0,0.0,0.0,3,7,0,0
5446,2018-07-13,25c38557cf793876c5abdd5931f922db,0.0,0.0,0.0,0.0,0.0,0.0,0.0,0.0,4,7,0,0
5456,2018-07-14,25c38557cf793876c5abdd5931f922db,0.0,0.0,0.0,0.0,0.0,0.0,0.0,0.0,5,7,1,0
5466,2018-07-15,25c38557cf793876c5abdd5931f922db,0.0,0.0,0.0,0.0,0.0,0.0,0.0,0.0,6,7,1,0
5476,2018-07-16,25c38557cf793876c5abdd5931f922db,0.0,0.0,0.0,0.0,0.0,0.0,0.0,0.0,0,7,0,0
5486,2018-07-17,25c38557cf793876c5abdd5931f922db,0.0,0.0,0.0,0.0,0.0,0.0,0.0,0.0,1,7,0,0
5496,2018-07-18,25c38557cf793876c5abdd5931f922db,0.0,0.0,0.0,0.0,0.0,0.0,0.0,0.0,2,7,0,0
5506,2018-07-19,25c38557cf793876c5abdd5931f922db,0.0,0.0,0.0,0.0,0.0,0.0,0.0,0.0,3,7,0,0
5516,2018-07-20,25c38557cf793876c5abdd5931f922db,0.0,0.0,0.0,0.0,0.0,0.0,0.0,0.0,4,7,0,0
5526,2018-07-21,25c38557cf793876c5abdd5931f922db,0.0,0.0,0.0,0.0,0.0,0.0,0.0,0.0,5,7,1,0
5536,2018-07-22,25c38557cf793876c5abdd5931f922db,0.0,0.0,0.0,0.0,0.0,0.0,0.0,0.0,6,7,1,0
5546,2018-07-23,25c38557cf793876c5abdd5931f922db,0.0,0.0,0.0,0.0,0.0,0.0,0.0,0.0,0,7,0,0
5556,2018-07-24,25c38557cf793876c5abdd5931f922db,0.0,0.0,0.0,0.0,0.0,0.0,0.0,0.0,1,7,0,0
5566,2018-07-25,25c38557cf793876c5abdd5931f922db,0.0,0.0,0.0,0.0,0.0,0.0,0.0,0.0,2,7,0,0
5576,2018-07-26,25c38557cf793876c5abdd5931f922db,0.0,0.0,0.0,0.0,0.0,0.0,0.0,0.0,3,7,0,0
5586,2018-07-27,25c38557cf793876c5abdd5931f922db,0.0,0.0,0.0,0.0,0.0,0.0,0.0,0.0,4,7,0,0
5596,2018-07-28,25c38557cf793876c5abdd5931f922db,0.0,0.0,0.0,0.0,0.0,0.0,0.0,0.0,5,7,1,0
5606,2018-07-29,25c38557cf793876c5abdd5931f922db,0.0,0.0,0.0,0.0,0.0,0.0,0.0,0.0,6,7,1,0
5616,2018-07-30,25c38557cf793876c5abdd5931f922db,0.0,0.0,0.0,0.0,0.0,0.0,0.0,0.0,0,7,0,0
5626,2018-07-31,25c38557cf793876c5abdd5931f922db,0.0,0.0,0.0,0.0,0.0,0.0,0.0,0.0,1,7,0,0
5636,2018-08-01,25c38557cf793876c5abdd5931f922db,0.0,0.0,0.0,0.0,0.0,0.0,0.0,0.0,2,8,0,0
5646,2018-08-02,25c38557cf793876c5abdd5931f922db,0.0,0.0,0.0,0.0,0.0,0.0,0.0,0.0,3,8,0,0
5656,2018-08-03,25c38557cf793876c5abdd5931f922db,0.0,0.0,0.0,0.0,0.0,0.0,0.0,0.0,4,8,0,0
5666,2018-08-04,25c38557cf793876c5abdd5931f922db,0.0,0.0,0.0,0.0,0.0,0.0,0.0,0.0,5,8,1,0
5676,2018-08-05,25c38557cf793876c5abdd5931f922db,0.0,0.0,0.0,0.0,0.0,0.0,0.0,0.0,6,8,1,0
5686,2018-08-06,25c38557cf793876c5abdd5931f922db,0.0,0.0,0.0,0.0,0.0,0.0,0.0,0.0,0,8,0,0
5696,2018-08-07,25c38557cf793876c5abdd5931f922db,0.0,0.0,0.0,0.0,0.0,0.0,0.0,0.0,1,8,0,0
5706,2018-08-08,25c38557cf793876c5abdd5931f922db,0.0,0.0,0.0,0.0,0.0,0.0,0.0,0.0,2,8,0,0
5716,2018-08-09,25c38557cf793876c5abdd5931f922db,0.0,0.0,0.0,0.0,0.0,0.0,0.0,0.0,3,8,0,0
5726,2018-08-10,25c38557cf793876c5abdd5931f922db,0.0,0.0,0.0,0.0,0.0,0.0,0.0,0.0,4,8,0,0
5736,2018-08-11,25c38557cf793876c5abdd5931f922db,0.0,0.0,0.0,0.0,0.0,0.0,0.0,0.0,5,8,1,0
5746,2018-08-12,25c38557cf793876c5abdd5931f922db,0.0,0.0,0.0,0.0,0.0,0.0,0.0,0.0,6,8,1,0
5756,2018-08-13,25c38557cf793876c5abdd5931f922db,0.0,0.0,0.0,0.0,0.0,0.0,0.0,0.0,0,8,0,0
5766,2018-08-14,25c38557cf793876c5abdd5931f922db,0.0,0.0,0.0,0.0,0.0,0.0,0.0,0.0,1,8,0,0
5776,2018-08-15,25c38557cf793876c5abdd5931f922db,0.0,0.0,0.0,0.0,0.0,0.0,0.0,0.0,2,8,0,0
5786,2018-08-16,25c38557cf793876c5abdd5931f922db,0.0,0.0,0.0,0.0,0.0,0.0,0.0,0.0,3,8,0,0
5796,2018-08-17,25c38557cf793876c5abdd5931f922db,0.0,0.0,0.0,0.0,0.0,0.0,0.0,0.0,4,8,0,0
5806,2018-08-18,25c38557cf793876c5abdd5931f922db,0.0,0.0,0.0,0.0,0.0,0.0,0.0,0.0,5,8,1,0
5816,2018-08-19,25c38557cf793876c5abdd5931f922db,0.0,0.0,0.0,0.0,0.0,0.0,0.0,0.0,6,8,1,0
5826,2018-08-20,25c38557cf793876c5abdd5931f922db,0.0,0.0,0.0,0.0,0.0,0.0,0.0,0.0,0,8,0,0
5836,2018-08-21,25c38557cf793876c5abdd5931f922db,0.0,0.0,0.0,0.0,0.0,0.0,0.0,0.0,1,8,0,0
5846,2018-08-22,25c38557cf793876c5abdd5931f922db,0.0,0.0,0.0,0.0,0.0,0.0,0.0,0.0,2,8,0,0
5856,2018-08-23,25c38557cf793876c5abdd5931f922db,0.0,0.0,0.0,0.0,0.0,0.0,0.0,0.0,3,8,0,0
5866,2018-08-24,25c38557cf793876c5abdd5931f922db,0.0,0.0,0.0,0.0,0.0,0.0,0.0,0.0,4,8,0,0
5876,2018-08-25,25c38557cf793876c5abdd5931f922db,0.0,0.0,0.0,0.0,0.0,0.0,0.0,0.0,5,8,1,0
5886,2018-08-26,25c38557cf793876c5abdd5931f922db,0.0,0.0,0.0,0.0,0.0,0.0,0.0,0.0,6,8,1,0
75,2017-01-22,3dd2a17168ec895c781a9191c1e95ad7,0.0,0.0,0.0,0.0,0.0,0.0,0.0,0.0,6,1,1,0
85,2017-01-23,3dd2a17168ec895c781a9191c1e95ad7,0.0,0.0,0.0,0.0,0.0,0.0,0.0,0.0,0,1,0,0
95,2017-01-24,3dd2a17168ec895c781a9191c1e95ad7,0.0,0.0,0.0,0.0,0.0,0.0,0.0,0.0,1,1,0,0
105,2017-01-25,3dd2a17168ec895c781a9191c1e95ad7,0.0,0.0,0.0,0.0,0.0,0.0,0.0,0.0,2,1,0,0
115,2017-01-26,3dd2a17168ec895c781a9191c1e95ad7,0.0,0.0,0.0,0.0,0.0,0.0,0.0,0.0,3,1,0,0
125,2017-01-27,3dd2a17168ec895c781a9191c1e95ad7,0.0,0.0,0.0,0.0,0.0,0.0,0.0,0.0,4,1,0,0
135,2017-01-28,3dd2a17168ec895c781a9191c1e95ad7,0.0,0.0,0.0,0.0,0.0,0.0,0.0,0.0,5,1,1,0
145,2017-01-29,3dd2a17168ec895c781a9191c1e95ad7,0.0,0.0,0.0,0.0,0.0,0.0,0.0,0.0,6,1,1,0
155,2017-01-30,3dd2a17168ec895c781a9191c1e95ad7,0.0,0.0,0.0,0.0,0.0,0.0,0.0,0.0,0,1,0,0
165,2017-01-31,3dd2a17168ec895c781a9191c1e95ad7,0.0,0.0,0.0,0.0,0.0,0.0,0.0,0.0,1,1,0,0
175,2017-02-01,3dd2a17168ec895c781a9191c1e95ad7,0.0,0.0,0.0,0.0,0.0,0.0,0.0,0.0,2,2,0,0
185,2017-02-02,3dd2a17168ec895c781a9191c1e95ad7,0.0,0.0,0.0,0.0,0.0,0.0,0.0,0.0,3,2,0,0
195,2017-02-03,3dd2a17168ec895c781a9191c1e95ad7,0.0,0.0,0.0,0.0,0.0,0.0,0.0,0.0,4,2,0,0
205,2017-02-04,3dd2a17168ec895c781a9191c1e95ad7,0.0,0.0,0.0,0.0,0.0,0.0,0.0,0.0,5,2,1,0
215,2017-02-05,3dd2a17168ec895c781a9191c1e95ad7,0.0,0.0,0.0,0.0,0.0,0.0,0.0,0.0,6,2,1,0
225,2017-02-06,3dd2a17168ec895c781a9191c1e95ad7,0.0,0.0,0.0,0.0,0.0,0.0,0.0,0.0,0,2,0,0
235,2017-02-07,3dd2a17168ec895c781a9191c1e95ad7,0.0,0.0,0.0,0.0,0.0,0.0,0.0,0.0,1,2,0,0
245,2017-02-08,3dd2a17168ec895c781a9191c1e95ad7,0.0,0.0,0.0,0.0,0.0,0.0,0.0,0.0,2,2,0,0
255,2017-02-09,3dd2a17168ec895c781a9191c1e95ad7,0.0,0.0,0.0,0.0,0.0,0.0,0.0,0.0,3,2,0,0
265,2017-02-10,3dd2a17168ec895c781a9191c1e95ad7,0.0,0.0,0.0,0.0,0.0,0.0,0.0,0.0,4,2,0,0
275,2017-02-11,3dd2a17168ec895c781a9191c1e95ad7,0.0,0.0,0.0,0.0,0.0,0.0,0.0,0.0,5,2,1,0
285,2017-02-12,3dd2a17168ec895c781a9191c1e95ad7,0.0,0.0,0.0,0.0,0.0,0.0,0.0,0.0,6,2,1,0
295,2017-02-13,3dd2a17168ec895c781a9191c1e95ad7,0.0,0.0,0.0,0.0,0.0,0.0,0.0,0.0,0,2,0,0
305,2017-02-14,3dd2a17168ec895c781a9191c1e95ad7,0.0,0.0,0.0,0.0,0.0,0.0,0.0,0.0,1,2,0,0
315,2017-02-15,3dd2a17168ec895c781a9191c1e95ad7,0.0,0.0,0.0,0.0,0.0,0.0,0.0,0.0,2,2,0,0
325,2017-02-16,3dd2a17168ec895c781a9191c1e95ad7,0.0,0.0,0.0,0.0,0.0,0.0,0.0,0.0,3,2,0,0
335,2017-02-17,3dd2a17168ec895c781a9191c1e95ad7,0.0,0.0,0.0,0.0,0.0,0.0,0.0,0.0,4,2,0,0
345,2017-02-18,3dd2a17168ec895c781a9191c1e95ad7,0.0,0.0,0.0,0.0,0.0,0.0,0.0,0.0,5,2,1,0
355,2017-02-19,3dd2a17168ec895c781a9191c1e95ad7,0.0,0.0,0.0,0.0,0.0,0.0,0.0,0.0,6,2,1,0
365,2017-02-20,3dd2a17168ec895c781a9191c1e95ad7,0.0,0.0,0.0,0.0,0.0,0.0,0.0,0.0,0,2,0,0
375,2017-02-21,3dd2a17168ec895c781a9191c1e95ad7,0.0,0.0,0.0,0.0,0.0,0.0,0.0,0.0,1,2,0,0
385,2017-02-22,3dd2a17168ec895c781a9191c1e95ad7,0.0,0.0,0.0,0.0,0.0,0.0,0.0,0.0,2,2,0,0
395,2017-02-23,3dd2a17168ec895c781a9191c1e95ad7,0.0,0.0,0.0,0.0,0.0,0.0,0.0,0.0,3,2,0,0
405,2017-02-24,3dd2a17168ec895c781a9191c1e95ad7,0.0,0.0,0.0,0.0,0.0,0.0,0.0,0.0,4,2,0,0
415,2017-02-25,3dd2a17168ec895c781a9191c1e95ad7,0.0,0.0,0.0,0.0,0.0,0.0,0.0,0.0,5,2,1,0
425,2017-02-26,3dd2a17168ec895c781a9191c1e95ad7,0.0,0.0,0.0,0.0,0.0,0.0,0.0,0.0,6,2,1,0
435,2017-02-27,3dd2a17168ec895c781a9191c1e95ad7,0.0,0.0,0.0,0.0,0.0,0.0,0.0,0.0,0,2,0,0
445,2017-02-28,3dd2a17168ec895c781a9191c1e95ad7,0.0,0.0,0.0,0.0,0.0,0.0,0.0,0.0,1,2,0,0
455,2017-03-01,3dd2a17168ec895c781a9191c1e95ad7,0.0,0.0,0.0,0.0,0.0,0.0,0.0,0.0,2,3,0,0
465,2017-03-02,3dd2a17168ec895c781a9191c1e95ad7,0.0,0.0,0.0,0.0,0.0,0.0,0.0,0.0,3,3,0,0
475,2017-03-03,3dd2a17168ec895c781a9191c1e95ad7,0.0,0.0,0.0,0.0,0.0,0.0,0.0,0.0,4,3,0,0
485,2017-03-04,3dd2a17168ec895c781a9191c1e95ad7,0.0,0.0,0.0,0.0,0.0,0.0,0.0,0.0,5,3,1,0
495,2017-03-05,3dd2a17168ec895c781a9191c1e95ad7,0.0,0.0,0.0,0.0,0.0,0.0,0.0,0.0,6,3,1,0
505,2017-03-06,3dd2a17168ec895c781a9191c1e95ad7,0.0,0.0,0.0,0.0,0.0,0.0,0.0,0.0,0,3,0,0
515,2017-03-07,3dd2a17168ec895c781a9191c1e95ad7,0.0,0.0,0.0,0.0,0.0,0.0,0.0,0.0,1,3,0,0
525,2017-03-08,3dd2a17168ec895c781a9191c1e95ad7,0.0,0.0,0.0,0.0,0.0,0.0,0.0,0.0,2,3,0,0
535,2017-03-09,3dd2a17168ec895c781a9191c1e95ad7,0.0,0.0,0.0,0.0,0.0,0.0,0.0,0.0,3,3,0,0
545,2017-03-10,3dd2a17168ec895c781a9191c1e95ad7,0.0,0.0,0.0,0.0,0.0,0.0,0.0,0.0,4,3,0,0
555,2017-03-11,3dd2a17168ec895c781a9191c1e95ad7,0.0,0.0,0.0,0.0,0.0,0.0,0.0,0.0,5,3,1,0
565,2017-03-12,3dd2a17168ec895c781a9191c1e95ad7,0.0,0.0,0.0,0.0,0.0,0.0,0.0,0.0,6,3,1,0
575,2017-03-13,3dd2a17168ec895c781a9191c1e95ad7,0.0,0.0,0.0,0.0,0.0,0.0,0.0,0.0,0,3,0,0
585,2017-03-14,3dd2a17168ec895c781a9191c1e95ad7,0.0,0.0,0.0,0.0,0.0,0.0,0.0,0.0,1,3,0,0
595,2017-03-15,3dd2a17168ec895c781a9191c1e95ad7,0.0,0.0,0.0,0.0,0.0,0.0,0.0,0.0,2,3,0,0
605,2017-03-16,3dd2a17168ec895c781a9191c1e95ad7,0.0,0.0,0.0,0.0,0.0,0.0,0.0,0.0,3,3,0,0
615,2017-03-17,3dd2a17168ec895c781a9191c1e95ad7,0.0,0.0,0.0,0.0,0.0,0.0,0.0,0.0,4,3,0,0
625,2017-03-18,3dd2a17168ec895c781a9191c1e95ad7,0.0,0.0,0.0,0.0,0.0,0.0,0.0,0.0,5,3,1,0
635,2017-03-19,3dd2a17168ec895c781a9191c1e95ad7,0.0,0.0,0.0,0.0,0.0,0.0,0.0,0.0,6,3,1,0
645,2017-03-20,3dd2a17168ec895c781a9191c1e95ad7,0.0,0.0,0.0,0.0,0.0,0.0,0.0,0.0,0,3,0,0
655,2017-03-21,3dd2a17168ec895c781a9191c1e95ad7,0.0,0.0,0.0,0.0,0.0,0.0,0.0,0.0,1,3,0,0
665,2017-03-22,3dd2a17168ec895c781a9191c1e95ad7,0.0,0.0,0.0,0.0,0.0,0.0,0.0,0.0,2,3,0,0
675,2017-03-23,3dd2a17168ec895c781a9191c1e95ad7,0.0,0.0,0.0,0.0,0.0,0.0,0.0,0.0,3,3,0,0
685,2017-03-24,3dd2a17168ec895c781a9191c1e95ad7,0.0,0.0,0.0,0.0,0.0,0.0,0.0,0.0,4,3,0,0
695,2017-03-25,3dd2a17168ec895c781a9191c1e95ad7,0.0,0.0,0.0,0.0,0.0,0.0,0.0,0.0,5,3,1,0
705,2017-03-26,3dd2a17168ec895c781a9191c1e95ad7,0.0,0.0,0.0,0.0,0.0,0.0,0.0,0.0,6,3,1,0
715,2017-03-27,3dd2a17168ec895c781a9191c1e95ad7,0.0,0.0,0.0,0.0,0.0,0.0,0.0,0.0,0,3,0,0
725,2017-03-28,3dd2a17168ec895c781a9191c1e95ad7,0.0,0.0,0.0,0.0,0.0,0.0,0.0,0.0,1,3,0,0
735,2017-03-29,3dd2a17168ec895c781a9191c1e95ad7,0.0,0.0,0.0,0.0,0.0,0.0,0.0,0.0,2,3,0,0
745,2017-03-30,3dd2a17168ec895c781a9191c1e95ad7,0.0,0.0,0.0,0.0,0.0,0.0,0.0,0.0,3,3,0,0
755,2017-03-31,3dd2a17168ec895c781a9191c1e95ad7,0.0,0.0,0.0,0.0,0.0,0.0,0.0,0.0,4,3,0,0
765,2017-04-01,3dd2a17168ec895c781a9191c1e95ad7,0.0,0.0,0.0,0.0,0.0,0.0,0.0,0.0,5,4,1,0
775,2017-04-02,3dd2a17168ec895c781a9191c1e95ad7,0.0,0.0,0.0,0.0,0.0,0.0,0.0,0.0,6,4,1,0
785,2017-04-03,3dd2a17168ec895c781a9191c1e95ad7,0.0,0.0,0.0,0.0,0.0,0.0,0.0,0.0,0,4,0,0
795,2017-04-04,3dd2a17168ec895c781a9191c1e95ad7,0.0,0.0,0.0,0.0,0.0,0.0,0.0,0.0,1,4,0,0
805,2017-04-05,3dd2a17168ec895c781a9191c1e95ad7,0.0,0.0,0.0,0.0,0.0,0.0,0.0,0.0,2,4,0,0
815,2017-04-06,3dd2a17168ec895c781a9191c1e95ad7,0.0,0.0,0.0,0.0,0.0,0.0,0.0,0.0,3,4,0,0
825,2017-04-07,3dd2a17168ec895c781a9191c1e95ad7,0.0,0.0,0.0,0.0,0.0,0.0,0.0,0.0,4,4,0,0
835,2017-04-08,3dd2a17168ec895c781a9191c1e95ad7,0.0,0.0,0.0,0.0,0.0,0.0,0.0,0.0,5,4,1,0
845,2017-04-09,3dd2a17168ec895c781a9191c1e95ad7,0.0,0.0,0.0,0.0,0.0,0.0,0.0,0.0,6,4,1,0
855,2017-04-10,3dd2a17168ec895c781a9191c1e95ad7,0.0,0.0,0.0,0.0,0.0,0.0,0.0,0.0,0,4,0,0
865,2017-04-11,3dd2a17168ec895c781a9191c1e95ad7,0.0,0.0,0.0,0.0,0.0,0.0,0.0,0.0,1,4,0,0
875,2017-04-12,3dd2a17168ec895c781a9191c1e95ad7,0.0,0.0,0.0,0.0,0.0,0.0,0.0,0.0,2,4,0,0
885,2017-04-13,3dd2a17168ec895c781a9191c1e95ad7,0.0,0.0,0.0,0.0,0.0,0.0,0.0,0.0,3,4,0,0
895,2017-04-14,3dd2a17168ec895c781a9191c1e95ad7,0.0,0.0,0.0,0.0,0.0,0.0,0.0,0.0,4,4,0,0
905,2017-04-15,3dd2a17168ec895c781a9191c1e95ad7,0.0,0.0,0.0,0.0,0.0,0.0,0.0,0.0,5,4,1,0
915,2017-04-16,3dd2a17168ec895c781a9191c1e95ad7,0.0,0.0,0.0,0.0,0.0,0.0,0.0,0.0,6,4,1,0
925,2017-04-17,3dd2a17168ec895c781a9191c1e95ad7,0.0,0.0,0.0,0.0,0.0,0.0,0.0,0.0,0,4,0,0
935,2017-04-18,3dd2a17168ec895c781a9191c1e95ad7,0.0,0.0,0.0,0.0,0.0,0.0,0.0,0.0,1,4,0,0
945,2017-04-19,3dd2a17168ec895c781a9191c1e95ad7,0.0,0.0,0.0,0.0,0.0,0.0,0.0,0.0,2,4,0,0
955,2017-04-20,3dd2a17168ec895c781a9191c1e95ad7,0.0,0.0,0.0,0.0,0.0,0.0,0.0,0.0,3,4,0,0
965,2017-04-21,3dd2a17168ec895c781a9191c1e95ad7,0.0,0.0,0.0,0.0,0.0,0.0,0.0,0.0,4,4,0,0
975,2017-04-22,3dd2a17168ec895c781a9191c1e95ad7,0.0,0.0,0.0,0.0,0.0,0.0,0.0,0.0,5,4,1,0
985,2017-04-23,3dd2a17168ec895c781a9191c1e95ad7,0.0,0.0,0.0,0.0,0.0,0.0,0.0,0.0,6,4,1,0
995,2017-04-24,3dd2a17168ec895c781a9191c1e95ad7,0.0,0.0,0.0,0.0,0.0,0.0,0.0,0.0,0,4,0,0
1005,2017-04-25,3dd2a17168ec895c781a9191c1e95ad7,0.0,0.0,0.0,0.0,0.0,0.0,0.0,0.0,1,4,0,0
1015,2017-04-26,3dd2a17168ec895c781a9191c1e95ad7,0.0,0.0,0.0,0.0,0.0,0.0,0.0,0.0,2,4,0,0
1025,2017-04-27,3dd2a17168ec895c781a9191c1e95ad7,0.0,0.0,0.0,0.0,0.0,0.0,0.0,0.0,3,4,0,0
1035,2017-04-28,3dd2a17168ec895c781a9191c1e95ad7,0.0,0.0,0.0,0.0,0.0,0.0,0.0,0.0,4,4,0,0
1045,2017-04-29,3dd2a17168ec895c781a9191c1e95ad7,0.0,0.0,0.0,0.0,0.0,0.0,0.0,0.0,5,4,1,0
1055,2017-04-30,3dd2a17168ec895c781a9191c1e95ad7,0.0,0.0,0.0,0.0,0.0,0.0,0.0,0.0,6,4,1,0
1065,2017-05-01,3dd2a17168ec895c781a9191c1e95ad7,0.0,0.0,0.0,0.0,0.0,0.0,0.0,0.0,0,5,0,0
1075,2017-05-02,3dd2a17168ec895c781a9191c1e95ad7,0.0,0.0,0.0,0.0,0.0,0.0,0.0,0.0,1,5,0,0
1085,2017-05-03,3dd2a17168ec895c781a9191c1e95ad7,0.0,0.0,0.0,0.0,0.0,0.0,0.0,0.0,2,5,0,0
1095,2017-05-04,3dd2a17168ec895c781a9191c1e95ad7,0.0,0.0,0.0,0.0,0.0,0.0,0.0,0.0,3,5,0,0
1105,2017-05-05,3dd2a17168ec895c781a9191c1e95ad7,0.0,0.0,0.0,0.0,0.0,0.0,0.0,0.0,4,5,0,0
1115,2017-05-06,3dd2a17168ec895c781a9191c1e95ad7,0.0,0.0,0.0,0.0,0.0,0.0,0.0,0.0,5,5,1,0
1125,2017-05-07,3dd2a17168ec895c781a9191c1e95ad7,0.0,0.0,0.0,0.0,0.0,0.0,0.0,0.0,6,5,1,0
1135,2017-05-08,3dd2a17168ec895c781a9191c1e95ad7,0.0,0.0,0.0,0.0,0.0,0.0,0.0,0.0,0,5,0,0
1145,2017-05-09,3dd2a17168ec895c781a9191c1e95ad7,0.0,0.0,0.0,0.0,0.0,0.0,0.0,0.0,1,5,0,0
1155,2017-05-10,3dd2a17168ec895c781a9191c1e95ad7,0.0,0.0,0.0,0.0,0.0,0.0,0.0,0.0,2,5,0,0
1165,2017-05-11,3dd2a17168ec895c781a9191c1e95ad7,0.0,0.0,0.0,0.0,0.0,0.0,0.0,0.0,3,5,0,0
1175,2017-05-12,3dd2a17168ec895c781a9191c1e95ad7,0.0,0.0,0.0,0.0,0.0,0.0,0.0,0.0,4,5,0,0
1185,2017-05-13,3dd2a17168ec895c781a9191c1e95ad7,0.0,0.0,0.0,0.0,0.0,0.0,0.0,0.0,5,5,1,0
1195,2017-05-14,3dd2a17168ec895c781a9191c1e95ad7,0.0,0.0,0.0,0.0,0.0,0.0,0.0,0.0,6,5,1,0
1205,2017-05-15,3dd2a17168ec895c781a9191c1e95ad7,0.0,0.0,0.0,0.0,0.0,0.0,0.0,0.0,0,5,0,0
1215,2017-05-16,3dd2a17168ec895c781a9191c1e95ad7,0.0,0.0,0.0,0.0,0.0,0.0,0.0,0.0,1,5,0,0
1225,2017-05-17,3dd2a17168ec895c781a9191c1e95ad7,0.0,0.0,0.0,0.0,0.0,0.0,0.0,0.0,2,5,0,0
1235,2017-05-18,3dd2a17168ec895c781a9191c1e95ad7,0.0,0.0,0.0,0.0,0.0,0.0,0.0,0.0,3,5,0,0
1245,2017-05-19,3dd2a17168ec895c781a9191c1e95ad7,0.0,0.0,0.0,0.0,0.0,0.0,0.0,0.0,4,5,0,0
1255,2017-05-20,3dd2a17168ec895c781a9191c1e95ad7,0.0,0.0,0.0,0.0,0.0,0.0,0.0,0.0,5,5,1,0
1265,2017-05-21,3dd2a17168ec895c781a9191c1e95ad7,0.0,0.0,0.0,0.0,0.0,0.0,0.0,0.0,6,5,1,0
1275,2017-05-22,3dd2a17168ec895c781a9191c1e95ad7,0.0,0.0,0.0,0.0,0.0,0.0,0.0,0.0,0,5,0,0
1285,2017-05-23,3dd2a17168ec895c781a9191c1e95ad7,0.0,0.0,0.0,0.0,0.0,0.0,0.0,0.0,1,5,0,0
1295,2017-05-24,3dd2a17168ec895c781a9191c1e95ad7,0.0,0.0,0.0,0.0,0.0,0.0,0.0,0.0,2,5,0,0
1305,2017-05-25,3dd2a17168ec895c781a9191c1e95ad7,0.0,0.0,0.0,0.0,0.0,0.0,0.0,0.0,3,5,0,0
1315,2017-05-26,3dd2a17168ec895c781a9191c1e95ad7,0.0,0.0,0.0,0.0,0.0,0.0,0.0,0.0,4,5,0,0
1325,2017-05-27,3dd2a17168ec895c781a9191c1e95ad7,0.0,0.0,0.0,0.0,0.0,0.0,0.0,0.0,5,5,1,0
1335,2017-05-28,3dd2a17168ec895c781a9191c1e95ad7,0.0,0.0,0.0,0.0,0.0,0.0,0.0,0.0,6,5,1,0
1345,2017-05-29,3dd2a17168ec895c781a9191c1e95ad7,0.0,0.0,0.0,0.0,0.0,0.0,0.0,0.0,0,5,0,0
1355,2017-05-30,3dd2a17168ec895c781a9191c1e95ad7,0.0,0.0,0.0,0.0,0.0,0.0,0.0,0.0,1,5,0,0
1365,2017-05-31,3dd2a17168ec895c781a9191c1e95ad7,0.0,0.0,0.0,0.0,0.0,0.0,0.0,0.0,2,5,0,0
1375,2017-06-01,3dd2a17168ec895c781a9191c1e95ad7,0.0,0.0,0.0,0.0,0.0,0.0,0.0,0.0,3,6,0,0
1385,2017-06-02,3dd2a17168ec895c781a9191c1e95ad7,0.0,0.0,0.0,0.0,0.0,0.0,0.0,0.0,4,6,0,0
1395,2017-06-03,3dd2a17168ec895c781a9191c1e95ad7,0.0,0.0,0.0,0.0,0.0,0.0,0.0,0.0,5,6,1,0
1405,2017-06-04,3dd2a17168ec895c781a9191c1e95ad7,0.0,0.0,0.0,0.0,0.0,0.0,0.0,0.0,6,6,1,0
1415,2017-06-05,3dd2a17168ec895c781a9191c1e95ad7,0.0,0.0,0.0,0.0,0.0,0.0,0.0,0.0,0,6,0,0
1425,2017-06-06,3dd2a17168ec895c781a9191c1e95ad7,0.0,0.0,0.0,0.0,0.0,0.0,0.0,0.0,1,6,0,0
1435,2017-06-07,3dd2a17168ec895c781a9191c1e95ad7,0.0,0.0,0.0,0.0,0.0,0.0,0.0,0.0,2,6,0,0
1445,2017-06-08,3dd2a17168ec895c781a9191c1e95ad7,0.0,0.0,0.0,0.0,0.0,0.0,0.0,0.0,3,6,0,0
1455,2017-06-09,3dd2a17168ec895c781a9191c1e95ad7,0.0,0.0,0.0,0.0,0.0,0.0,0.0,0.0,4,6,0,0
1465,2017-06-10,3dd2a17168ec895c781a9191c1e95ad7,0.0,0.0,0.0,0.0,0.0,0.0,0.0,0.0,5,6,1,0
1475,2017-06-11,3dd2a17168ec895c781a9191c1e95ad7,0.0,0.0,0.0,0.0,0.0,0.0,0.0,0.0,6,6,1,0
1485,2017-06-12,3dd2a17168ec895c781a9191c1e95ad7,0.0,0.0,0.0,0.0,0.0,0.0,0.0,0.0,0,6,0,0
1495,2017-06-13,3dd2a17168ec895c781a9191c1e95ad7,0.0,0.0,0.0,0.0,0.0,0.0,0.0,0.0,1,6,0,0
1505,2017-06-14,3dd2a17168ec895c781a9191c1e95ad7,0.0,0.0,0.0,0.0,0.0,0.0,0.0,0.0,2,6,0,0
1515,2017-06-15,3dd2a17168ec895c781a9191c1e95ad7,0.0,0.0,0.0,0.0,0.0,0.0,0.0,0.0,3,6,0,0
1525,2017-06-16,3dd2a17168ec895c781a9191c1e95ad7,0.0,0.0,0.0,0.0,0.0,0.0,0.0,0.0,4,6,0,0
1535,2017-06-17,3dd2a17168ec895c781a9191c1e95ad7,0.0,0.0,0.0,0.0,0.0,0.0,0.0,0.0,5,6,1,0
1545,2017-06-18,3dd2a17168ec895c781a9191c1e95ad7,0.0,0.0,0.0,0.0,0.0,0.0,0.0,0.0,6,6,1,0
1555,2017-06-19,3dd2a17168ec895c781a9191c1e95ad7,0.0,0.0,0.0,0.0,0.0,0.0,0.0,0.0,0,6,0,0
1565,2017-06-20,3dd2a17168ec895c781a9191c1e95ad7,0.0,0.0,0.0,0.0,0.0,0.0,0.0,0.0,1,6,0,0
1575,2017-06-21,3dd2a17168ec895c781a9191c1e95ad7,0.0,0.0,0.0,0.0,0.0,0.0,0.0,0.0,2,6,0,0
1585,2017-06-22,3dd2a17168ec895c781a9191c1e95ad7,0.0,0.0,0.0,0.0,0.0,0.0,0.0,0.0,3,6,0,0
1595,2017-06-23,3dd2a17168ec895c781a9191c1e95ad7,0.0,0.0,0.0,0.0,0.0,0.0,0.0,0.0,4,6,0,0
1605,2017-06-24,3dd2a17168ec895c781a9191c1e95ad7,0.0,0.0,0.0,0.0,0.0,0.0,0.0,0.0,5,6,1,0
1615,2017-06-25,3dd2a17168ec895c781a9191c1e95ad7,0.0,0.0,0.0,0.0,0.0,0.0,0.0,0.0,6,6,1,0
1625,2017-06-26,3dd2a17168ec895c781a9191c1e95ad7,0.0,0.0,0.0,0.0,0.0,0.0,0.0,0.0,0,6,0,0
1635,2017-06-27,3dd2a17168ec895c781a9191c1e95ad7,0.0,0.0,0.0,0.0,0.0,0.0,0.0,0.0,1,6,0,0
1645,2017-06-28,3dd2a17168ec895c781a9191c1e95ad7,0.0,0.0,0.0,0.0,0.0,0.0,0.0,0.0,2,6,0,0
1655,2017-06-29,3dd2a17168ec895c781a9191c1e95ad7,0.0,0.0,0.0,0.0,0.0,0.0,0.0,0.0,3,6,0,0
1665,2017-06-30,3dd2a17168ec895c781a9191c1e95ad7,0.0,0.0,0.0,0.0,0.0,0.0,0.0,0.0,4,6,0,0
1675,2017-07-01,3dd2a17168ec895c781a9191c1e95ad7,0.0,0.0,0.0,0.0,0.0,0.0,0.0,0.0,5,7,1,0
1685,2017-07-02,3dd2a17168ec895c781a9191c1e95ad7,0.0,0.0,0.0,0.0,0.0,0.0,0.0,0.0,6,7,1,0
1695,2017-07-03,3dd2a17168ec895c781a9191c1e95ad7,0.0,0.0,0.0,0.0,0.0,0.0,0.0,0.0,0,7,0,0
1705,2017-07-04,3dd2a17168ec895c781a9191c1e95ad7,0.0,0.0,0.0,0.0,0.0,0.0,0.0,0.0,1,7,0,0
1715,2017-07-05,3dd2a17168ec895c781a9191c1e95ad7,0.0,0.0,0.0,0.0,0.0,0.0,0.0,0.0,2,7,0,0
1725,2017-07-06,3dd2a17168ec895c781a9191c1e95ad7,0.0,0.0,0.0,0.0,0.0,0.0,0.0,0.0,3,7,0,0
1735,2017-07-07,3dd2a17168ec895c781a9191c1e95ad7,0.0,0.0,0.0,0.0,0.0,0.0,0.0,0.0,4,7,0,0
1745,2017-07-08,3dd2a17168ec895c781a9191c1e95ad7,0.0,0.0,0.0,0.0,0.0,0.0,0.0,0.0,5,7,1,0
1755,2017-07-09,3dd2a17168ec895c781a9191c1e95ad7,0.0,0.0,0.0,0.0,0.0,0.0,0.0,0.0,6,7,1,0
1765,2017-07-10,3dd2a17168ec895c781a9191c1e95ad7,0.0,0.0,0.0,0.0,0.0,0.0,0.0,0.0,0,7,0,0
1775,2017-07-11,3dd2a17168ec895c781a9191c1e95ad7,0.0,0.0,0.0,0.0,0.0,0.0,0.0,0.0,1,7,0,0
1785,2017-07-12,3dd2a17168ec895c781a9191c1e95ad7,0.0,0.0,0.0,0.0,0.0,0.0,0.0,0.0,2,7,0,0
1795,2017-07-13,3dd2a17168ec895c781a9191c1e95ad7,0.0,0.0,0.0,0.0,0.0,0.0,0.0,0.0,3,7,0,0
1805,2017-07-14,3dd2a17168ec895c781a9191c1e95ad7,0.0,0.0,0.0,0.0,0.0,0.0,0.0,0.0,4,7,0,0
1815,2017-07-15,3dd2a17168ec895c781a9191c1e95ad7,0.0,0.0,0.0,0.0,0.0,0.0,0.0,0.0,5,7,1,0
1825,2017-07-16,3dd2a17168ec895c781a9191c1e95ad7,0.0,0.0,0.0,0.0,0.0,0.0,0.0,0.0,6,7,1,0
1835,2017-07-17,3dd2a17168ec895c781a9191c1e95ad7,0.0,0.0,0.0,0.0,0.0,0.0,0.0,0.0,0,7,0,0
1845,2017-07-18,3dd2a17168ec895c781a9191c1e95ad7,0.0,0.0,0.0,0.0,0.0,0.0,0.0,0.0,1,7,0,0
1855,2017-07-19,3dd2a17168ec895c781a9191c1e95ad7,0.0,0.0,0.0,0.0,0.0,0.0,0.0,0.0,2,7,0,0
1865,2017-07-20,3dd2a17168ec895c781a9191c1e95ad7,0.0,0.0,0.0,0.0,0.0,0.0,0.0,0.0,3,7,0,0
1875,2017-07-21,3dd2a17168ec895c781a9191c1e95ad7,0.0,0.0,0.0,0.0,0.0,0.0,0.0,0.0,4,7,0,0
1885,2017-07-22,3dd2a17168ec895c781a9191c1e95ad7,0.0,0.0,0.0,0.0,0.0,0.0,0.0,0.0,5,7,1,0
1895,2017-07-23,3dd2a17168ec895c781a9191c1e95ad7,0.0,0.0,0.0,0.0,0.0,0.0,0.0,0.0,6,7,1,0
1905,2017-07-24,3dd2a17168ec895c781a9191c1e95ad7,0.0,0.0,0.0,0.0,0.0,0.0,0.0,0.0,0,7,0,0
1915,2017-07-25,3dd2a17168ec895c781a9191c1e95ad7,0.0,0.0,0.0,0.0,0.0,0.0,0.0,0.0,1,7,0,0
1925,2017-07-26,3dd2a17168ec895c781a9191c1e95ad7,0.0,0.0,0.0,0.0,0.0,0.0,0.0,0.0,2,7,0,0
1935,2017-07-27,3dd2a17168ec895c781a9191c1e95ad7,0.0,0.0,0.0,0.0,0.0,0.0,0.0,0.0,3,7,0,0
1945,2017-07-28,3dd2a17168ec895c781a9191c1e95ad7,0.0,0.0,0.0,0.0,0.0,0.0,0.0,0.0,4,7,0,0
1955,2017-07-29,3dd2a17168ec895c781a9191c1e95ad7,0.0,0.0,0.0,0.0,0.0,0.0,0.0,0.0,5,7,1,0
1965,2017-07-30,3dd2a17168ec895c781a9191c1e95ad7,0.0,0.0,0.0,0.0,0.0,0.0,0.0,0.0,6,7,1,0
1975,2017-07-31,3dd2a17168ec895c781a9191c1e95ad7,0.0,0.0,0.0,0.0,0.0,0.0,0.0,0.0,0,7,0,0
1985,2017-08-01,3dd2a17168ec895c781a9191c1e95ad7,0.0,0.0,0.0,0.0,0.0,0.0,0.0,0.0,1,8,0,0
1995,2017-08-02,3dd2a17168ec895c781a9191c1e95ad7,0.0,0.0,0.0,0.0,0.0,0.0,0.0,0.0,2,8,0,0
2005,2017-08-03,3dd2a17168ec895c781a9191c1e95ad7,0.0,0.0,0.0,0.0,0.0,0.0,0.0,0.0,3,8,0,0
2015,2017-08-04,3dd2a17168ec895c781a9191c1e95ad7,0.0,0.0,0.0,0.0,0.0,0.0,0.0,0.0,4,8,0,0
2025,2017-08-05,3dd2a17168ec895c781a9191c1e95ad7,0.0,0.0,0.0,0.0,0.0,0.0,0.0,0.0,5,8,1,0
2035,2017-08-06,3dd2a17168ec895c781a9191c1e95ad7,0.0,0.0,0.0,0.0,0.0,0.0,0.0,0.0,6,8,1,0
2045,2017-08-07,3dd2a17168ec895c781a9191c1e95ad7,0.0,0.0,0.0,0.0,0.0,0.0,0.0,0.0,0,8,0,0
2055,2017-08-08,3dd2a17168ec895c781a9191c1e95ad7,0.0,0.0,0.0,0.0,0.0,0.0,0.0,0.0,1,8,0,0
2065,2017-08-09,3dd2a17168ec895c781a9191c1e95ad7,0.0,0.0,0.0,0.0,0.0,0.0,0.0,0.0,2,8,0,0
2075,2017-08-10,3dd2a17168ec895c781a9191c1e95ad7,0.0,0.0,0.0,0.0,0.0,0.0,0.0,0.0,3,8,0,0
2085,2017-08-11,3dd2a17168ec895c781a9191c1e95ad7,0.0,0.0,0.0,0.0,0.0,0.0,0.0,0.0,4,8,0,0
2095,2017-08-12,3dd2a17168ec895c781a9191c1e95ad7,0.0,0.0,0.0,0.0,0.0,0.0,0.0,0.0,5,8,1,0
2105,2017-08-13,3dd2a17168ec895c781a9191c1e95ad7,0.0,0.0,0.0,0.0,0.0,0.0,0.0,0.0,6,8,1,0
2115,2017-08-14,3dd2a17168ec895c781a9191c1e95ad7,0.0,0.0,0.0,0.0,0.0,0.0,0.0,0.0,0,8,0,0
2125,2017-08-15,3dd2a17168ec895c781a9191c1e95ad7,0.0,0.0,0.0,0.0,0.0,0.0,0.0,0.0,1,8,0,0
2135,2017-08-16,3dd2a17168ec895c781a9191c1e95ad7,0.0,0.0,0.0,0.0,0.0,0.0,0.0,0.0,2,8,0,0
2145,2017-08-17,3dd2a17168ec895c781a9191c1e95ad7,0.0,0.0,0.0,0.0,0.0,0.0,0.0,0.0,3,8,0,0
2155,2017-08-18,3dd2a17168ec895c781a9191c1e95ad7,0.0,0.0,0.0,0.0,0.0,0.0,0.0,0.0,4,8,0,0
2165,2017-08-19,3dd2a17168ec895c781a9191c1e95ad7,0.0,0.0,0.0,0.0,0.0,0.0,0.0,0.0,5,8,1,0
2175,2017-08-20,3dd2a17168ec895c781a9191c1e95ad7,0.0,0.0,0.0,0.0,0.0,0.0,0.0,0.0,6,8,1,0
2185,2017-08-21,3dd2a17168ec895c781a9191c1e95ad7,0.0,0.0,0.0,0.0,0.0,0.0,0.0,0.0,0,8,0,0
2195,2017-08-22,3dd2a17168ec895c781a9191c1e95ad7,0.0,0.0,0.0,0.0,0.0,0.0,0.0,0.0,1,8,0,0
2205,2017-08-23,3dd2a17168ec895c781a9191c1e95ad7,0.0,0.0,0.0,0.0,0.0,0.0,0.0,0.0,2,8,0,0
2215,2017-08-24,3dd2a17168ec895c781a9191c1e95ad7,0.0,0.0,0.0,0.0,0.0,0.0,0.0,0.0,3,8,0,0
2225,2017-08-25,3dd2a17168ec895c781a9191c1e95ad7,0.0,0.0,0.0,0.0,0.0,0.0,0.0,0.0,4,8,0,0
2235,2017-08-26,3dd2a17168ec895c781a9191c1e95ad7,0.0,0.0,0.0,0.0,0.0,0.0,0.0,0.0,5,8,1,0
2245,2017-08-27,3dd2a17168ec895c781a9191c1e95ad7,0.0,0.0,0.0,0.0,0.0,0.0,0.0,0.0,6,8,1,0
2255,2017-08-28,3dd2a17168ec895c781a9191c1e95ad7,0.0,0.0,0.0,0.0,0.0,0.0,0.0,0.0,0,8,0,0
2265,2017-08-29,3dd2a17168ec895c781a9191c1e95ad7,0.0,0.0,0.0,0.0,0.0,0.0,0.0,0.0,1,8,0,0
2275,2017-08-30,3dd2a17168ec895c781a9191c1e95ad7,0.0,0.0,0.0,0.0,0.0,0.0,0.0,0.0,2,8,0,0
2285,2017-08-31,3dd2a17168ec895c781a9191c1e95ad7,0.0,0.0,0.0,0.0,0.0,0.0,0.0,0.0,3,8,0,0
2295,2017-09-01,3dd2a17168ec895c781a9191c1e95ad7,0.0,0.0,0.0,0.0,0.0,0.0,0.0,0.0,4,9,0,0
2305,2017-09-02,3dd2a17168ec895c781a9191c1e95ad7,0.0,0.0,0.0,0.0,0.0,0.0,0.0,0.0,5,9,1,0
2315,2017-09-03,3dd2a17168ec895c781a9191c1e95ad7,0.0,0.0,0.0,0.0,0.0,0.0,0.0,0.0,6,9,1,0
2325,2017-09-04,3dd2a17168ec895c781a9191c1e95ad7,0.0,0.0,0.0,0.0,0.0,0.0,0.0,0.0,0,9,0,0
2335,2017-09-05,3dd2a17168ec895c781a9191c1e95ad7,0.0,0.0,0.0,0.0,0.0,0.0,0.0,0.0,1,9,0,0
2345,2017-09-06,3dd2a17168ec895c781a9191c1e95ad7,0.0,0.0,0.0,0.0,0.0,0.0,0.0,0.0,2,9,0,0
2355,2017-09-07,3dd2a17168ec895c781a9191c1e95ad7,0.0,0.0,0.0,0.0,0.0,0.0,0.0,0.0,3,9,0,0
2365,2017-09-08,3dd2a17168ec895c781a9191c1e95ad7,0.0,0.0,0.0,0.0,0.0,0.0,0.0,0.0,4,9,0,0
2375,2017-09-09,3dd2a17168ec895c781a9191c1e95ad7,0.0,0.0,0.0,0.0,0.0,0.0,0.0,0.0,5,9,1,0
2385,2017-09-10,3dd2a17168ec895c781a9191c1e95ad7,0.0,0.0,0.0,0.0,0.0,0.0,0.0,0.0,6,9,1,0
2395,2017-09-11,3dd2a17168ec895c781a9191c1e95ad7,0.0,0.0,0.0,0.0,0.0,0.0,0.0,0.0,0,9,0,0
2405,2017-09-12,3dd2a17168ec895c781a9191c1e95ad7,0.0,0.0,0.0,0.0,0.0,0.0,0.0,0.0,1,9,0,0
2415,2017-09-13,3dd2a17168ec895c781a9191c1e95ad7,0.0,0.0,0.0,0.0,0.0,0.0,0.0,0.0,2,9,0,0
2425,2017-09-14,3dd2a17168ec895c781a9191c1e95ad7,0.0,0.0,0.0,0.0,0.0,0.0,0.0,0.0,3,9,0,0
2435,2017-09-15,3dd2a17168ec895c781a9191c1e95ad7,0.0,0.0,0.0,0.0,0.0,0.0,0.0,0.0,4,9,0,0
2445,2017-09-16,3dd2a17168ec895c781a9191c1e95ad7,0.0,0.0,0.0,0.0,0.0,0.0,0.0,0.0,5,9,1,0
2455,2017-09-17,3dd2a17168ec895c781a9191c1e95ad7,0.0,0.0,0.0,0.0,0.0,0.0,0.0,0.0,6,9,1,0
2465,2017-09-18,3dd2a17168ec895c781a9191c1e95ad7,0.0,0.0,0.0,0.0,0.0,0.0,0.0,0.0,0,9,0,0
2475,2017-09-19,3dd2a17168ec895c781a9191c1e95ad7,0.0,0.0,0.0,0.0,0.0,0.0,0.0,0.0,1,9,0,0
2485,2017-09-20,3dd2a17168ec895c781a9191c1e95ad7,0.0,0.0,0.0,0.0,0.0,0.0,0.0,0.0,2,9,0,0
2495,2017-09-21,3dd2a17168ec895c781a9191c1e95ad7,0.0,0.0,0.0,0.0,0.0,0.0,0.0,0.0,3,9,0,0
2505,2017-09-22,3dd2a17168ec895c781a9191c1e95ad7,0.0,0.0,0.0,0.0,0.0,0.0,0.0,0.0,4,9,0,0
2515,2017-09-23,3dd2a17168ec895c781a9191c1e95ad7,0.0,0.0,0.0,0.0,0.0,0.0,0.0,0.0,5,9,1,0
2525,2017-09-24,3dd2a17168ec895c781a9191c1e95ad7,0.0,0.0,0.0,0.0,0.0,0.0,0.0,0.0,6,9,1,0
2535,2017-09-25,3dd2a17168ec895c781a9191c1e95ad7,0.0,0.0,0.0,0.0,0.0,0.0,0.0,0.0,0,9,0,0
2545,2017-09-26,3dd2a17168ec895c781a9191c1e95ad7,0.0,0.0,0.0,0.0,0.0,0.0,0.0,0.0,1,9,0,0
2555,2017-09-27,3dd2a17168ec895c781a9191c1e95ad7,0.0,0.0,0.0,0.0,0.0,0.0,0.0,0.0,2,9,0,0
2565,2017-09-28,3dd2a17168ec895c781a9191c1e95ad7,0.0,0.0,0.0,0.0,0.0,0.0,0.0,0.0,3,9,0,0
2575,2017-09-29,3dd2a17168ec895c781a9191c1e95ad7,0.0,0.0,0.0,0.0,0.0,0.0,0.0,0.0,4,9,0,0
2585,2017-09-30,3dd2a17168ec895c781a9191c1e95ad7,0.0,0.0,0.0,0.0,0.0,0.0,0.0,0.0,5,9,1,0
2595,2017-10-01,3dd2a17168ec895c781a9191c1e95ad7,0.0,0.0,0.0,0.0,0.0,0.0,0.0,0.0,6,10,1,0
2605,2017-10-02,3dd2a17168ec895c781a9191c1e95ad7,0.0,0.0,0.0,0.0,0.0,0.0,0.0,0.0,0,10,0,0
2615,2017-10-03,3dd2a17168ec895c781a9191c1e95ad7,0.0,0.0,0.0,0.0,0.0,0.0,0.0,0.0,1,10,0,0
2625,2017-10-04,3dd2a17168ec895c781a9191c1e95ad7,0.0,0.0,0.0,0.0,0.0,0.0,0.0,0.0,2,10,0,0
2635,2017-10-05,3dd2a17168ec895c781a9191c1e95ad7,0.0,0.0,0.0,0.0,0.0,0.0,0.0,0.0,3,10,0,0
2645,2017-10-06,3dd2a17168ec895c781a9191c1e95ad7,0.0,0.0,0.0,0.0,0.0,0.0,0.0,0.0,4,10,0,0
2655,2017-10-07,3dd2a17168ec895c781a9191c1e95ad7,0.0,0.0,0.0,0.0,0.0,0.0,0.0,0.0,5,10,1,0
2665,2017-10-08,3dd2a17168ec895c781a9191c1e95ad7,0.0,0.0,0.0,0.0,0.0,0.0,0.0,0.0,6,10,1,0
2675,2017-10-09,3dd2a17168ec895c781a9191c1e95ad7,0.0,0.0,0.0,0.0,0.0,0.0,0.0,0.0,0,10,0,0
2685,2017-10-10,3dd2a17168ec895c781a9191c1e95ad7,0.0,0.0,0.0,0.0,0.0,0.0,0.0,0.0,1,10,0,0
2695,2017-10-11,3dd2a17168ec895c781a9191c1e95ad7,0.0,0.0,0.0,0.0,0.0,0.0,0.0,0.0,2,10,0,0
2705,2017-10-12,3dd2a17168ec895c781a9191c1e95ad7,0.0,0.0,0.0,0.0,0.0,0.0,0.0,0.0,3,10,0,0
2715,2017-10-13,3dd2a17168ec895c781a9191c1e95ad7,0.0,0.0,0.0,0.0,0.0,0.0,0.0,0.0,4,10,0,0
2725,2017-10-14,3dd2a17168ec895c781a9191c1e95ad7,0.0,0.0,0.0,0.0,0.0,0.0,0.0,0.0,5,10,1,0
2735,2017-10-15,3dd2a17168ec895c781a9191c1e95ad7,0.0,0.0,0.0,0.0,0.0,0.0,0.0,0.0,6,10,1,0
2745,2017-10-16,3dd2a17168ec895c781a9191c1e95ad7,0.0,0.0,0.0,0.0,0.0,0.0,0.0,0.0,0,10,0,0
2755,2017-10-17,3dd2a17168ec895c781a9191c1e95ad7,0.0,0.0,0.0,0.0,0.0,0.0,0.0,0.0,1,10,0,0
2765,2017-10-18,3dd2a17168ec895c781a9191c1e95ad7,0.0,0.0,0.0,0.0,0.0,0.0,0.0,0.0,2,10,0,0
2775,2017-10-19,3dd2a17168ec895c781a9191c1e95ad7,0.0,0.0,0.0,0.0,0.0,0.0,0.0,0.0,3,10,0,0
2785,2017-10-20,3dd2a17168ec895c781a9191c1e95ad7,0.0,0.0,0.0,0.0,0.0,0.0,0.0,0.0,4,10,0,0
2795,2017-10-21,3dd2a17168ec895c781a9191c1e95ad7,0.0,0.0,0.0,0.0,0.0,0.0,0.0,0.0,5,10,1,0
2805,2017-10-22,3dd2a17168ec895c781a9191c1e95ad7,0.0,0.0,0.0,0.0,0.0,0.0,0.0,0.0,6,10,1,0
2815,2017-10-23,3dd2a17168ec895c781a9191c1e95ad7,0.0,0.0,0.0,0.0,0.0,0.0,0.0,0.0,0,10,0,0
2825,2017-10-24,3dd2a17168ec895c781a9191c1e95ad7,0.0,0.0,0.0,0.0,0.0,0.0,0.0,0.0,1,10,0,0
2835,2017-10-25,3dd2a17168ec895c781a9191c1e95ad7,0.0,0.0,0.0,0.0,0.0,0.0,0.0,0.0,2,10,0,0
2845,2017-10-26,3dd2a17168ec895c781a9191c1e95ad7,0.0,0.0,0.0,0.0,0.0,0.0,0.0,0.0,3,10,0,0
2855,2017-10-27,3dd2a17168ec895c781a9191c1e95ad7,0.0,0.0,0.0,0.0,0.0,0.0,0.0,0.0,4,10,0,0
2865,2017-10-28,3dd2a17168ec895c781a9191c1e95ad7,0.0,0.0,0.0,0.0,0.0,0.0,0.0,0.0,5,10,1,0
2875,2017-10-29,3dd2a17168ec895c781a9191c1e95ad7,0.0,0.0,0.0,0.0,0.0,0.0,0.0,0.0,6,10,1,0
2885,2017-10-30,3dd2a17168ec895c781a9191c1e95ad7,0.0,0.0,0.0,0.0,0.0,0.0,0.0,0.0,0,10,0,0
2895,2017-10-31,3dd2a17168ec895c781a9191c1e95ad7,0.0,0.0,0.0,0.0,0.0,0.0,0.0,0.0,1,10,0,0
2905,2017-11-01,3dd2a17168ec895c781a9191c1e95ad7,0.0,0.0,0.0,0.0,0.0,0.0,0.0,0.0,2,11,0,1
2915,2017-11-02,3dd2a17168ec895c781a9191c1e95ad7,0.0,0.0,0.0,0.0,0.0,0.0,0.0,0.0,3,11,0,1
2925,2017-11-03,3dd2a17168ec895c781a9191c1e95ad7,0.0,0.0,0.0,0.0,0.0,0.0,0.0,0.0,4,11,0,1
2935,2017-11-04,3dd2a17168ec895c781a9191c1e95ad7,0.0,0.0,0.0,0.0,0.0,0.0,0.0,0.0,5,11,1,1
2945,2017-11-05,3dd2a17168ec895c781a9191c1e95ad7,0.0,0.0,0.0,0.0,0.0,0.0,0.0,0.0,6,11,1,1
2955,2017-11-06,3dd2a17168ec895c781a9191c1e95ad7,0.0,0.0,0.0,0.0,0.0,0.0,0.0,0.0,0,11,0,1
2965,2017-11-07,3dd2a17168ec895c781a9191c1e95ad7,0.0,0.0,0.0,0.0,0.0,0.0,0.0,0.0,1,11,0,1
2975,2017-11-08,3dd2a17168ec895c781a9191c1e95ad7,0.0,0.0,0.0,0.0,0.0,0.0,0.0,0.0,2,11,0,1
2985,2017-11-09,3dd2a17168ec895c781a9191c1e95ad7,0.0,0.0,0.0,0.0,0.0,0.0,0.0,0.0,3,11,0,1
2995,2017-11-10,3dd2a17168ec895c781a9191c1e95ad7,0.0,0.0,0.0,0.0,0.0,0.0,0.0,0.0,4,11,0,1
3005,2017-11-11,3dd2a17168ec895c781a9191c1e95ad7,0.0,0.0,0.0,0.0,0.0,0.0,0.0,0.0,5,11,1,1
3015,2017-11-12,3dd2a17168ec895c781a9191c1e95ad7,0.0,0.0,0.0,0.0,0.0,0.0,0.0,0.0,6,11,1,1
3025,2017-11-13,3dd2a17168ec895c781a9191c1e95ad7,0.0,0.0,0.0,0.0,0.0,0.0,0.0,0.0,0,11,0,1
3035,2017-11-14,3dd2a17168ec895c781a9191c1e95ad7,0.0,0.0,0.0,0.0,0.0,0.0,0.0,0.0,1,11,0,1
3045,2017-11-15,3dd2a17168ec895c781a9191c1e95ad7,0.0,0.0,0.0,0.0,0.0,0.0,0.0,0.0,2,11,0,1
3055,2017-11-16,3dd2a17168ec895c781a9191c1e95ad7,0.0,0.0,0.0,0.0,0.0,0.0,0.0,0.0,3,11,0,1
3065,2017-11-17,3dd2a17168ec895c781a9191c1e95ad7,0.0,0.0,0.0,0.0,0.0,0.0,0.0,0.0,4,11,0,1
3075,2017-11-18,3dd2a17168ec895c781a9191c1e95ad7,0.0,0.0,0.0,0.0,0.0,0.0,0.0,0.0,5,11,1,1
3085,2017-11-19,3dd2a17168ec895c781a9191c1e95ad7,0.0,0.0,0.0,0.0,0.0,0.0,0.0,0.0,6,11,1,1
3095,2017-11-20,3dd2a17168ec895c781a9191c1e95ad7,0.0,0.0,0.0,0.0,0.0,0.0,0.0,0.0,0,11,0,1
3105,2017-11-21,3dd2a17168ec895c781a9191c1e95ad7,0.0,0.0,0.0,0.0,0.0,0.0,0.0,0.0,1,11,0,1
3115,2017-11-22,3dd2a17168ec895c781a9191c1e95ad7,0.0,0.0,0.0,0.0,0.0,0.0,0.0,0.0,2,11,0,1
3125,2017-11-23,3dd2a17168ec895c781a9191c1e95ad7,0.0,0.0,0.0,0.0,0.0,0.0,0.0,0.0,3,11,0,1
3135,2017-11-24,3dd2a17168ec895c781a9191c1e95ad7,0.0,0.0,0.0,0.0,0.0,0.0,0.0,0.0,4,11,0,1
3145,2017-11-25,3dd2a17168ec895c781a9191c1e95ad7,0.0,0.0,0.0,0.0,0.0,0.0,0.0,0.0,5,11,1,1
3155,2017-11-26,3dd2a17168ec895c781a9191c1e95ad7,0.0,0.0,0.0,0.0,0.0,0.0,0.0,0.0,6,11,1,1
3165,2017-11-27,3dd2a17168ec895c781a9191c1e95ad7,0.0,0.0,0.0,0.0,0.0,0.0,0.0,0.0,0,11,0,1
3175,2017-11-28,3dd2a17168ec895c781a9191c1e95ad7,0.0,0.0,0.0,0.0,0.0,0.0,0.0,0.0,1,11,0,1
3185,2017-11-29,3dd2a17168ec895c781a9191c1e95ad7,0.0,0.0,0.0,0.0,0.0,0.0,0.0,0.0,2,11,0,1
3195,2017-11-30,3dd2a17168ec895c781a9191c1e95ad7,0.0,0.0,0.0,0.0,0.0,0.0,0.0,0.0,3,11,0,1
3205,2017-12-01,3dd2a17168ec895c781a9191c1e95ad7,0.0,0.0,0.0,0.0,0.0,0.0,0.0,0.0,4,12,0,0
3215,2017-12-02,3dd2a17168ec895c781a9191c1e95ad7,0.0,0.0,0.0,0.0,0.0,0.0,0.0,0.0,5,12,1,0
3225,2017-12-03,3dd2a17168ec895c781a9191c1e95ad7,0.0,0.0,0.0,0.0,0.0,0.0,0.0,0.0,6,12,1,0
3235,2017-12-04,3dd2a17168ec895c781a9191c1e95ad7,0.0,0.0,0.0,0.0,0.0,0.0,0.0,0.0,0,12,0,0
3245,2017-12-05,3dd2a17168ec895c781a9191c1e95ad7,0.0,0.0,0.0,0.0,0.0,0.0,0.0,0.0,1,12,0,0
3255,2017-12-06,3dd2a17168ec895c781a9191c1e95ad7,0.0,0.0,0.0,0.0,0.0,0.0,0.0,0.0,2,12,0,0
3265,2017-12-07,3dd2a17168ec895c781a9191c1e95ad7,0.0,0.0,0.0,0.0,0.0,0.0,0.0,0.0,3,12,0,0
3275,2017-12-08,3dd2a17168ec895c781a9191c1e95ad7,0.0,0.0,0.0,0.0,0.0,0.0,0.0,0.0,4,12,0,0
3285,2017-12-09,3dd2a17168ec895c781a9191c1e95ad7,0.0,0.0,0.0,0.0,0.0,0.0,0.0,0.0,5,12,1,0
3295,2017-12-10,3dd2a17168ec895c781a9191c1e95ad7,0.0,0.0,0.0,0.0,0.0,0.0,0.0,0.0,6,12,1,0
3305,2017-12-11,3dd2a17168ec895c781a9191c1e95ad7,0.0,0.0,0.0,0.0,0.0,0.0,0.0,0.0,0,12,0,0
3315,2017-12-12,3dd2a17168ec895c781a9191c1e95ad7,0.0,0.0,0.0,0.0,0.0,0.0,0.0,0.0,1,12,0,0
3325,2017-12-13,3dd2a17168ec895c781a9191c1e95ad7,0.0,0.0,0.0,0.0,0.0,0.0,0.0,0.0,2,12,0,0
3335,2017-12-14,3dd2a17168ec895c781a9191c1e95ad7,0.0,0.0,0.0,0.0,0.0,0.0,0.0,0.0,3,12,0,0
3345,2017-12-15,3dd2a17168ec895c781a9191c1e95ad7,0.0,0.0,0.0,0.0,0.0,0.0,0.0,0.0,4,12,0,0
3355,2017-12-16,3dd2a17168ec895c781a9191c1e95ad7,0.0,0.0,0.0,0.0,0.0,0.0,0.0,0.0,5,12,1,0
3365,2017-12-17,3dd2a17168ec895c781a9191c1e95ad7,0.0,0.0,0.0,0.0,0.0,0.0,0.0,0.0,6,12,1,0
3375,2017-12-18,3dd2a17168ec895c781a9191c1e95ad7,0.0,0.0,0.0,0.0,0.0,0.0,0.0,0.0,0,12,0,0
3385,2017-12-19,3dd2a17168ec895c781a9191c1e95ad7,0.0,0.0,0.0,0.0,0.0,0.0,0.0,0.0,1,12,0,0
3395,2017-12-20,3dd2a17168ec895c781a9191c1e95ad7,0.0,0.0,0.0,0.0,0.0,0.0,0.0,0.0,2,12,0,0
3405,2017-12-21,3dd2a17168ec895c781a9191c1e95ad7,0.0,0.0,0.0,0.0,0.0,0.0,0.0,0.0,3,12,0,0
3415,2017-12-22,3dd2a17168ec895c781a9191c1e95ad7,0.0,0.0,0.0,0.0,0.0,0.0,0.0,0.0,4,12,0,0
3425,2017-12-23,3dd2a17168ec895c781a9191c1e95ad7,0.0,0.0,0.0,0.0,0.0,0.0,0.0,0.0,5,12,1,0
3435,2017-12-24,3dd2a17168ec895c781a9191c1e95ad7,0.0,0.0,0.0,0.0,0.0,0.0,0.0,0.0,6,12,1,0
3445,2017-12-25,3dd2a17168ec895c781a9191c1e95ad7,0.0,0.0,0.0,0.0,0.0,0.0,0.0,0.0,0,12,0,0
3455,2017-12-26,3dd2a17168ec895c781a9191c1e95ad7,0.0,0.0,0.0,0.0,0.0,0.0,0.0,0.0,1,12,0,0
3465,2017-12-27,3dd2a17168ec895c781a9191c1e95ad7,0.0,0.0,0.0,0.0,0.0,0.0,0.0,0.0,2,12,0,0
3475,2017-12-28,3dd2a17168ec895c781a9191c1e95ad7,0.0,0.0,0.0,0.0,0.0,0.0,0.0,0.0,3,12,0,0
3485,2017-12-29,3dd2a17168ec895c781a9191c1e95ad7,0.0,0.0,0.0,0.0,0.0,0.0,0.0,0.0,4,12,0,0
3495,2017-12-30,3dd2a17168ec895c781a9191c1e95ad7,0.0,0.0,0.0,0.0,0.0,0.0,0.0,0.0,5,12,1,0
3505,2017-12-31,3dd2a17168ec895c781a9191c1e95ad7,0.0,0.0,0.0,0.0,0.0,0.0,0.0,0.0,6,12,1,0
3515,2018-01-01,3dd2a17168ec895c781a9191c1e95ad7,0.0,0.0,0.0,0.0,0.0,0.0,0.0,0.0,0,1,0,0
3525,2018-01-02,3dd2a17168ec895c781a9191c1e95ad7,0.0,0.0,0.0,0.0,0.0,0.0,0.0,0.0,1,1,0,0
3535,2018-01-03,3dd2a17168ec895c781a9191c1e95ad7,0.0,0.0,0.0,0.0,0.0,0.0,0.0,0.0,2,1,0,0
3545,2018-01-04,3dd2a17168ec895c781a9191c1e95ad7,0.0,0.0,0.0,0.0,0.0,0.0,0.0,0.0,3,1,0,0
3555,2018-01-05,3dd2a17168ec895c781a9191c1e95ad7,0.0,0.0,0.0,0.0,0.0,0.0,0.0,0.0,4,1,0,0
3565,2018-01-06,3dd2a17168ec895c781a9191c1e95ad7,0.0,0.0,0.0,0.0,0.0,0.0,0.0,0.0,5,1,1,0
3575,2018-01-07,3dd2a17168ec895c781a9191c1e95ad7,0.0,0.0,0.0,0.0,0.0,0.0,0.0,0.0,6,1,1,0
3585,2018-01-08,3dd2a17168ec895c781a9191c1e95ad7,0.0,0.0,0.0,0.0,0.0,0.0,0.0,0.0,0,1,0,0
3595,2018-01-09,3dd2a17168ec895c781a9191c1e95ad7,0.0,0.0,0.0,0.0,0.0,0.0,0.0,0.0,1,1,0,0
3605,2018-01-10,3dd2a17168ec895c781a9191c1e95ad7,1.0,0.0,0.0,0.0,0.0,0.14285714285714285,0.37796447300922725,1.0,2,1,0,0
3615,2018-01-11,3dd2a17168ec895c781a9191c1e95ad7,0.0,1.0,0.0,0.0,0.0,0.14285714285714285,0.37796447300922725,-1.0,3,1,0,0
3625,2018-01-12,3dd2a17168ec895c781a9191c1e95ad7,1.0,0.0,1.0,0.0,0.0,0.2857142857142857,0.4879500364742666,1.0,4,1,0,0
3635,2018-01-13,3dd2a17168ec895c781a9191c1e95ad7,0.0,1.0,0.0,1.0,0.0,0.2857142857142857,0.48795003647426666,-1.0,5,1,1,0
3645,2018-01-14,3dd2a17168ec895c781a9191c1e95ad7,0.0,0.0,1.0,0.0,0.0,0.2857142857142857,0.48795003647426666,0.0,6,1,1,0
3655,2018-01-15,3dd2a17168ec895c781a9191c1e95ad7,0.0,0.0,0.0,1.0,0.0,0.2857142857142857,0.48795003647426666,0.0,0,1,0,0
3665,2018-01-16,3dd2a17168ec895c781a9191c1e95ad7,1.0,0.0,0.0,0.0,0.0,0.42857142857142855,0.5345224838248488,1.0,1,1,0,0
3675,2018-01-17,3dd2a17168ec895c781a9191c1e95ad7,1.0,1.0,0.0,0.0,1.0,0.42857142857142855,0.5345224838248488,0.0,2,1,0,0
3685,2018-01-18,3dd2a17168ec895c781a9191c1e95ad7,3.0,1.0,1.0,0.0,0.0,0.8571428571428571,1.0690449676496976,2.0,3,1,0,0
3695,2018-01-19,3dd2a17168ec895c781a9191c1e95ad7,3.0,3.0,1.0,1.0,1.0,1.1428571428571428,1.3451854182690985,0.0,4,1,0,0
3705,2018-01-20,3dd2a17168ec895c781a9191c1e95ad7,4.0,3.0,3.0,1.0,0.0,1.7142857142857142,1.6035674514745464,1.0,5,1,1,0
3715,2018-01-21,3dd2a17168ec895c781a9191c1e95ad7,0.0,4.0,3.0,3.0,0.0,1.7142857142857142,1.6035674514745464,-4.0,6,1,1,0
3725,2018-01-22,3dd2a17168ec895c781a9191c1e95ad7,1.0,0.0,4.0,3.0,0.0,1.8571428571428572,1.4638501094227998,1.0,0,1,0,0
3735,2018-01-23,3dd2a17168ec895c781a9191c1e95ad7,0.0,1.0,0.0,4.0,1.0,1.7142857142857142,1.6035674514745464,-1.0,1,1,0,0
3745,2018-01-24,3dd2a17168ec895c781a9191c1e95ad7,0.0,0.0,1.0,0.0,1.0,1.5714285714285714,1.7182493859684491,0.0,2,1,0,0
3755,2018-01-25,3dd2a17168ec895c781a9191c1e95ad7,1.0,0.0,0.0,1.0,3.0,1.2857142857142858,1.6035674514745464,1.0,3,1,0,0
3765,2018-01-26,3dd2a17168ec895c781a9191c1e95ad7,2.0,1.0,0.0,0.0,3.0,1.1428571428571428,1.4638501094227998,1.0,4,1,0,0
3775,2018-01-27,3dd2a17168ec895c781a9191c1e95ad7,0.0,2.0,1.0,0.0,4.0,0.5714285714285714,0.7867957924694434,-2.0,5,1,1,0
3785,2018-01-28,3dd2a17168ec895c781a9191c1e95ad7,0.0,0.0,2.0,1.0,0.0,0.5714285714285714,0.7867957924694434,0.0,6,1,1,0
3795,2018-01-29,3dd2a17168ec895c781a9191c1e95ad7,1.0,0.0,0.0,2.0,1.0,0.5714285714285714,0.7867957924694434,1.0,0,1,0,0
3805,2018-01-30,3dd2a17168ec895c781a9191c1e95ad7,2.0,1.0,0.0,0.0,0.0,0.8571428571428571,0.8997354108424376,1.0,1,1,0,0
3815,2018-01-31,3dd2a17168ec895c781a9191c1e95ad7,1.0,2.0,1.0,0.0,0.0,1.0,0.8164965809277263,-1.0,2,1,0,0
3825,2018-02-01,3dd2a17168ec895c781a9191c1e95ad7,2.0,1.0,2.0,1.0,1.0,1.1428571428571428,0.8997354108424377,1.0,3,2,0,0
3835,2018-02-02,3dd2a17168ec895c781a9191c1e95ad7,0.0,2.0,1.0,2.0,2.0,0.8571428571428571,0.8997354108424376,-2.0,4,2,0,0
3845,2018-02-03,3dd2a17168ec895c781a9191c1e95ad7,3.0,0.0,2.0,1.0,0.0,1.2857142857142858,1.112697280528374,3.0,5,2,1,0
3855,2018-02-04,3dd2a17168ec895c781a9191c1e95ad7,0.0,3.0,0.0,2.0,0.0,1.2857142857142858,1.112697280528374,-3.0,6,2,1,0
3865,2018-02-05,3dd2a17168ec895c781a9191c1e95ad7,3.0,0.0,3.0,0.0,1.0,1.5714285714285714,1.2724180205607039,3.0,0,2,0,0
3875,2018-02-06,3dd2a17168ec895c781a9191c1e95ad7,4.0,3.0,0.0,3.0,2.0,1.8571428571428572,1.5735915849388864,1.0,1,2,0,0
3885,2018-02-07,3dd2a17168ec895c781a9191c1e95ad7,5.0,4.0,3.0,0.0,1.0,2.4285714285714284,1.902379462422684,1.0,2,2,0,0
3895,2018-02-08,3dd2a17168ec895c781a9191c1e95ad7,0.0,5.0,4.0,3.0,2.0,2.142857142857143,2.1157009420498154,-5.0,3,2,0,0
3905,2018-02-09,3dd2a17168ec895c781a9191c1e95ad7,5.0,0.0,5.0,4.0,0.0,2.857142857142857,2.1157009420498154,5.0,4,2,0,0
3915,2018-02-10,3dd2a17168ec895c781a9191c1e95ad7,1.0,5.0,0.0,5.0,3.0,2.5714285714285716,2.2253945610567474,-4.0,5,2,1,0
3925,2018-02-11,3dd2a17168ec895c781a9191c1e95ad7,1.0,1.0,5.0,0.0,0.0,2.7142857142857144,2.0586634591635513,0.0,6,2,1,0
3935,2018-02-12,3dd2a17168ec895c781a9191c1e95ad7,1.0,1.0,1.0,5.0,3.0,2.4285714285714284,2.14919697074224,0.0,0,2,0,0
3945,2018-02-13,3dd2a17168ec895c781a9191c1e95ad7,1.0,1.0,1.0,1.0,4.0,2.0,2.081665999466133,0.0,1,2,0,0
3955,2018-02-14,3dd2a17168ec895c781a9191c1e95ad7,1.0,1.0,1.0,1.0,5.0,1.4285714285714286,1.6183471874253748,0.0,2,2,0,0
3965,2018-02-15,3dd2a17168ec895c781a9191c1e95ad7,1.0,1.0,1.0,1.0,0.0,1.5714285714285714,1.5118578920369095,0.0,3,2,0,0
3975,2018-02-16,3dd2a17168ec895c781a9191c1e95ad7,5.0,1.0,1.0,1.0,5.0,1.5714285714285714,1.511857892036909,4.0,4,2,0,0
3985,2018-02-17,3dd2a17168ec895c781a9191c1e95ad7,0.0,5.0,1.0,1.0,1.0,1.4285714285714286,1.618347187425374,-5.0,5,2,1,0
3995,2018-02-18,3dd2a17168ec895c781a9191c1e95ad7,0.0,0.0,5.0,1.0,1.0,1.2857142857142858,1.7043362064926935,0.0,6,2,1,0
4005,2018-02-19,3dd2a17168ec895c781a9191c1e95ad7,5.0,0.0,0.0,5.0,1.0,1.8571428571428572,2.1930626551751344,5.0,0,2,0,0
4015,2018-02-20,3dd2a17168ec895c781a9191c1e95ad7,5.0,5.0,0.0,0.0,1.0,2.4285714285714284,2.4397501823713332,0.0,1,2,0,0
4025,2018-02-21,3dd2a17168ec895c781a9191c1e95ad7,3.0,5.0,5.0,0.0,1.0,2.7142857142857144,2.3603873774083297,-2.0,2,2,0,0
4035,2018-02-22,3dd2a17168ec895c781a9191c1e95ad7,4.0,3.0,5.0,5.0,1.0,3.142857142857143,2.267786838055364,1.0,3,2,0,0
4045,2018-02-23,3dd2a17168ec895c781a9191c1e95ad7,4.0,4.0,3.0,5.0,5.0,3.0,2.1602468994692874,0.0,4,2,0,0
4055,2018-02-24,3dd2a17168ec895c781a9191c1e95ad7,1.0,4.0,4.0,3.0,0.0,3.142857142857143,1.9518001458970669,-3.0,5,2,1,0
4065,2018-02-25,3dd2a17168ec895c781a9191c1e95ad7,3.0,1.0,4.0,4.0,0.0,3.5714285714285716,1.3972762620115446,2.0,6,2,1,0
4075,2018-02-26,3dd2a17168ec895c781a9191c1e95ad7,2.0,3.0,1.0,4.0,5.0,3.142857142857143,1.345185418269099,-1.0,0,2,0,0
4085,2018-02-27,3dd2a17168ec895c781a9191c1e95ad7,5.0,2.0,3.0,1.0,5.0,3.142857142857143,1.345185418269099,3.0,1,2,0,0
4095,2018-02-28,3dd2a17168ec895c781a9191c1e95ad7,4.0,5.0,2.0,3.0,3.0,3.2857142857142856,1.3801311186847092,-1.0,2,2,0,0
4105,2018-03-01,3dd2a17168ec895c781a9191c1e95ad7,3.0,4.0,5.0,2.0,4.0,3.142857142857143,1.345185418269099,-1.0,3,3,0,0
4115,2018-03-02,3dd2a17168ec895c781a9191c1e95ad7,0.0,3.0,4.0,5.0,4.0,2.5714285714285716,1.7182493859684496,-3.0,4,3,0,0
4125,2018-03-03,3dd2a17168ec895c781a9191c1e95ad7,1.0,0.0,3.0,4.0,1.0,2.5714285714285716,1.7182493859684496,1.0,5,3,1,0
4135,2018-03-04,3dd2a17168ec895c781a9191c1e95ad7,1.0,1.0,0.0,3.0,3.0,2.2857142857142856,1.799470821684875,0.0,6,3,1,0
4145,2018-03-05,3dd2a17168ec895c781a9191c1e95ad7,2.0,1.0,1.0,0.0,2.0,2.2857142857142856,1.799470821684875,1.0,0,3,0,0
4155,2018-03-06,3dd2a17168ec895c781a9191c1e95ad7,2.0,2.0,1.0,1.0,5.0,1.8571428571428572,1.3451854182690988,0.0,1,3,0,0
4165,2018-03-07,3dd2a17168ec895c781a9191c1e95ad7,2.0,2.0,2.0,1.0,4.0,1.5714285714285714,0.9759000729485331,0.0,2,3,0,0
4175,2018-03-08,3dd2a17168ec895c781a9191c1e95ad7,3.0,2.0,2.0,2.0,3.0,1.5714285714285714,0.9759000729485331,1.0,3,3,0,0
4185,2018-03-09,3dd2a17168ec895c781a9191c1e95ad7,4.0,3.0,2.0,2.0,0.0,2.142857142857143,1.0690449676496978,1.0,4,3,0,0
4195,2018-03-10,3dd2a17168ec895c781a9191c1e95ad7,1.0,4.0,3.0,2.0,1.0,2.142857142857143,1.0690449676496978,-3.0,5,3,1,0
4205,2018-03-11,3dd2a17168ec895c781a9191c1e95ad7,6.0,1.0,4.0,3.0,1.0,2.857142857142857,1.676163419695052,5.0,6,3,1,0
4215,2018-03-12,3dd2a17168ec895c781a9191c1e95ad7,1.0,6.0,1.0,4.0,2.0,2.7142857142857144,1.799470821684875,-5.0,0,3,0,0
4225,2018-03-13,3dd2a17168ec895c781a9191c1e95ad7,2.0,1.0,6.0,1.0,2.0,2.7142857142857144,1.799470821684875,1.0,1,3,0,0
4235,2018-03-14,3dd2a17168ec895c781a9191c1e95ad7,0.0,2.0,1.0,6.0,2.0,2.4285714285714284,2.0701966780270626,-2.0,2,3,0,0
4245,2018-03-15,3dd2a17168ec895c781a9191c1e95ad7,2.0,0.0,2.0,1.0,3.0,2.2857142857142856,2.0586634591635513,2.0,3,3,0,0
4255,2018-03-16,3dd2a17168ec895c781a9191c1e95ad7,0.0,2.0,0.0,2.0,4.0,1.7142857142857142,2.0586634591635513,-2.0,4,3,0,0
4265,2018-03-17,3dd2a17168ec895c781a9191c1e95ad7,1.0,0.0,2.0,0.0,1.0,1.7142857142857142,2.0586634591635513,1.0,5,3,1,0
4275,2018-03-18,3dd2a17168ec895c781a9191c1e95ad7,1.0,1.0,0.0,2.0,6.0,1.0,0.8164965809277264,0.0,6,3,1,0
4285,2018-03-19,3dd2a17168ec895c781a9191c1e95ad7,0.0,1.0,1.0,0.0,1.0,0.8571428571428571,0.8997354108424377,-1.0,0,3,0,0
4295,2018-03-20,3dd2a17168ec895c781a9191c1e95ad7,1.0,0.0,1.0,1.0,2.0,0.7142857142857143,0.7559289460184546,1.0,1,3,0,0
4305,2018-03-21,3dd2a17168ec895c781a9191c1e95ad7,2.0,1.0,0.0,1.0,0.0,1.0,0.8164965809277264,1.0,2,3,0,0
4315,2018-03-22,3dd2a17168ec895c781a9191c1e95ad7,5.0,2.0,1.0,0.0,2.0,1.4285714285714286,1.7182493859684496,3.0,3,3,0,0
4325,2018-03-23,3dd2a17168ec895c781a9191c1e95ad7,0.0,5.0,2.0,1.0,0.0,1.4285714285714286,1.7182493859684496,-5.0,4,3,0,0
4335,2018-03-24,3dd2a17168ec895c781a9191c1e95ad7,0.0,0.0,5.0,2.0,1.0,1.2857142857142858,1.799470821684875,0.0,5,3,1,0
4345,2018-03-25,3dd2a17168ec895c781a9191c1e95ad7,0.0,0.0,0.0,5.0,1.0,1.1428571428571428,1.864454471471609,0.0,6,3,1,0
4355,2018-03-26,3dd2a17168ec895c781a9191c1e95ad7,4.0,0.0,0.0,0.0,0.0,1.7142857142857142,2.0586634591635518,4.0,0,3,0,0
4365,2018-03-27,3dd2a17168ec895c781a9191c1e95ad7,1.0,4.0,0.0,0.0,1.0,1.7142857142857142,2.0586634591635518,-3.0,1,3,0,0
4375,2018-03-28,3dd2a17168ec895c781a9191c1e95ad7,2.0,1.0,4.0,0.0,2.0,1.7142857142857142,2.0586634591635518,1.0,2,3,0,0
4385,2018-03-29,3dd2a17168ec895c781a9191c1e95ad7,2.0,2.0,1.0,4.0,5.0,1.2857142857142858,1.4960264830861913,0.0,3,3,0,0
4395,2018-03-30,3dd2a17168ec895c781a9191c1e95ad7,1.0,2.0,2.0,1.0,0.0,1.4285714285714286,1.3972762620115442,-1.0,4,3,0,0
4405,2018-03-31,3dd2a17168ec895c781a9191c1e95ad7,1.0,1.0,2.0,2.0,0.0,1.5714285714285714,1.272418020560704,0.0,5,3,1,0
4415,2018-04-01,3dd2a17168ec895c781a9191c1e95ad7,0.0,1.0,1.0,2.0,0.0,1.5714285714285714,1.272418020560704,-1.0,6,4,1,0
4425,2018-04-02,3dd2a17168ec895c781a9191c1e95ad7,3.0,0.0,1.0,1.0,4.0,1.4285714285714286,0.9759000729485336,3.0,0,4,0,0
4435,2018-04-03,3dd2a17168ec895c781a9191c1e95ad7,6.0,3.0,0.0,1.0,1.0,2.142857142857143,1.951800145897067,3.0,1,4,0,0
4445,2018-04-04,3dd2a17168ec895c781a9191c1e95ad7,2.0,6.0,3.0,0.0,2.0,2.142857142857143,1.951800145897067,-4.0,2,4,0,0
4455,2018-04-05,3dd2a17168ec895c781a9191c1e95ad7,1.0,2.0,6.0,3.0,2.0,2.0,2.0000000000000004,-1.0,3,4,0,0
4465,2018-04-06,3dd2a17168ec895c781a9191c1e95ad7,0.0,1.0,2.0,6.0,1.0,1.8571428571428572,2.115700942049816,-1.0,4,4,0,0
4475,2018-04-07,3dd2a17168ec895c781a9191c1e95ad7,0.0,0.0,1.0,2.0,1.0,1.7142857142857142,2.2146697055682836,0.0,5,4,1,0
4485,2018-04-08,3dd2a17168ec895c781a9191c1e95ad7,0.0,0.0,0.0,1.0,0.0,1.7142857142857142,2.2146697055682836,0.0,6,4,1,0
4495,2018-04-09,3dd2a17168ec895c781a9191c1e95ad7,0.0,0.0,0.0,0.0,3.0,1.2857142857142858,2.2146697055682836,0.0,0,4,0,0
4505,2018-04-10,3dd2a17168ec895c781a9191c1e95ad7,1.0,0.0,0.0,0.0,6.0,0.5714285714285714,0.786795792469444,1.0,1,4,0,0
4515,2018-04-11,3dd2a17168ec895c781a9191c1e95ad7,0.0,1.0,0.0,0.0,2.0,0.2857142857142857,0.48795003647426743,-1.0,2,4,0,0
4525,2018-04-12,3dd2a17168ec895c781a9191c1e95ad7,0.0,0.0,1.0,0.0,1.0,0.14285714285714285,0.3779644730092279,0.0,3,4,0,0
4535,2018-04-13,3dd2a17168ec895c781a9191c1e95ad7,1.0,0.0,0.0,1.0,0.0,0.2857142857142857,0.48795003647426743,1.0,4,4,0,0
4545,2018-04-14,3dd2a17168ec895c781a9191c1e95ad7,0.0,1.0,0.0,0.0,0.0,0.2857142857142857,0.48795003647426743,-1.0,5,4,1,0
4555,2018-04-15,3dd2a17168ec895c781a9191c1e95ad7,1.0,0.0,1.0,0.0,0.0,0.42857142857142855,0.5345224838248498,1.0,6,4,1,0
4565,2018-04-16,3dd2a17168ec895c781a9191c1e95ad7,3.0,1.0,0.0,1.0,0.0,0.8571428571428571,1.0690449676496985,2.0,0,4,0,0
4575,2018-04-17,3dd2a17168ec895c781a9191c1e95ad7,1.0,3.0,1.0,0.0,1.0,0.8571428571428571,1.0690449676496985,-2.0,1,4,0,0
4585,2018-04-18,3dd2a17168ec895c781a9191c1e95ad7,3.0,1.0,3.0,1.0,0.0,1.2857142857142858,1.2535663410560185,2.0,2,4,0,0
4595,2018-04-19,3dd2a17168ec895c781a9191c1e95ad7,1.0,3.0,1.0,3.0,0.0,1.4285714285714286,1.133893419027683,-2.0,3,4,0,0
4605,2018-04-20,3dd2a17168ec895c781a9191c1e95ad7,0.0,1.0,3.0,1.0,1.0,1.2857142857142858,1.2535663410560185,-1.0,4,4,0,0
4615,2018-04-21,3dd2a17168ec895c781a9191c1e95ad7,0.0,0.0,1.0,3.0,0.0,1.2857142857142858,1.2535663410560185,0.0,5,4,1,0
4625,2018-04-22,3dd2a17168ec895c781a9191c1e95ad7,0.0,0.0,0.0,1.0,1.0,1.1428571428571428,1.3451854182690994,0.0,6,4,1,0
4635,2018-04-23,3dd2a17168ec895c781a9191c1e95ad7,4.0,0.0,0.0,0.0,3.0,1.2857142857142858,1.6035674514745473,4.0,0,4,0,0
4645,2018-04-24,3dd2a17168ec895c781a9191c1e95ad7,1.0,4.0,0.0,0.0,1.0,1.2857142857142858,1.6035674514745473,-3.0,1,4,0,0
4655,2018-04-25,3dd2a17168ec895c781a9191c1e95ad7,3.0,1.0,4.0,0.0,3.0,1.2857142857142858,1.6035674514745473,2.0,2,4,0,0
4665,2018-04-26,3dd2a17168ec895c781a9191c1e95ad7,0.0,3.0,1.0,4.0,1.0,1.1428571428571428,1.6761634196950523,-3.0,3,4,0,0
4675,2018-04-27,3dd2a17168ec895c781a9191c1e95ad7,2.0,0.0,3.0,1.0,0.0,1.4285714285714286,1.618347187425375,2.0,4,4,0,0
4685,2018-04-28,3dd2a17168ec895c781a9191c1e95ad7,0.0,2.0,0.0,3.0,0.0,1.4285714285714286,1.6183471874253752,-2.0,5,4,1,0
4695,2018-04-29,3dd2a17168ec895c781a9191c1e95ad7,0.0,0.0,2.0,0.0,0.0,1.4285714285714286,1.6183471874253752,0.0,6,4,1,0
4705,2018-04-30,3dd2a17168ec895c781a9191c1e95ad7,2.0,0.0,0.0,2.0,4.0,1.1428571428571428,1.2149857925879128,2.0,0,4,0,0
4715,2018-05-01,3dd2a17168ec895c781a9191c1e95ad7,3.0,2.0,0.0,0.0,1.0,1.4285714285714286,1.3972762620115449,1.0,1,5,0,0
4725,2018-05-02,3dd2a17168ec895c781a9191c1e95ad7,2.0,3.0,2.0,0.0,3.0,1.2857142857142858,1.2535663410560185,-1.0,2,5,0,0
4735,2018-05-03,3dd2a17168ec895c781a9191c1e95ad7,1.0,2.0,3.0,2.0,0.0,1.4285714285714286,1.133893419027683,-1.0,3,5,0,0
4745,2018-05-04,3dd2a17168ec895c781a9191c1e95ad7,1.0,1.0,2.0,3.0,2.0,1.2857142857142858,1.1126972805283748,0.0,4,5,0,0
4755,2018-05-05,3dd2a17168ec895c781a9191c1e95ad7,1.0,1.0,1.0,2.0,0.0,1.4285714285714286,0.9759000729485346,0.0,5,5,1,0
4765,2018-05-06,3dd2a17168ec895c781a9191c1e95ad7,1.0,1.0,1.0,1.0,0.0,1.5714285714285714,0.7867957924694452,0.0,6,5,1,0
4775,2018-05-07,3dd2a17168ec895c781a9191c1e95ad7,0.0,1.0,1.0,1.0,2.0,1.2857142857142858,0.9511897312113432,-1.0,0,5,0,0
4785,2018-05-08,3dd2a17168ec895c781a9191c1e95ad7,1.0,0.0,1.0,1.0,3.0,1.0,0.5773502691896275,1.0,1,5,0,0
4795,2018-05-09,3dd2a17168ec895c781a9191c1e95ad7,7.0,1.0,0.0,1.0,2.0,1.7142857142857142,2.36038737740833,6.0,2,5,0,0
4805,2018-05-10,3dd2a17168ec895c781a9191c1e95ad7,4.0,7.0,1.0,0.0,1.0,2.142857142857143,2.4784787961282113,-3.0,3,5,0,0
4815,2018-05-11,3dd2a17168ec895c781a9191c1e95ad7,3.0,4.0,7.0,1.0,1.0,2.4285714285714284,2.4397501823713337,-1.0,4,5,0,0
4825,2018-05-12,3dd2a17168ec895c781a9191c1e95ad7,0.0,3.0,4.0,7.0,1.0,2.2857142857142856,2.5634797778466236,-3.0,5,5,1,0
4835,2018-05-13,3dd2a17168ec895c781a9191c1e95ad7,0.0,0.0,3.0,4.0,1.0,2.142857142857143,2.6726124191242446,0.0,6,5,1,0
4845,2018-05-14,3dd2a17168ec895c781a9191c1e95ad7,4.0,0.0,0.0,3.0,0.0,2.7142857142857144,2.563479777846624,4.0,0,5,0,0
4855,2018-05-15,3dd2a17168ec895c781a9191c1e95ad7,5.0,4.0,0.0,0.0,1.0,3.2857142857142856,2.5634797778466245,1.0,1,5,0,0
4865,2018-05-16,3dd2a17168ec895c781a9191c1e95ad7,3.0,5.0,4.0,0.0,7.0,2.7142857142857144,1.976047040118709,-2.0,2,5,0,0
4875,2018-05-17,3dd2a17168ec895c781a9191c1e95ad7,2.0,3.0,5.0,4.0,4.0,2.4285714285714284,1.902379462422685,-1.0,3,5,0,0
4885,2018-05-18,3dd2a17168ec895c781a9191c1e95ad7,3.0,2.0,3.0,5.0,3.0,2.4285714285714284,1.902379462422685,1.0,4,5,0,0
4895,2018-05-19,3dd2a17168ec895c781a9191c1e95ad7,0.0,3.0,2.0,3.0,0.0,2.4285714285714284,1.902379462422685,-3.0,5,5,1,0
4905,2018-05-20,3dd2a17168ec895c781a9191c1e95ad7,0.0,0.0,3.0,2.0,0.0,2.4285714285714284,1.902379462422685,0.0,6,5,1,0
4915,2018-05-21,3dd2a17168ec895c781a9191c1e95ad7,2.0,0.0,0.0,3.0,4.0,2.142857142857143,1.7728105208558376,2.0,0,5,0,0
4925,2018-05-22,3dd2a17168ec895c781a9191c1e95ad7,1.0,2.0,0.0,0.0,5.0,1.5714285714285714,1.2724180205607043,-1.0,1,5,0,0
4935,2018-05-23,3dd2a17168ec895c781a9191c1e95ad7,3.0,1.0,2.0,0.0,3.0,1.5714285714285714,1.2724180205607043,2.0,2,5,0,0
4945,2018-05-24,3dd2a17168ec895c781a9191c1e95ad7,0.0,3.0,1.0,2.0,2.0,1.2857142857142858,1.380131118684709,-3.0,3,5,0,0
4955,2018-05-25,3dd2a17168ec895c781a9191c1e95ad7,0.0,0.0,3.0,1.0,3.0,0.8571428571428571,1.2149857925879117,0.0,4,5,0,0
4965,2018-05-26,3dd2a17168ec895c781a9191c1e95ad7,1.0,0.0,0.0,3.0,0.0,1.0,1.1547005383792517,1.0,5,5,1,0
4975,2018-05-27,3dd2a17168ec895c781a9191c1e95ad7,1.0,1.0,0.0,0.0,0.0,1.1428571428571428,1.069044967649698,0.0,6,5,1,0
4985,2018-05-28,3dd2a17168ec895c781a9191c1e95ad7,0.0,1.0,1.0,0.0,2.0,0.8571428571428571,1.0690449676496976,-1.0,0,5,0,0
4995,2018-05-29,3dd2a17168ec895c781a9191c1e95ad7,1.0,0.0,1.0,1.0,1.0,0.8571428571428571,1.0690449676496976,1.0,1,5,0,0
5005,2018-05-30,3dd2a17168ec895c781a9191c1e95ad7,2.0,1.0,0.0,1.0,3.0,0.7142857142857143,0.7559289460184544,1.0,2,5,0,0
5015,2018-05-31,3dd2a17168ec895c781a9191c1e95ad7,0.0,2.0,1.0,0.0,0.0,0.7142857142857143,0.7559289460184544,-2.0,3,5,0,0
5025,2018-06-01,3dd2a17168ec895c781a9191c1e95ad7,1.0,0.0,2.0,1.0,0.0,0.8571428571428571,0.6900655593423545,1.0,4,6,0,0
5035,2018-06-02,3dd2a17168ec895c781a9191c1e95ad7,1.0,1.0,0.0,2.0,1.0,0.8571428571428571,0.6900655593423545,0.0,5,6,1,0
5045,2018-06-03,3dd2a17168ec895c781a9191c1e95ad7,1.0,1.0,1.0,0.0,1.0,0.8571428571428571,0.6900655593423545,0.0,6,6,1,0
5055,2018-06-04,3dd2a17168ec895c781a9191c1e95ad7,2.0,1.0,1.0,1.0,0.0,1.1428571428571428,0.6900655593423549,1.0,0,6,0,0
5065,2018-06-05,3dd2a17168ec895c781a9191c1e95ad7,3.0,2.0,1.0,1.0,1.0,1.4285714285714286,0.9759000729485342,1.0,1,6,0,0
5075,2018-06-06,3dd2a17168ec895c781a9191c1e95ad7,1.0,3.0,2.0,1.0,2.0,1.2857142857142858,0.9511897312113425,-2.0,2,6,0,0
5085,2018-06-07,3dd2a17168ec895c781a9191c1e95ad7,1.0,1.0,3.0,2.0,0.0,1.4285714285714286,0.7867957924694443,0.0,3,6,0,0
5095,2018-06-08,3dd2a17168ec895c781a9191c1e95ad7,1.0,1.0,1.0,3.0,1.0,1.4285714285714286,0.7867957924694443,0.0,4,6,0,0
5105,2018-06-09,3dd2a17168ec895c781a9191c1e95ad7,1.0,1.0,1.0,1.0,1.0,1.4285714285714286,0.7867957924694443,0.0,5,6,1,0
5115,2018-06-10,3dd2a17168ec895c781a9191c1e95ad7,2.0,1.0,1.0,1.0,1.0,1.5714285714285714,0.7867957924694446,1.0,6,6,1,0
5125,2018-06-11,3dd2a17168ec895c781a9191c1e95ad7,1.0,2.0,1.0,1.0,2.0,1.4285714285714286,0.7867957924694443,-1.0,0,6,0,0
5135,2018-06-12,3dd2a17168ec895c781a9191c1e95ad7,2.0,1.0,2.0,1.0,3.0,1.2857142857142858,0.48795003647426793,1.0,1,6,0,0
5145,2018-06-13,3dd2a17168ec895c781a9191c1e95ad7,0.0,2.0,1.0,2.0,1.0,1.1428571428571428,0.6900655593423548,-2.0,2,6,0,0
5155,2018-06-14,3dd2a17168ec895c781a9191c1e95ad7,0.0,0.0,2.0,1.0,1.0,1.0,0.8164965809277263,0.0,3,6,0,0
5165,2018-06-15,3dd2a17168ec895c781a9191c1e95ad7,1.0,0.0,0.0,2.0,1.0,1.0,0.8164965809277263,1.0,4,6,0,0
5175,2018-06-16,3dd2a17168ec895c781a9191c1e95ad7,1.0,1.0,0.0,0.0,1.0,1.0,0.8164965809277263,0.0,5,6,1,0
5185,2018-06-17,3dd2a17168ec895c781a9191c1e95ad7,0.0,1.0,1.0,0.0,2.0,0.7142857142857143,0.7559289460184541,-1.0,6,6,1,0
5195,2018-06-18,3dd2a17168ec895c781a9191c1e95ad7,1.0,0.0,1.0,1.0,1.0,0.7142857142857143,0.7559289460184541,1.0,0,6,0,0
5205,2018-06-19,3dd2a17168ec895c781a9191c1e95ad7,0.0,1.0,0.0,1.0,2.0,0.42857142857142855,0.5345224838248473,-1.0,1,6,0,0
5215,2018-06-20,3dd2a17168ec895c781a9191c1e95ad7,1.0,0.0,1.0,0.0,0.0,0.5714285714285714,0.5345224838248478,1.0,2,6,0,0
5225,2018-06-21,3dd2a17168ec895c781a9191c1e95ad7,1.0,1.0,0.0,1.0,0.0,0.7142857142857143,0.48795003647426605,0.0,3,6,0,0
5235,2018-06-22,3dd2a17168ec895c781a9191c1e95ad7,0.0,1.0,1.0,0.0,1.0,0.5714285714285714,0.5345224838248478,-1.0,4,6,0,0
5245,2018-06-23,3dd2a17168ec895c781a9191c1e95ad7,0.0,0.0,1.0,1.0,1.0,0.42857142857142855,0.5345224838248473,0.0,5,6,1,0
5255,2018-06-24,3dd2a17168ec895c781a9191c1e95ad7,0.0,0.0,0.0,1.0,0.0,0.42857142857142855,0.5345224838248473,0.0,6,6,1,0
5265,2018-06-25,3dd2a17168ec895c781a9191c1e95ad7,1.0,0.0,0.0,0.0,1.0,0.42857142857142855,0.5345224838248473,1.0,0,6,0,0
5275,2018-06-26,3dd2a17168ec895c781a9191c1e95ad7,1.0,1.0,0.0,0.0,0.0,0.5714285714285714,0.5345224838248478,0.0,1,6,0,0
5285,2018-06-27,3dd2a17168ec895c781a9191c1e95ad7,1.0,1.0,1.0,0.0,1.0,0.5714285714285714,0.5345224838248478,0.0,2,6,0,0
5295,2018-06-28,3dd2a17168ec895c781a9191c1e95ad7,2.0,1.0,1.0,1.0,1.0,0.7142857142857143,0.7559289460184541,1.0,3,6,0,0
5305,2018-06-29,3dd2a17168ec895c781a9191c1e95ad7,0.0,2.0,1.0,1.0,0.0,0.7142857142857143,0.7559289460184541,-2.0,4,6,0,0
5315,2018-06-30,3dd2a17168ec895c781a9191c1e95ad7,0.0,0.0,2.0,1.0,0.0,0.7142857142857143,0.7559289460184541,0.0,5,6,1,0
5325,2018-07-01,3dd2a17168ec895c781a9191c1e95ad7,0.0,0.0,0.0,2.0,0.0,0.7142857142857143,0.7559289460184541,0.0,6,7,1,0
5335,2018-07-02,3dd2a17168ec895c781a9191c1e95ad7,0.0,0.0,0.0,0.0,1.0,0.5714285714285714,0.7867957924694425,0.0,0,7,0,0
5345,2018-07-03,3dd2a17168ec895c781a9191c1e95ad7,0.0,0.0,0.0,0.0,1.0,0.42857142857142855,0.7867957924694422,0.0,1,7,0,0
5355,2018-07-04,3dd2a17168ec895c781a9191c1e95ad7,1.0,0.0,0.0,0.0,1.0,0.42857142857142855,0.7867957924694422,1.0,2,7,0,0
5365,2018-07-05,3dd2a17168ec895c781a9191c1e95ad7,1.0,1.0,0.0,0.0,2.0,0.2857142857142857,0.4879500364742645,0.0,3,7,0,0
5375,2018-07-06,3dd2a17168ec895c781a9191c1e95ad7,0.0,1.0,1.0,0.0,0.0,0.2857142857142857,0.4879500364742645,-1.0,4,7,0,0
5385,2018-07-07,3dd2a17168ec895c781a9191c1e95ad7,0.0,0.0,1.0,1.0,0.0,0.2857142857142857,0.4879500364742645,0.0,5,7,1,0
5395,2018-07-08,3dd2a17168ec895c781a9191c1e95ad7,1.0,0.0,0.0,1.0,0.0,0.42857142857142855,0.5345224838248473,1.0,6,7,1,0
5405,2018-07-09,3dd2a17168ec895c781a9191c1e95ad7,1.0,1.0,0.0,0.0,0.0,0.5714285714285714,0.5345224838248478,0.0,0,7,0,0
5415,2018-07-10,3dd2a17168ec895c781a9191c1e95ad7,0.0,1.0,1.0,0.0,0.0,0.5714285714285714,0.5345224838248478,-1.0,1,7,0,0
5425,2018-07-11,3dd2a17168ec895c781a9191c1e95ad7,0.0,0.0,1.0,1.0,1.0,0.42857142857142855,0.5345224838248473,0.0,2,7,0,0
5435,2018-07-12,3dd2a17168ec895c781a9191c1e95ad7,0.0,0.0,0.0,1.0,1.0,0.2857142857142857,0.4879500364742645,0.0,3,7,0,0
5445,2018-07-13,3dd2a17168ec895c781a9191c1e95ad7,3.0,0.0,0.0,0.0,0.0,0.7142857142857143,1.1126972805283735,3.0,4,7,0,0
5455,2018-07-14,3dd2a17168ec895c781a9191c1e95ad7,0.0,3.0,0.0,0.0,0.0,0.7142857142857143,1.1126972805283735,-3.0,5,7,1,0
5465,2018-07-15,3dd2a17168ec895c781a9191c1e95ad7,0.0,0.0,3.0,0.0,1.0,0.5714285714285714,1.1338934190276813,0.0,6,7,1,0
5475,2018-07-16,3dd2a17168ec895c781a9191c1e95ad7,4.0,0.0,0.0,3.0,1.0,1.0,1.7320508075688776,4.0,0,7,0,0
5485,2018-07-17,3dd2a17168ec895c781a9191c1e95ad7,0.0,4.0,0.0,0.0,0.0,1.0,1.7320508075688776,-4.0,1,7,0,0
5495,2018-07-18,3dd2a17168ec895c781a9191c1e95ad7,1.0,0.0,4.0,0.0,0.0,1.1428571428571428,1.676163419695052,1.0,2,7,0,0
5505,2018-07-19,3dd2a17168ec895c781a9191c1e95ad7,0.0,1.0,0.0,4.0,0.0,1.1428571428571428,1.676163419695052,-1.0,3,7,0,0
5515,2018-07-20,3dd2a17168ec895c781a9191c1e95ad7,0.0,0.0,1.0,0.0,3.0,0.7142857142857143,1.4960264830861911,0.0,4,7,0,0
5525,2018-07-21,3dd2a17168ec895c781a9191c1e95ad7,0.0,0.0,0.0,1.0,0.0,0.7142857142857143,1.4960264830861911,0.0,5,7,1,0
5535,2018-07-22,3dd2a17168ec895c781a9191c1e95ad7,0.0,0.0,0.0,0.0,0.0,0.7142857142857143,1.4960264830861911,0.0,6,7,1,0
5545,2018-07-23,3dd2a17168ec895c781a9191c1e95ad7,0.0,0.0,0.0,0.0,4.0,0.14285714285714285,0.3779644730092241,0.0,0,7,0,0
5555,2018-07-24,3dd2a17168ec895c781a9191c1e95ad7,0.0,0.0,0.0,0.0,0.0,0.14285714285714285,0.3779644730092241,0.0,1,7,0,0
5565,2018-07-25,3dd2a17168ec895c781a9191c1e95ad7,0.0,0.0,0.0,0.0,1.0,0.0,0.0,0.0,2,7,0,0
5575,2018-07-26,3dd2a17168ec895c781a9191c1e95ad7,0.0,0.0,0.0,0.0,0.0,0.0,0.0,0.0,3,7,0,0
5585,2018-07-27,3dd2a17168ec895c781a9191c1e95ad7,1.0,0.0,0.0,0.0,0.0,0.14285714285714285,0.37796447300922725,1.0,4,7,0,0
5595,2018-07-28,3dd2a17168ec895c781a9191c1e95ad7,0.0,1.0,0.0,0.0,0.0,0.14285714285714285,0.37796447300922725,-1.0,5,7,1,0
5605,2018-07-29,3dd2a17168ec895c781a9191c1e95ad7,0.0,0.0,1.0,0.0,0.0,0.14285714285714285,0.37796447300922725,0.0,6,7,1,0
5615,2018-07-30,3dd2a17168ec895c781a9191c1e95ad7,0.0,0.0,0.0,1.0,0.0,0.14285714285714285,0.37796447300922725,0.0,0,7,0,0
5625,2018-07-31,3dd2a17168ec895c781a9191c1e95ad7,0.0,0.0,0.0,0.0,0.0,0.14285714285714285,0.37796447300922725,0.0,1,7,0,0
5635,2018-08-01,3dd2a17168ec895c781a9191c1e95ad7,1.0,0.0,0.0,0.0,0.0,0.2857142857142857,0.4879500364742666,1.0,2,8,0,0
5645,2018-08-02,3dd2a17168ec895c781a9191c1e95ad7,0.0,1.0,0.0,0.0,0.0,0.2857142857142857,0.48795003647426666,-1.0,3,8,0,0
5655,2018-08-03,3dd2a17168ec895c781a9191c1e95ad7,1.0,0.0,1.0,0.0,1.0,0.2857142857142857,0.48795003647426666,1.0,4,8,0,0
5665,2018-08-04,3dd2a17168ec895c781a9191c1e95ad7,0.0,1.0,0.0,1.0,0.0,0.2857142857142857,0.48795003647426666,-1.0,5,8,1,0
5675,2018-08-05,3dd2a17168ec895c781a9191c1e95ad7,1.0,0.0,1.0,0.0,0.0,0.42857142857142855,0.5345224838248488,1.0,6,8,1,0
5685,2018-08-06,3dd2a17168ec895c781a9191c1e95ad7,0.0,1.0,0.0,1.0,0.0,0.42857142857142855,0.5345224838248488,-1.0,0,8,0,0
5695,2018-08-07,3dd2a17168ec895c781a9191c1e95ad7,0.0,0.0,1.0,0.0,0.0,0.42857142857142855,0.5345224838248488,0.0,1,8,0,0
5705,2018-08-08,3dd2a17168ec895c781a9191c1e95ad7,1.0,0.0,0.0,1.0,1.0,0.42857142857142855,0.5345224838248488,1.0,2,8,0,0
5715,2018-08-09,3dd2a17168ec895c781a9191c1e95ad7,1.0,1.0,0.0,0.0,0.0,0.5714285714285714,0.5345224838248488,0.0,3,8,0,0
5725,2018-08-10,3dd2a17168ec895c781a9191c1e95ad7,0.0,1.0,1.0,0.0,1.0,0.42857142857142855,0.5345224838248488,-1.0,4,8,0,0
5735,2018-08-11,3dd2a17168ec895c781a9191c1e95ad7,0.0,0.0,1.0,1.0,0.0,0.42857142857142855,0.5345224838248488,0.0,5,8,1,0
5745,2018-08-12,3dd2a17168ec895c781a9191c1e95ad7,0.0,0.0,0.0,1.0,1.0,0.2857142857142857,0.48795003647426655,0.0,6,8,1,0
5755,2018-08-13,3dd2a17168ec895c781a9191c1e95ad7,0.0,0.0,0.0,0.0,0.0,0.2857142857142857,0.48795003647426655,0.0,0,8,0,0
5765,2018-08-14,3dd2a17168ec895c781a9191c1e95ad7,0.0,0.0,0.0,0.0,0.0,0.2857142857142857,0.48795003647426655,0.0,1,8,0,0
5775,2018-08-15,3dd2a17168ec895c781a9191c1e95ad7,0.0,0.0,0.0,0.0,1.0,0.14285714285714285,0.3779644730092271,0.0,2,8,0,0
5785,2018-08-16,3dd2a17168ec895c781a9191c1e95ad7,0.0,0.0,0.0,0.0,1.0,0.0,0.0,0.0,3,8,0,0
5795,2018-08-17,3dd2a17168ec895c781a9191c1e95ad7,0.0,0.0,0.0,0.0,0.0,0.0,0.0,0.0,4,8,0,0
5805,2018-08-18,3dd2a17168ec895c781a9191c1e95ad7,0.0,0.0,0.0,0.0,0.0,0.0,0.0,0.0,5,8,1,0
5815,2018-08-19,3dd2a17168ec895c781a9191c1e95ad7,0.0,0.0,0.0,0.0,0.0,0.0,0.0,0.0,6,8,1,0
5825,2018-08-20,3dd2a17168ec895c781a9191c1e95ad7,0.0,0.0,0.0,0.0,0.0,0.0,0.0,0.0,0,8,0,0
5835,2018-08-21,3dd2a17168ec895c781a9191c1e95ad7,0.0,0.0,0.0,0.0,0.0,0.0,0.0,0.0,1,8,0,0
5845,2018-08-22,3dd2a17168ec895c781a9191c1e95ad7,0.0,0.0,0.0,0.0,0.0,0.0,0.0,0.0,2,8,0,0
5855,2018-08-23,3dd2a17168ec895c781a9191c1e95ad7,0.0,0.0,0.0,0.0,0.0,0.0,0.0,0.0,3,8,0,0
5865,2018-08-24,3dd2a17168ec895c781a9191c1e95ad7,0.0,0.0,0.0,0.0,0.0,0.0,0.0,0.0,4,8,0,0
5875,2018-08-25,3dd2a17168ec895c781a9191c1e95ad7,0.0,0.0,0.0,0.0,0.0,0.0,0.0,0.0,5,8,1,0
5885,2018-08-26,3dd2a17168ec895c781a9191c1e95ad7,0.0,0.0,0.0,0.0,0.0,0.0,0.0,0.0,6,8,1,0
78,2017-01-22,53b36df67ebb7c41585e8d54d6772e08,0.0,0.0,0.0,0.0,0.0,0.0,0.0,0.0,6,1,1,0
88,2017-01-23,53b36df67ebb7c41585e8d54d6772e08,0.0,0.0,0.0,0.0,0.0,0.0,0.0,0.0,0,1,0,0
98,2017-01-24,53b36df67ebb7c41585e8d54d6772e08,0.0,0.0,0.0,0.0,0.0,0.0,0.0,0.0,1,1,0,0
108,2017-01-25,53b36df67ebb7c41585e8d54d6772e08,0.0,0.0,0.0,0.0,0.0,0.0,0.0,0.0,2,1,0,0
118,2017-01-26,53b36df67ebb7c41585e8d54d6772e08,0.0,0.0,0.0,0.0,0.0,0.0,0.0,0.0,3,1,0,0
128,2017-01-27,53b36df67ebb7c41585e8d54d6772e08,0.0,0.0,0.0,0.0,0.0,0.0,0.0,0.0,4,1,0,0
138,2017-01-28,53b36df67ebb7c41585e8d54d6772e08,0.0,0.0,0.0,0.0,0.0,0.0,0.0,0.0,5,1,1,0
148,2017-01-29,53b36df67ebb7c41585e8d54d6772e08,0.0,0.0,0.0,0.0,0.0,0.0,0.0,0.0,6,1,1,0
158,2017-01-30,53b36df67ebb7c41585e8d54d6772e08,0.0,0.0,0.0,0.0,0.0,0.0,0.0,0.0,0,1,0,0
168,2017-01-31,53b36df67ebb7c41585e8d54d6772e08,0.0,0.0,0.0,0.0,0.0,0.0,0.0,0.0,1,1,0,0
178,2017-02-01,53b36df67ebb7c41585e8d54d6772e08,0.0,0.0,0.0,0.0,0.0,0.0,0.0,0.0,2,2,0,0
188,2017-02-02,53b36df67ebb7c41585e8d54d6772e08,0.0,0.0,0.0,0.0,0.0,0.0,0.0,0.0,3,2,0,0
198,2017-02-03,53b36df67ebb7c41585e8d54d6772e08,0.0,0.0,0.0,0.0,0.0,0.0,0.0,0.0,4,2,0,0
208,2017-02-04,53b36df67ebb7c41585e8d54d6772e08,0.0,0.0,0.0,0.0,0.0,0.0,0.0,0.0,5,2,1,0
218,2017-02-05,53b36df67ebb7c41585e8d54d6772e08,0.0,0.0,0.0,0.0,0.0,0.0,0.0,0.0,6,2,1,0
228,2017-02-06,53b36df67ebb7c41585e8d54d6772e08,0.0,0.0,0.0,0.0,0.0,0.0,0.0,0.0,0,2,0,0
238,2017-02-07,53b36df67ebb7c41585e8d54d6772e08,0.0,0.0,0.0,0.0,0.0,0.0,0.0,0.0,1,2,0,0
248,2017-02-08,53b36df67ebb7c41585e8d54d6772e08,0.0,0.0,0.0,0.0,0.0,0.0,0.0,0.0,2,2,0,0
258,2017-02-09,53b36df67ebb7c41585e8d54d6772e08,0.0,0.0,0.0,0.0,0.0,0.0,0.0,0.0,3,2,0,0
268,2017-02-10,53b36df67ebb7c41585e8d54d6772e08,0.0,0.0,0.0,0.0,0.0,0.0,0.0,0.0,4,2,0,0
278,2017-02-11,53b36df67ebb7c41585e8d54d6772e08,0.0,0.0,0.0,0.0,0.0,0.0,0.0,0.0,5,2,1,0
288,2017-02-12,53b36df67ebb7c41585e8d54d6772e08,0.0,0.0,0.0,0.0,0.0,0.0,0.0,0.0,6,2,1,0
298,2017-02-13,53b36df67ebb7c41585e8d54d6772e08,0.0,0.0,0.0,0.0,0.0,0.0,0.0,0.0,0,2,0,0
308,2017-02-14,53b36df67ebb7c41585e8d54d6772e08,0.0,0.0,0.0,0.0,0.0,0.0,0.0,0.0,1,2,0,0
318,2017-02-15,53b36df67ebb7c41585e8d54d6772e08,0.0,0.0,0.0,0.0,0.0,0.0,0.0,0.0,2,2,0,0
328,2017-02-16,53b36df67ebb7c41585e8d54d6772e08,0.0,0.0,0.0,0.0,0.0,0.0,0.0,0.0,3,2,0,0
338,2017-02-17,53b36df67ebb7c41585e8d54d6772e08,0.0,0.0,0.0,0.0,0.0,0.0,0.0,0.0,4,2,0,0
348,2017-02-18,53b36df67ebb7c41585e8d54d6772e08,0.0,0.0,0.0,0.0,0.0,0.0,0.0,0.0,5,2,1,0
358,2017-02-19,53b36df67ebb7c41585e8d54d6772e08,0.0,0.0,0.0,0.0,0.0,0.0,0.0,0.0,6,2,1,0
368,2017-02-20,53b36df67ebb7c41585e8d54d6772e08,0.0,0.0,0.0,0.0,0.0,0.0,0.0,0.0,0,2,0,0
378,2017-02-21,53b36df67ebb7c41585e8d54d6772e08,0.0,0.0,0.0,0.0,0.0,0.0,0.0,0.0,1,2,0,0
388,2017-02-22,53b36df67ebb7c41585e8d54d6772e08,0.0,0.0,0.0,0.0,0.0,0.0,0.0,0.0,2,2,0,0
398,2017-02-23,53b36df67ebb7c41585e8d54d6772e08,0.0,0.0,0.0,0.0,0.0,0.0,0.0,0.0,3,2,0,0
408,2017-02-24,53b36df67ebb7c41585e8d54d6772e08,0.0,0.0,0.0,0.0,0.0,0.0,0.0,0.0,4,2,0,0
418,2017-02-25,53b36df67ebb7c41585e8d54d6772e08,0.0,0.0,0.0,0.0,0.0,0.0,0.0,0.0,5,2,1,0
428,2017-02-26,53b36df67ebb7c41585e8d54d6772e08,0.0,0.0,0.0,0.0,0.0,0.0,0.0,0.0,6,2,1,0
438,2017-02-27,53b36df67ebb7c41585e8d54d6772e08,0.0,0.0,0.0,0.0,0.0,0.0,0.0,0.0,0,2,0,0
448,2017-02-28,53b36df67ebb7c41585e8d54d6772e08,0.0,0.0,0.0,0.0,0.0,0.0,0.0,0.0,1,2,0,0
458,2017-03-01,53b36df67ebb7c41585e8d54d6772e08,0.0,0.0,0.0,0.0,0.0,0.0,0.0,0.0,2,3,0,0
468,2017-03-02,53b36df67ebb7c41585e8d54d6772e08,0.0,0.0,0.0,0.0,0.0,0.0,0.0,0.0,3,3,0,0
478,2017-03-03,53b36df67ebb7c41585e8d54d6772e08,0.0,0.0,0.0,0.0,0.0,0.0,0.0,0.0,4,3,0,0
488,2017-03-04,53b36df67ebb7c41585e8d54d6772e08,0.0,0.0,0.0,0.0,0.0,0.0,0.0,0.0,5,3,1,0
498,2017-03-05,53b36df67ebb7c41585e8d54d6772e08,0.0,0.0,0.0,0.0,0.0,0.0,0.0,0.0,6,3,1,0
508,2017-03-06,53b36df67ebb7c41585e8d54d6772e08,0.0,0.0,0.0,0.0,0.0,0.0,0.0,0.0,0,3,0,0
518,2017-03-07,53b36df67ebb7c41585e8d54d6772e08,0.0,0.0,0.0,0.0,0.0,0.0,0.0,0.0,1,3,0,0
528,2017-03-08,53b36df67ebb7c41585e8d54d6772e08,0.0,0.0,0.0,0.0,0.0,0.0,0.0,0.0,2,3,0,0
538,2017-03-09,53b36df67ebb7c41585e8d54d6772e08,0.0,0.0,0.0,0.0,0.0,0.0,0.0,0.0,3,3,0,0
548,2017-03-10,53b36df67ebb7c41585e8d54d6772e08,0.0,0.0,0.0,0.0,0.0,0.0,0.0,0.0,4,3,0,0
558,2017-03-11,53b36df67ebb7c41585e8d54d6772e08,0.0,0.0,0.0,0.0,0.0,0.0,0.0,0.0,5,3,1,0
568,2017-03-12,53b36df67ebb7c41585e8d54d6772e08,0.0,0.0,0.0,0.0,0.0,0.0,0.0,0.0,6,3,1,0
578,2017-03-13,53b36df67ebb7c41585e8d54d6772e08,0.0,0.0,0.0,0.0,0.0,0.0,0.0,0.0,0,3,0,0
588,2017-03-14,53b36df67ebb7c41585e8d54d6772e08,0.0,0.0,0.0,0.0,0.0,0.0,0.0,0.0,1,3,0,0
598,2017-03-15,53b36df67ebb7c41585e8d54d6772e08,0.0,0.0,0.0,0.0,0.0,0.0,0.0,0.0,2,3,0,0
608,2017-03-16,53b36df67ebb7c41585e8d54d6772e08,0.0,0.0,0.0,0.0,0.0,0.0,0.0,0.0,3,3,0,0
618,2017-03-17,53b36df67ebb7c41585e8d54d6772e08,0.0,0.0,0.0,0.0,0.0,0.0,0.0,0.0,4,3,0,0
628,2017-03-18,53b36df67ebb7c41585e8d54d6772e08,0.0,0.0,0.0,0.0,0.0,0.0,0.0,0.0,5,3,1,0
638,2017-03-19,53b36df67ebb7c41585e8d54d6772e08,0.0,0.0,0.0,0.0,0.0,0.0,0.0,0.0,6,3,1,0
648,2017-03-20,53b36df67ebb7c41585e8d54d6772e08,0.0,0.0,0.0,0.0,0.0,0.0,0.0,0.0,0,3,0,0
658,2017-03-21,53b36df67ebb7c41585e8d54d6772e08,0.0,0.0,0.0,0.0,0.0,0.0,0.0,0.0,1,3,0,0
668,2017-03-22,53b36df67ebb7c41585e8d54d6772e08,0.0,0.0,0.0,0.0,0.0,0.0,0.0,0.0,2,3,0,0
678,2017-03-23,53b36df67ebb7c41585e8d54d6772e08,0.0,0.0,0.0,0.0,0.0,0.0,0.0,0.0,3,3,0,0
688,2017-03-24,53b36df67ebb7c41585e8d54d6772e08,0.0,0.0,0.0,0.0,0.0,0.0,0.0,0.0,4,3,0,0
698,2017-03-25,53b36df67ebb7c41585e8d54d6772e08,0.0,0.0,0.0,0.0,0.0,0.0,0.0,0.0,5,3,1,0
708,2017-03-26,53b36df67ebb7c41585e8d54d6772e08,0.0,0.0,0.0,0.0,0.0,0.0,0.0,0.0,6,3,1,0
718,2017-03-27,53b36df67ebb7c41585e8d54d6772e08,0.0,0.0,0.0,0.0,0.0,0.0,0.0,0.0,0,3,0,0
728,2017-03-28,53b36df67ebb7c41585e8d54d6772e08,0.0,0.0,0.0,0.0,0.0,0.0,0.0,0.0,1,3,0,0
738,2017-03-29,53b36df67ebb7c41585e8d54d6772e08,0.0,0.0,0.0,0.0,0.0,0.0,0.0,0.0,2,3,0,0
748,2017-03-30,53b36df67ebb7c41585e8d54d6772e08,0.0,0.0,0.0,0.0,0.0,0.0,0.0,0.0,3,3,0,0
758,2017-03-31,53b36df67ebb7c41585e8d54d6772e08,0.0,0.0,0.0,0.0,0.0,0.0,0.0,0.0,4,3,0,0
768,2017-04-01,53b36df67ebb7c41585e8d54d6772e08,0.0,0.0,0.0,0.0,0.0,0.0,0.0,0.0,5,4,1,0
778,2017-04-02,53b36df67ebb7c41585e8d54d6772e08,0.0,0.0,0.0,0.0,0.0,0.0,0.0,0.0,6,4,1,0
788,2017-04-03,53b36df67ebb7c41585e8d54d6772e08,0.0,0.0,0.0,0.0,0.0,0.0,0.0,0.0,0,4,0,0
798,2017-04-04,53b36df67ebb7c41585e8d54d6772e08,0.0,0.0,0.0,0.0,0.0,0.0,0.0,0.0,1,4,0,0
808,2017-04-05,53b36df67ebb7c41585e8d54d6772e08,0.0,0.0,0.0,0.0,0.0,0.0,0.0,0.0,2,4,0,0
818,2017-04-06,53b36df67ebb7c41585e8d54d6772e08,0.0,0.0,0.0,0.0,0.0,0.0,0.0,0.0,3,4,0,0
828,2017-04-07,53b36df67ebb7c41585e8d54d6772e08,0.0,0.0,0.0,0.0,0.0,0.0,0.0,0.0,4,4,0,0
838,2017-04-08,53b36df67ebb7c41585e8d54d6772e08,0.0,0.0,0.0,0.0,0.0,0.0,0.0,0.0,5,4,1,0
848,2017-04-09,53b36df67ebb7c41585e8d54d6772e08,0.0,0.0,0.0,0.0,0.0,0.0,0.0,0.0,6,4,1,0
858,2017-04-10,53b36df67ebb7c41585e8d54d6772e08,0.0,0.0,0.0,0.0,0.0,0.0,0.0,0.0,0,4,0,0
868,2017-04-11,53b36df67ebb7c41585e8d54d6772e08,0.0,0.0,0.0,0.0,0.0,0.0,0.0,0.0,1,4,0,0
878,2017-04-12,53b36df67ebb7c41585e8d54d6772e08,0.0,0.0,0.0,0.0,0.0,0.0,0.0,0.0,2,4,0,0
888,2017-04-13,53b36df67ebb7c41585e8d54d6772e08,0.0,0.0,0.0,0.0,0.0,0.0,0.0,0.0,3,4,0,0
898,2017-04-14,53b36df67ebb7c41585e8d54d6772e08,0.0,0.0,0.0,0.0,0.0,0.0,0.0,0.0,4,4,0,0
908,2017-04-15,53b36df67ebb7c41585e8d54d6772e08,0.0,0.0,0.0,0.0,0.0,0.0,0.0,0.0,5,4,1,0
918,2017-04-16,53b36df67ebb7c41585e8d54d6772e08,0.0,0.0,0.0,0.0,0.0,0.0,0.0,0.0,6,4,1,0
928,2017-04-17,53b36df67ebb7c41585e8d54d6772e08,0.0,0.0,0.0,0.0,0.0,0.0,0.0,0.0,0,4,0,0
938,2017-04-18,53b36df67ebb7c41585e8d54d6772e08,0.0,0.0,0.0,0.0,0.0,0.0,0.0,0.0,1,4,0,0
948,2017-04-19,53b36df67ebb7c41585e8d54d6772e08,0.0,0.0,0.0,0.0,0.0,0.0,0.0,0.0,2,4,0,0
958,2017-04-20,53b36df67ebb7c41585e8d54d6772e08,0.0,0.0,0.0,0.0,0.0,0.0,0.0,0.0,3,4,0,0
968,2017-04-21,53b36df67ebb7c41585e8d54d6772e08,0.0,0.0,0.0,0.0,0.0,0.0,0.0,0.0,4,4,0,0
978,2017-04-22,53b36df67ebb7c41585e8d54d6772e08,0.0,0.0,0.0,0.0,0.0,0.0,0.0,0.0,5,4,1,0
988,2017-04-23,53b36df67ebb7c41585e8d54d6772e08,0.0,0.0,0.0,0.0,0.0,0.0,0.0,0.0,6,4,1,0
998,2017-04-24,53b36df67ebb7c41585e8d54d6772e08,0.0,0.0,0.0,0.0,0.0,0.0,0.0,0.0,0,4,0,0
1008,2017-04-25,53b36df67ebb7c41585e8d54d6772e08,0.0,0.0,0.0,0.0,0.0,0.0,0.0,0.0,1,4,0,0
1018,2017-04-26,53b36df67ebb7c41585e8d54d6772e08,0.0,0.0,0.0,0.0,0.0,0.0,0.0,0.0,2,4,0,0
1028,2017-04-27,53b36df67ebb7c41585e8d54d6772e08,0.0,0.0,0.0,0.0,0.0,0.0,0.0,0.0,3,4,0,0
1038,2017-04-28,53b36df67ebb7c41585e8d54d6772e08,0.0,0.0,0.0,0.0,0.0,0.0,0.0,0.0,4,4,0,0
1048,2017-04-29,53b36df67ebb7c41585e8d54d6772e08,0.0,0.0,0.0,0.0,0.0,0.0,0.0,0.0,5,4,1,0
1058,2017-04-30,53b36df67ebb7c41585e8d54d6772e08,0.0,0.0,0.0,0.0,0.0,0.0,0.0,0.0,6,4,1,0
1068,2017-05-01,53b36df67ebb7c41585e8d54d6772e08,0.0,0.0,0.0,0.0,0.0,0.0,0.0,0.0,0,5,0,0
1078,2017-05-02,53b36df67ebb7c41585e8d54d6772e08,0.0,0.0,0.0,0.0,0.0,0.0,0.0,0.0,1,5,0,0
1088,2017-05-03,53b36df67ebb7c41585e8d54d6772e08,0.0,0.0,0.0,0.0,0.0,0.0,0.0,0.0,2,5,0,0
1098,2017-05-04,53b36df67ebb7c41585e8d54d6772e08,0.0,0.0,0.0,0.0,0.0,0.0,0.0,0.0,3,5,0,0
1108,2017-05-05,53b36df67ebb7c41585e8d54d6772e08,0.0,0.0,0.0,0.0,0.0,0.0,0.0,0.0,4,5,0,0
1118,2017-05-06,53b36df67ebb7c41585e8d54d6772e08,0.0,0.0,0.0,0.0,0.0,0.0,0.0,0.0,5,5,1,0
1128,2017-05-07,53b36df67ebb7c41585e8d54d6772e08,0.0,0.0,0.0,0.0,0.0,0.0,0.0,0.0,6,5,1,0
1138,2017-05-08,53b36df67ebb7c41585e8d54d6772e08,0.0,0.0,0.0,0.0,0.0,0.0,0.0,0.0,0,5,0,0
1148,2017-05-09,53b36df67ebb7c41585e8d54d6772e08,0.0,0.0,0.0,0.0,0.0,0.0,0.0,0.0,1,5,0,0
1158,2017-05-10,53b36df67ebb7c41585e8d54d6772e08,0.0,0.0,0.0,0.0,0.0,0.0,0.0,0.0,2,5,0,0
1168,2017-05-11,53b36df67ebb7c41585e8d54d6772e08,0.0,0.0,0.0,0.0,0.0,0.0,0.0,0.0,3,5,0,0
1178,2017-05-12,53b36df67ebb7c41585e8d54d6772e08,0.0,0.0,0.0,0.0,0.0,0.0,0.0,0.0,4,5,0,0
1188,2017-05-13,53b36df67ebb7c41585e8d54d6772e08,0.0,0.0,0.0,0.0,0.0,0.0,0.0,0.0,5,5,1,0
1198,2017-05-14,53b36df67ebb7c41585e8d54d6772e08,0.0,0.0,0.0,0.0,0.0,0.0,0.0,0.0,6,5,1,0
1208,2017-05-15,53b36df67ebb7c41585e8d54d6772e08,0.0,0.0,0.0,0.0,0.0,0.0,0.0,0.0,0,5,0,0
1218,2017-05-16,53b36df67ebb7c41585e8d54d6772e08,0.0,0.0,0.0,0.0,0.0,0.0,0.0,0.0,1,5,0,0
1228,2017-05-17,53b36df67ebb7c41585e8d54d6772e08,0.0,0.0,0.0,0.0,0.0,0.0,0.0,0.0,2,5,0,0
1238,2017-05-18,53b36df67ebb7c41585e8d54d6772e08,0.0,0.0,0.0,0.0,0.0,0.0,0.0,0.0,3,5,0,0
1248,2017-05-19,53b36df67ebb7c41585e8d54d6772e08,0.0,0.0,0.0,0.0,0.0,0.0,0.0,0.0,4,5,0,0
1258,2017-05-20,53b36df67ebb7c41585e8d54d6772e08,0.0,0.0,0.0,0.0,0.0,0.0,0.0,0.0,5,5,1,0
1268,2017-05-21,53b36df67ebb7c41585e8d54d6772e08,0.0,0.0,0.0,0.0,0.0,0.0,0.0,0.0,6,5,1,0
1278,2017-05-22,53b36df67ebb7c41585e8d54d6772e08,0.0,0.0,0.0,0.0,0.0,0.0,0.0,0.0,0,5,0,0
1288,2017-05-23,53b36df67ebb7c41585e8d54d6772e08,0.0,0.0,0.0,0.0,0.0,0.0,0.0,0.0,1,5,0,0
1298,2017-05-24,53b36df67ebb7c41585e8d54d6772e08,0.0,0.0,0.0,0.0,0.0,0.0,0.0,0.0,2,5,0,0
1308,2017-05-25,53b36df67ebb7c41585e8d54d6772e08,0.0,0.0,0.0,0.0,0.0,0.0,0.0,0.0,3,5,0,0
1318,2017-05-26,53b36df67ebb7c41585e8d54d6772e08,0.0,0.0,0.0,0.0,0.0,0.0,0.0,0.0,4,5,0,0
1328,2017-05-27,53b36df67ebb7c41585e8d54d6772e08,0.0,0.0,0.0,0.0,0.0,0.0,0.0,0.0,5,5,1,0
1338,2017-05-28,53b36df67ebb7c41585e8d54d6772e08,0.0,0.0,0.0,0.0,0.0,0.0,0.0,0.0,6,5,1,0
1348,2017-05-29,53b36df67ebb7c41585e8d54d6772e08,0.0,0.0,0.0,0.0,0.0,0.0,0.0,0.0,0,5,0,0
1358,2017-05-30,53b36df67ebb7c41585e8d54d6772e08,0.0,0.0,0.0,0.0,0.0,0.0,0.0,0.0,1,5,0,0
1368,2017-05-31,53b36df67ebb7c41585e8d54d6772e08,0.0,0.0,0.0,0.0,0.0,0.0,0.0,0.0,2,5,0,0
1378,2017-06-01,53b36df67ebb7c41585e8d54d6772e08,0.0,0.0,0.0,0.0,0.0,0.0,0.0,0.0,3,6,0,0
1388,2017-06-02,53b36df67ebb7c41585e8d54d6772e08,0.0,0.0,0.0,0.0,0.0,0.0,0.0,0.0,4,6,0,0
1398,2017-06-03,53b36df67ebb7c41585e8d54d6772e08,0.0,0.0,0.0,0.0,0.0,0.0,0.0,0.0,5,6,1,0
1408,2017-06-04,53b36df67ebb7c41585e8d54d6772e08,0.0,0.0,0.0,0.0,0.0,0.0,0.0,0.0,6,6,1,0
1418,2017-06-05,53b36df67ebb7c41585e8d54d6772e08,0.0,0.0,0.0,0.0,0.0,0.0,0.0,0.0,0,6,0,0
1428,2017-06-06,53b36df67ebb7c41585e8d54d6772e08,0.0,0.0,0.0,0.0,0.0,0.0,0.0,0.0,1,6,0,0
1438,2017-06-07,53b36df67ebb7c41585e8d54d6772e08,0.0,0.0,0.0,0.0,0.0,0.0,0.0,0.0,2,6,0,0
1448,2017-06-08,53b36df67ebb7c41585e8d54d6772e08,0.0,0.0,0.0,0.0,0.0,0.0,0.0,0.0,3,6,0,0
1458,2017-06-09,53b36df67ebb7c41585e8d54d6772e08,0.0,0.0,0.0,0.0,0.0,0.0,0.0,0.0,4,6,0,0
1468,2017-06-10,53b36df67ebb7c41585e8d54d6772e08,0.0,0.0,0.0,0.0,0.0,0.0,0.0,0.0,5,6,1,0
1478,2017-06-11,53b36df67ebb7c41585e8d54d6772e08,1.0,0.0,0.0,0.0,0.0,0.14285714285714285,0.37796447300922725,1.0,6,6,1,0
1488,2017-06-12,53b36df67ebb7c41585e8d54d6772e08,1.0,1.0,0.0,0.0,0.0,0.2857142857142857,0.4879500364742666,0.0,0,6,0,0
1498,2017-06-13,53b36df67ebb7c41585e8d54d6772e08,0.0,1.0,1.0,0.0,0.0,0.2857142857142857,0.48795003647426666,-1.0,1,6,0,0
1508,2017-06-14,53b36df67ebb7c41585e8d54d6772e08,0.0,0.0,1.0,1.0,0.0,0.2857142857142857,0.48795003647426666,0.0,2,6,0,0
1518,2017-06-15,53b36df67ebb7c41585e8d54d6772e08,0.0,0.0,0.0,1.0,0.0,0.2857142857142857,0.48795003647426666,0.0,3,6,0,0
1528,2017-06-16,53b36df67ebb7c41585e8d54d6772e08,0.0,0.0,0.0,0.0,0.0,0.2857142857142857,0.48795003647426666,0.0,4,6,0,0
1538,2017-06-17,53b36df67ebb7c41585e8d54d6772e08,0.0,0.0,0.0,0.0,0.0,0.2857142857142857,0.48795003647426666,0.0,5,6,1,0
1548,2017-06-18,53b36df67ebb7c41585e8d54d6772e08,0.0,0.0,0.0,0.0,1.0,0.14285714285714285,0.3779644730092273,0.0,6,6,1,0
1558,2017-06-19,53b36df67ebb7c41585e8d54d6772e08,0.0,0.0,0.0,0.0,1.0,0.0,0.0,0.0,0,6,0,0
1568,2017-06-20,53b36df67ebb7c41585e8d54d6772e08,0.0,0.0,0.0,0.0,0.0,0.0,0.0,0.0,1,6,0,0
1578,2017-06-21,53b36df67ebb7c41585e8d54d6772e08,0.0,0.0,0.0,0.0,0.0,0.0,0.0,0.0,2,6,0,0
1588,2017-06-22,53b36df67ebb7c41585e8d54d6772e08,1.0,0.0,0.0,0.0,0.0,0.14285714285714285,0.37796447300922725,1.0,3,6,0,0
1598,2017-06-23,53b36df67ebb7c41585e8d54d6772e08,0.0,1.0,0.0,0.0,0.0,0.14285714285714285,0.37796447300922725,-1.0,4,6,0,0
1608,2017-06-24,53b36df67ebb7c41585e8d54d6772e08,0.0,0.0,1.0,0.0,0.0,0.14285714285714285,0.37796447300922725,0.0,5,6,1,0
1618,2017-06-25,53b36df67ebb7c41585e8d54d6772e08,0.0,0.0,0.0,1.0,0.0,0.14285714285714285,0.37796447300922725,0.0,6,6,1,0
1628,2017-06-26,53b36df67ebb7c41585e8d54d6772e08,0.0,0.0,0.0,0.0,0.0,0.14285714285714285,0.37796447300922725,0.0,0,6,0,0
1638,2017-06-27,53b36df67ebb7c41585e8d54d6772e08,1.0,0.0,0.0,0.0,0.0,0.2857142857142857,0.4879500364742666,1.0,1,6,0,0
1648,2017-06-28,53b36df67ebb7c41585e8d54d6772e08,0.0,1.0,0.0,0.0,0.0,0.2857142857142857,0.48795003647426666,-1.0,2,6,0,0
1658,2017-06-29,53b36df67ebb7c41585e8d54d6772e08,0.0,0.0,1.0,0.0,1.0,0.14285714285714285,0.3779644730092273,0.0,3,6,0,0
1668,2017-06-30,53b36df67ebb7c41585e8d54d6772e08,0.0,0.0,0.0,1.0,0.0,0.14285714285714285,0.3779644730092273,0.0,4,6,0,0
1678,2017-07-01,53b36df67ebb7c41585e8d54d6772e08,0.0,0.0,0.0,0.0,0.0,0.14285714285714285,0.3779644730092273,0.0,5,7,1,0
1688,2017-07-02,53b36df67ebb7c41585e8d54d6772e08,0.0,0.0,0.0,0.0,0.0,0.14285714285714285,0.3779644730092273,0.0,6,7,1,0
1698,2017-07-03,53b36df67ebb7c41585e8d54d6772e08,0.0,0.0,0.0,0.0,0.0,0.14285714285714285,0.3779644730092273,0.0,0,7,0,0
1708,2017-07-04,53b36df67ebb7c41585e8d54d6772e08,0.0,0.0,0.0,0.0,1.0,0.0,0.0,0.0,1,7,0,0
1718,2017-07-05,53b36df67ebb7c41585e8d54d6772e08,0.0,0.0,0.0,0.0,0.0,0.0,0.0,0.0,2,7,0,0
1728,2017-07-06,53b36df67ebb7c41585e8d54d6772e08,0.0,0.0,0.0,0.0,0.0,0.0,0.0,0.0,3,7,0,0
1738,2017-07-07,53b36df67ebb7c41585e8d54d6772e08,0.0,0.0,0.0,0.0,0.0,0.0,0.0,0.0,4,7,0,0
1748,2017-07-08,53b36df67ebb7c41585e8d54d6772e08,0.0,0.0,0.0,0.0,0.0,0.0,0.0,0.0,5,7,1,0
1758,2017-07-09,53b36df67ebb7c41585e8d54d6772e08,0.0,0.0,0.0,0.0,0.0,0.0,0.0,0.0,6,7,1,0
1768,2017-07-10,53b36df67ebb7c41585e8d54d6772e08,0.0,0.0,0.0,0.0,0.0,0.0,0.0,0.0,0,7,0,0
1778,2017-07-11,53b36df67ebb7c41585e8d54d6772e08,0.0,0.0,0.0,0.0,0.0,0.0,0.0,0.0,1,7,0,0
1788,2017-07-12,53b36df67ebb7c41585e8d54d6772e08,0.0,0.0,0.0,0.0,0.0,0.0,0.0,0.0,2,7,0,0
1798,2017-07-13,53b36df67ebb7c41585e8d54d6772e08,0.0,0.0,0.0,0.0,0.0,0.0,0.0,0.0,3,7,0,0
1808,2017-07-14,53b36df67ebb7c41585e8d54d6772e08,1.0,0.0,0.0,0.0,0.0,0.14285714285714285,0.37796447300922725,1.0,4,7,0,0
1818,2017-07-15,53b36df67ebb7c41585e8d54d6772e08,0.0,1.0,0.0,0.0,0.0,0.14285714285714285,0.37796447300922725,-1.0,5,7,1,0
1828,2017-07-16,53b36df67ebb7c41585e8d54d6772e08,0.0,0.0,1.0,0.0,0.0,0.14285714285714285,0.37796447300922725,0.0,6,7,1,0
1838,2017-07-17,53b36df67ebb7c41585e8d54d6772e08,0.0,0.0,0.0,1.0,0.0,0.14285714285714285,0.37796447300922725,0.0,0,7,0,0
1848,2017-07-18,53b36df67ebb7c41585e8d54d6772e08,0.0,0.0,0.0,0.0,0.0,0.14285714285714285,0.37796447300922725,0.0,1,7,0,0
1858,2017-07-19,53b36df67ebb7c41585e8d54d6772e08,0.0,0.0,0.0,0.0,0.0,0.14285714285714285,0.37796447300922725,0.0,2,7,0,0
1868,2017-07-20,53b36df67ebb7c41585e8d54d6772e08,0.0,0.0,0.0,0.0,0.0,0.14285714285714285,0.37796447300922725,0.0,3,7,0,0
1878,2017-07-21,53b36df67ebb7c41585e8d54d6772e08,2.0,0.0,0.0,0.0,1.0,0.2857142857142857,0.7559289460184545,2.0,4,7,0,0
1888,2017-07-22,53b36df67ebb7c41585e8d54d6772e08,0.0,2.0,0.0,0.0,0.0,0.2857142857142857,0.7559289460184545,-2.0,5,7,1,0
1898,2017-07-23,53b36df67ebb7c41585e8d54d6772e08,0.0,0.0,2.0,0.0,0.0,0.2857142857142857,0.7559289460184545,0.0,6,7,1,0
1908,2017-07-24,53b36df67ebb7c41585e8d54d6772e08,2.0,0.0,0.0,2.0,0.0,0.5714285714285714,0.9759000729485332,2.0,0,7,0,0
1918,2017-07-25,53b36df67ebb7c41585e8d54d6772e08,1.0,2.0,0.0,0.0,0.0,0.7142857142857143,0.9511897312113419,-1.0,1,7,0,0
1928,2017-07-26,53b36df67ebb7c41585e8d54d6772e08,0.0,1.0,2.0,0.0,0.0,0.7142857142857143,0.9511897312113419,-1.0,2,7,0,0
1938,2017-07-27,53b36df67ebb7c41585e8d54d6772e08,1.0,0.0,1.0,2.0,0.0,0.8571428571428571,0.8997354108424375,1.0,3,7,0,0
1948,2017-07-28,53b36df67ebb7c41585e8d54d6772e08,0.0,1.0,0.0,1.0,2.0,0.5714285714285714,0.7867957924694432,-1.0,4,7,0,0
1958,2017-07-29,53b36df67ebb7c41585e8d54d6772e08,1.0,0.0,1.0,0.0,0.0,0.7142857142857143,0.7559289460184545,1.0,5,7,1,0
1968,2017-07-30,53b36df67ebb7c41585e8d54d6772e08,1.0,1.0,0.0,1.0,0.0,0.8571428571428571,0.6900655593423543,0.0,6,7,1,0
1978,2017-07-31,53b36df67ebb7c41585e8d54d6772e08,2.0,1.0,1.0,0.0,2.0,0.8571428571428571,0.6900655593423543,1.0,0,7,0,0
1988,2017-08-01,53b36df67ebb7c41585e8d54d6772e08,1.0,2.0,1.0,1.0,1.0,0.8571428571428571,0.6900655593423543,-1.0,1,8,0,0
1998,2017-08-02,53b36df67ebb7c41585e8d54d6772e08,1.0,1.0,2.0,1.0,0.0,1.0,0.5773502691896258,0.0,2,8,0,0
2008,2017-08-03,53b36df67ebb7c41585e8d54d6772e08,0.0,1.0,1.0,2.0,1.0,0.8571428571428571,0.6900655593423543,-1.0,3,8,0,0
2018,2017-08-04,53b36df67ebb7c41585e8d54d6772e08,0.0,0.0,1.0,1.0,0.0,0.8571428571428571,0.6900655593423543,0.0,4,8,0,0
2028,2017-08-05,53b36df67ebb7c41585e8d54d6772e08,0.0,0.0,0.0,1.0,1.0,0.7142857142857143,0.7559289460184545,0.0,5,8,1,0
2038,2017-08-06,53b36df67ebb7c41585e8d54d6772e08,1.0,0.0,0.0,0.0,1.0,0.7142857142857143,0.7559289460184545,1.0,6,8,1,0
2048,2017-08-07,53b36df67ebb7c41585e8d54d6772e08,1.0,1.0,0.0,0.0,2.0,0.5714285714285714,0.5345224838248489,0.0,0,8,0,0
2058,2017-08-08,53b36df67ebb7c41585e8d54d6772e08,0.0,1.0,1.0,0.0,1.0,0.42857142857142855,0.5345224838248489,-1.0,1,8,0,0
2068,2017-08-09,53b36df67ebb7c41585e8d54d6772e08,0.0,0.0,1.0,1.0,1.0,0.2857142857142857,0.48795003647426666,0.0,2,8,0,0
2078,2017-08-10,53b36df67ebb7c41585e8d54d6772e08,1.0,0.0,0.0,1.0,0.0,0.42857142857142855,0.5345224838248489,1.0,3,8,0,0
2088,2017-08-11,53b36df67ebb7c41585e8d54d6772e08,0.0,1.0,0.0,0.0,0.0,0.42857142857142855,0.5345224838248489,-1.0,4,8,0,0
2098,2017-08-12,53b36df67ebb7c41585e8d54d6772e08,0.0,0.0,1.0,0.0,0.0,0.42857142857142855,0.5345224838248489,0.0,5,8,1,0
2108,2017-08-13,53b36df67ebb7c41585e8d54d6772e08,0.0,0.0,0.0,1.0,1.0,0.2857142857142857,0.48795003647426666,0.0,6,8,1,0
2118,2017-08-14,53b36df67ebb7c41585e8d54d6772e08,0.0,0.0,0.0,0.0,1.0,0.14285714285714285,0.3779644730092273,0.0,0,8,0,0
2128,2017-08-15,53b36df67ebb7c41585e8d54d6772e08,1.0,0.0,0.0,0.0,0.0,0.2857142857142857,0.4879500364742667,1.0,1,8,0,0
2138,2017-08-16,53b36df67ebb7c41585e8d54d6772e08,0.0,1.0,0.0,0.0,0.0,0.2857142857142857,0.4879500364742667,-1.0,2,8,0,0
2148,2017-08-17,53b36df67ebb7c41585e8d54d6772e08,0.0,0.0,1.0,0.0,1.0,0.14285714285714285,0.3779644730092273,0.0,3,8,0,0
2158,2017-08-18,53b36df67ebb7c41585e8d54d6772e08,0.0,0.0,0.0,1.0,0.0,0.14285714285714285,0.3779644730092273,0.0,4,8,0,0
2168,2017-08-19,53b36df67ebb7c41585e8d54d6772e08,1.0,0.0,0.0,0.0,0.0,0.2857142857142857,0.4879500364742667,1.0,5,8,1,0
2178,2017-08-20,53b36df67ebb7c41585e8d54d6772e08,0.0,1.0,0.0,0.0,0.0,0.2857142857142857,0.4879500364742667,-1.0,6,8,1,0
2188,2017-08-21,53b36df67ebb7c41585e8d54d6772e08,0.0,0.0,1.0,0.0,0.0,0.2857142857142857,0.4879500364742667,0.0,0,8,0,0
2198,2017-08-22,53b36df67ebb7c41585e8d54d6772e08,0.0,0.0,0.0,1.0,1.0,0.14285714285714285,0.3779644730092273,0.0,1,8,0,0
2208,2017-08-23,53b36df67ebb7c41585e8d54d6772e08,0.0,0.0,0.0,0.0,0.0,0.14285714285714285,0.3779644730092273,0.0,2,8,0,0
2218,2017-08-24,53b36df67ebb7c41585e8d54d6772e08,1.0,0.0,0.0,0.0,0.0,0.2857142857142857,0.4879500364742667,1.0,3,8,0,0
2228,2017-08-25,53b36df67ebb7c41585e8d54d6772e08,0.0,1.0,0.0,0.0,0.0,0.2857142857142857,0.4879500364742667,-1.0,4,8,0,0
2238,2017-08-26,53b36df67ebb7c41585e8d54d6772e08,0.0,0.0,1.0,0.0,1.0,0.14285714285714285,0.3779644730092273,0.0,5,8,1,0
2248,2017-08-27,53b36df67ebb7c41585e8d54d6772e08,0.0,0.0,0.0,1.0,0.0,0.14285714285714285,0.3779644730092273,0.0,6,8,1,0
2258,2017-08-28,53b36df67ebb7c41585e8d54d6772e08,2.0,0.0,0.0,0.0,0.0,0.42857142857142855,0.7867957924694432,2.0,0,8,0,0
2268,2017-08-29,53b36df67ebb7c41585e8d54d6772e08,1.0,2.0,0.0,0.0,0.0,0.5714285714285714,0.7867957924694432,-1.0,1,8,0,0
2278,2017-08-30,53b36df67ebb7c41585e8d54d6772e08,2.0,1.0,2.0,0.0,0.0,0.8571428571428571,0.8997354108424375,1.0,2,8,0,0
2288,2017-08-31,53b36df67ebb7c41585e8d54d6772e08,0.0,2.0,1.0,2.0,1.0,0.7142857142857143,0.951189731211342,-2.0,3,8,0,0
2298,2017-09-01,53b36df67ebb7c41585e8d54d6772e08,0.0,0.0,2.0,1.0,0.0,0.7142857142857143,0.951189731211342,0.0,4,9,0,0
2308,2017-09-02,53b36df67ebb7c41585e8d54d6772e08,0.0,0.0,0.0,2.0,0.0,0.7142857142857143,0.951189731211342,0.0,5,9,1,0
2318,2017-09-03,53b36df67ebb7c41585e8d54d6772e08,7.0,0.0,0.0,0.0,0.0,1.7142857142857142,2.4976179127511156,7.0,6,9,1,0
2328,2017-09-04,53b36df67ebb7c41585e8d54d6772e08,0.0,7.0,0.0,0.0,2.0,1.4285714285714286,2.5727509827124,-7.0,0,9,0,0
2338,2017-09-05,53b36df67ebb7c41585e8d54d6772e08,0.0,0.0,7.0,0.0,1.0,1.2857142857142858,2.627691364061218,0.0,1,9,0,0
2348,2017-09-06,53b36df67ebb7c41585e8d54d6772e08,1.0,0.0,0.0,7.0,2.0,1.1428571428571428,2.6095064302514777,1.0,2,9,0,0
2358,2017-09-07,53b36df67ebb7c41585e8d54d6772e08,0.0,1.0,0.0,0.0,0.0,1.1428571428571428,2.6095064302514777,-1.0,3,9,0,0
2368,2017-09-08,53b36df67ebb7c41585e8d54d6772e08,0.0,0.0,1.0,0.0,0.0,1.1428571428571428,2.6095064302514777,0.0,4,9,0,0
2378,2017-09-09,53b36df67ebb7c41585e8d54d6772e08,0.0,0.0,0.0,1.0,0.0,1.1428571428571428,2.6095064302514777,0.0,5,9,1,0
2388,2017-09-10,53b36df67ebb7c41585e8d54d6772e08,0.0,0.0,0.0,0.0,7.0,0.14285714285714285,0.37796447300922775,0.0,6,9,1,0
2398,2017-09-11,53b36df67ebb7c41585e8d54d6772e08,0.0,0.0,0.0,0.0,0.0,0.14285714285714285,0.37796447300922775,0.0,0,9,0,0
2408,2017-09-12,53b36df67ebb7c41585e8d54d6772e08,1.0,0.0,0.0,0.0,0.0,0.2857142857142857,0.4879500364742671,1.0,1,9,0,0
2418,2017-09-13,53b36df67ebb7c41585e8d54d6772e08,0.0,1.0,0.0,0.0,1.0,0.14285714285714285,0.37796447300922775,-1.0,2,9,0,0
2428,2017-09-14,53b36df67ebb7c41585e8d54d6772e08,0.0,0.0,1.0,0.0,0.0,0.14285714285714285,0.37796447300922775,0.0,3,9,0,0
2438,2017-09-15,53b36df67ebb7c41585e8d54d6772e08,0.0,0.0,0.0,1.0,0.0,0.14285714285714285,0.37796447300922775,0.0,4,9,0,0
2448,2017-09-16,53b36df67ebb7c41585e8d54d6772e08,0.0,0.0,0.0,0.0,0.0,0.14285714285714285,0.37796447300922775,0.0,5,9,1,0
2458,2017-09-17,53b36df67ebb7c41585e8d54d6772e08,2.0,0.0,0.0,0.0,0.0,0.42857142857142855,0.7867957924694435,2.0,6,9,1,0
2468,2017-09-18,53b36df67ebb7c41585e8d54d6772e08,1.0,2.0,0.0,0.0,0.0,0.5714285714285714,0.7867957924694436,-1.0,0,9,0,0
2478,2017-09-19,53b36df67ebb7c41585e8d54d6772e08,0.0,1.0,2.0,0.0,1.0,0.42857142857142855,0.7867957924694435,-1.0,1,9,0,0
2488,2017-09-20,53b36df67ebb7c41585e8d54d6772e08,0.0,0.0,1.0,2.0,0.0,0.42857142857142855,0.7867957924694435,0.0,2,9,0,0
2498,2017-09-21,53b36df67ebb7c41585e8d54d6772e08,0.0,0.0,0.0,1.0,0.0,0.42857142857142855,0.7867957924694435,0.0,3,9,0,0
2508,2017-09-22,53b36df67ebb7c41585e8d54d6772e08,0.0,0.0,0.0,0.0,0.0,0.42857142857142855,0.7867957924694435,0.0,4,9,0,0
2518,2017-09-23,53b36df67ebb7c41585e8d54d6772e08,1.0,0.0,0.0,0.0,0.0,0.5714285714285714,0.7867957924694436,1.0,5,9,1,0
2528,2017-09-24,53b36df67ebb7c41585e8d54d6772e08,2.0,1.0,0.0,0.0,2.0,0.5714285714285714,0.7867957924694436,1.0,6,9,1,0
2538,2017-09-25,53b36df67ebb7c41585e8d54d6772e08,1.0,2.0,1.0,0.0,1.0,0.5714285714285714,0.7867957924694436,-1.0,0,9,0,0
2548,2017-09-26,53b36df67ebb7c41585e8d54d6772e08,1.0,1.0,2.0,1.0,0.0,0.7142857142857143,0.7559289460184551,0.0,1,9,0,0
2558,2017-09-27,53b36df67ebb7c41585e8d54d6772e08,0.0,1.0,1.0,2.0,0.0,0.7142857142857143,0.7559289460184551,-1.0,2,9,0,0
2568,2017-09-28,53b36df67ebb7c41585e8d54d6772e08,1.0,0.0,1.0,1.0,0.0,0.8571428571428571,0.690065559342355,1.0,3,9,0,0
2578,2017-09-29,53b36df67ebb7c41585e8d54d6772e08,0.0,1.0,0.0,1.0,0.0,0.8571428571428571,0.690065559342355,-1.0,4,9,0,0
2588,2017-09-30,53b36df67ebb7c41585e8d54d6772e08,0.0,0.0,1.0,0.0,1.0,0.7142857142857143,0.7559289460184551,0.0,5,9,1,0
2598,2017-10-01,53b36df67ebb7c41585e8d54d6772e08,0.0,0.0,0.0,1.0,2.0,0.42857142857142855,0.5345224838248495,0.0,6,10,1,0
2608,2017-10-02,53b36df67ebb7c41585e8d54d6772e08,0.0,0.0,0.0,0.0,1.0,0.2857142857142857,0.4879500364742671,0.0,0,10,0,0
2618,2017-10-03,53b36df67ebb7c41585e8d54d6772e08,1.0,0.0,0.0,0.0,1.0,0.2857142857142857,0.4879500364742671,1.0,1,10,0,0
2628,2017-10-04,53b36df67ebb7c41585e8d54d6772e08,0.0,1.0,0.0,0.0,0.0,0.2857142857142857,0.4879500364742671,-1.0,2,10,0,0
2638,2017-10-05,53b36df67ebb7c41585e8d54d6772e08,0.0,0.0,1.0,0.0,1.0,0.14285714285714285,0.37796447300922775,0.0,3,10,0,0
2648,2017-10-06,53b36df67ebb7c41585e8d54d6772e08,0.0,0.0,0.0,1.0,0.0,0.14285714285714285,0.37796447300922775,0.0,4,10,0,0
2658,2017-10-07,53b36df67ebb7c41585e8d54d6772e08,0.0,0.0,0.0,0.0,0.0,0.14285714285714285,0.37796447300922775,0.0,5,10,1,0
2668,2017-10-08,53b36df67ebb7c41585e8d54d6772e08,0.0,0.0,0.0,0.0,0.0,0.14285714285714285,0.37796447300922775,0.0,6,10,1,0
2678,2017-10-09,53b36df67ebb7c41585e8d54d6772e08,0.0,0.0,0.0,0.0,0.0,0.14285714285714285,0.37796447300922775,0.0,0,10,0,0
2688,2017-10-10,53b36df67ebb7c41585e8d54d6772e08,0.0,0.0,0.0,0.0,1.0,0.0,0.0,0.0,1,10,0,0
2698,2017-10-11,53b36df67ebb7c41585e8d54d6772e08,0.0,0.0,0.0,0.0,0.0,0.0,0.0,0.0,2,10,0,0
2708,2017-10-12,53b36df67ebb7c41585e8d54d6772e08,0.0,0.0,0.0,0.0,0.0,0.0,0.0,0.0,3,10,0,0
2718,2017-10-13,53b36df67ebb7c41585e8d54d6772e08,0.0,0.0,0.0,0.0,0.0,0.0,0.0,0.0,4,10,0,0
2728,2017-10-14,53b36df67ebb7c41585e8d54d6772e08,0.0,0.0,0.0,0.0,0.0,0.0,0.0,0.0,5,10,1,0
2738,2017-10-15,53b36df67ebb7c41585e8d54d6772e08,0.0,0.0,0.0,0.0,0.0,0.0,0.0,0.0,6,10,1,0
2748,2017-10-16,53b36df67ebb7c41585e8d54d6772e08,0.0,0.0,0.0,0.0,0.0,0.0,0.0,0.0,0,10,0,0
2758,2017-10-17,53b36df67ebb7c41585e8d54d6772e08,0.0,0.0,0.0,0.0,0.0,0.0,0.0,0.0,1,10,0,0
2768,2017-10-18,53b36df67ebb7c41585e8d54d6772e08,0.0,0.0,0.0,0.0,0.0,0.0,0.0,0.0,2,10,0,0
2778,2017-10-19,53b36df67ebb7c41585e8d54d6772e08,0.0,0.0,0.0,0.0,0.0,0.0,0.0,0.0,3,10,0,0
2788,2017-10-20,53b36df67ebb7c41585e8d54d6772e08,0.0,0.0,0.0,0.0,0.0,0.0,0.0,0.0,4,10,0,0
2798,2017-10-21,53b36df67ebb7c41585e8d54d6772e08,0.0,0.0,0.0,0.0,0.0,0.0,0.0,0.0,5,10,1,0
2808,2017-10-22,53b36df67ebb7c41585e8d54d6772e08,0.0,0.0,0.0,0.0,0.0,0.0,0.0,0.0,6,10,1,0
2818,2017-10-23,53b36df67ebb7c41585e8d54d6772e08,0.0,0.0,0.0,0.0,0.0,0.0,0.0,0.0,0,10,0,0
2828,2017-10-24,53b36df67ebb7c41585e8d54d6772e08,0.0,0.0,0.0,0.0,0.0,0.0,0.0,0.0,1,10,0,0
2838,2017-10-25,53b36df67ebb7c41585e8d54d6772e08,0.0,0.0,0.0,0.0,0.0,0.0,0.0,0.0,2,10,0,0
2848,2017-10-26,53b36df67ebb7c41585e8d54d6772e08,0.0,0.0,0.0,0.0,0.0,0.0,0.0,0.0,3,10,0,0
2858,2017-10-27,53b36df67ebb7c41585e8d54d6772e08,0.0,0.0,0.0,0.0,0.0,0.0,0.0,0.0,4,10,0,0
2868,2017-10-28,53b36df67ebb7c41585e8d54d6772e08,0.0,0.0,0.0,0.0,0.0,0.0,0.0,0.0,5,10,1,0
2878,2017-10-29,53b36df67ebb7c41585e8d54d6772e08,0.0,0.0,0.0,0.0,0.0,0.0,0.0,0.0,6,10,1,0
2888,2017-10-30,53b36df67ebb7c41585e8d54d6772e08,0.0,0.0,0.0,0.0,0.0,0.0,0.0,0.0,0,10,0,0
2898,2017-10-31,53b36df67ebb7c41585e8d54d6772e08,0.0,0.0,0.0,0.0,0.0,0.0,0.0,0.0,1,10,0,0
2908,2017-11-01,53b36df67ebb7c41585e8d54d6772e08,0.0,0.0,0.0,0.0,0.0,0.0,0.0,0.0,2,11,0,1
2918,2017-11-02,53b36df67ebb7c41585e8d54d6772e08,0.0,0.0,0.0,0.0,0.0,0.0,0.0,0.0,3,11,0,1
2928,2017-11-03,53b36df67ebb7c41585e8d54d6772e08,0.0,0.0,0.0,0.0,0.0,0.0,0.0,0.0,4,11,0,1
2938,2017-11-04,53b36df67ebb7c41585e8d54d6772e08,0.0,0.0,0.0,0.0,0.0,0.0,0.0,0.0,5,11,1,1
2948,2017-11-05,53b36df67ebb7c41585e8d54d6772e08,0.0,0.0,0.0,0.0,0.0,0.0,0.0,0.0,6,11,1,1
2958,2017-11-06,53b36df67ebb7c41585e8d54d6772e08,0.0,0.0,0.0,0.0,0.0,0.0,0.0,0.0,0,11,0,1
2968,2017-11-07,53b36df67ebb7c41585e8d54d6772e08,0.0,0.0,0.0,0.0,0.0,0.0,0.0,0.0,1,11,0,1
2978,2017-11-08,53b36df67ebb7c41585e8d54d6772e08,0.0,0.0,0.0,0.0,0.0,0.0,0.0,0.0,2,11,0,1
2988,2017-11-09,53b36df67ebb7c41585e8d54d6772e08,0.0,0.0,0.0,0.0,0.0,0.0,0.0,0.0,3,11,0,1
2998,2017-11-10,53b36df67ebb7c41585e8d54d6772e08,2.0,0.0,0.0,0.0,0.0,0.2857142857142857,0.7559289460184545,2.0,4,11,0,1
3008,2017-11-11,53b36df67ebb7c41585e8d54d6772e08,0.0,2.0,0.0,0.0,0.0,0.2857142857142857,0.7559289460184545,-2.0,5,11,1,1
3018,2017-11-12,53b36df67ebb7c41585e8d54d6772e08,1.0,0.0,2.0,0.0,0.0,0.42857142857142855,0.7867957924694432,1.0,6,11,1,1
3028,2017-11-13,53b36df67ebb7c41585e8d54d6772e08,0.0,1.0,0.0,2.0,0.0,0.42857142857142855,0.7867957924694432,-1.0,0,11,0,1
3038,2017-11-14,53b36df67ebb7c41585e8d54d6772e08,0.0,0.0,1.0,0.0,0.0,0.42857142857142855,0.7867957924694432,0.0,1,11,0,1
3048,2017-11-15,53b36df67ebb7c41585e8d54d6772e08,0.0,0.0,0.0,1.0,0.0,0.42857142857142855,0.7867957924694432,0.0,2,11,0,1
3058,2017-11-16,53b36df67ebb7c41585e8d54d6772e08,0.0,0.0,0.0,0.0,0.0,0.42857142857142855,0.7867957924694432,0.0,3,11,0,1
3068,2017-11-17,53b36df67ebb7c41585e8d54d6772e08,0.0,0.0,0.0,0.0,2.0,0.14285714285714285,0.37796447300922725,0.0,4,11,0,1
3078,2017-11-18,53b36df67ebb7c41585e8d54d6772e08,0.0,0.0,0.0,0.0,0.0,0.14285714285714285,0.37796447300922725,0.0,5,11,1,1
3088,2017-11-19,53b36df67ebb7c41585e8d54d6772e08,0.0,0.0,0.0,0.0,1.0,0.0,0.0,0.0,6,11,1,1
3098,2017-11-20,53b36df67ebb7c41585e8d54d6772e08,0.0,0.0,0.0,0.0,0.0,0.0,0.0,0.0,0,11,0,1
3108,2017-11-21,53b36df67ebb7c41585e8d54d6772e08,0.0,0.0,0.0,0.0,0.0,0.0,0.0,0.0,1,11,0,1
3118,2017-11-22,53b36df67ebb7c41585e8d54d6772e08,0.0,0.0,0.0,0.0,0.0,0.0,0.0,0.0,2,11,0,1
3128,2017-11-23,53b36df67ebb7c41585e8d54d6772e08,0.0,0.0,0.0,0.0,0.0,0.0,0.0,0.0,3,11,0,1
3138,2017-11-24,53b36df67ebb7c41585e8d54d6772e08,0.0,0.0,0.0,0.0,0.0,0.0,0.0,0.0,4,11,0,1
3148,2017-11-25,53b36df67ebb7c41585e8d54d6772e08,0.0,0.0,0.0,0.0,0.0,0.0,0.0,0.0,5,11,1,1
3158,2017-11-26,53b36df67ebb7c41585e8d54d6772e08,0.0,0.0,0.0,0.0,0.0,0.0,0.0,0.0,6,11,1,1
3168,2017-11-27,53b36df67ebb7c41585e8d54d6772e08,0.0,0.0,0.0,0.0,0.0,0.0,0.0,0.0,0,11,0,1
3178,2017-11-28,53b36df67ebb7c41585e8d54d6772e08,5.0,0.0,0.0,0.0,0.0,0.7142857142857143,1.889822365046136,5.0,1,11,0,1
3188,2017-11-29,53b36df67ebb7c41585e8d54d6772e08,7.0,5.0,0.0,0.0,0.0,1.7142857142857142,2.984084768360628,2.0,2,11,0,1
3198,2017-11-30,53b36df67ebb7c41585e8d54d6772e08,0.0,7.0,5.0,0.0,0.0,1.7142857142857142,2.984084768360628,-7.0,3,11,0,1
3208,2017-12-01,53b36df67ebb7c41585e8d54d6772e08,1.0,0.0,7.0,5.0,0.0,1.8571428571428572,2.9113897843110044,1.0,4,12,0,0
3218,2017-12-02,53b36df67ebb7c41585e8d54d6772e08,1.0,1.0,0.0,7.0,0.0,2.0,2.82842712474619,0.0,5,12,1,0
3228,2017-12-03,53b36df67ebb7c41585e8d54d6772e08,0.0,1.0,1.0,0.0,0.0,2.0,2.82842712474619,-1.0,6,12,1,0
3238,2017-12-04,53b36df67ebb7c41585e8d54d6772e08,1.0,0.0,1.0,1.0,0.0,2.142857142857143,2.7342623276105886,1.0,0,12,0,0
3248,2017-12-05,53b36df67ebb7c41585e8d54d6772e08,0.0,1.0,0.0,1.0,5.0,1.4285714285714286,2.5071326821120348,-1.0,1,12,0,0
3258,2017-12-06,53b36df67ebb7c41585e8d54d6772e08,0.0,0.0,1.0,0.0,7.0,0.42857142857142855,0.5345224838248489,0.0,2,12,0,0
3268,2017-12-07,53b36df67ebb7c41585e8d54d6772e08,0.0,0.0,0.0,1.0,0.0,0.42857142857142855,0.5345224838248489,0.0,3,12,0,0
3278,2017-12-08,53b36df67ebb7c41585e8d54d6772e08,0.0,0.0,0.0,0.0,1.0,0.2857142857142857,0.4879500364742669,0.0,4,12,0,0
3288,2017-12-09,53b36df67ebb7c41585e8d54d6772e08,0.0,0.0,0.0,0.0,1.0,0.14285714285714285,0.37796447300922775,0.0,5,12,1,0
3298,2017-12-10,53b36df67ebb7c41585e8d54d6772e08,0.0,0.0,0.0,0.0,0.0,0.14285714285714285,0.37796447300922775,0.0,6,12,1,0
3308,2017-12-11,53b36df67ebb7c41585e8d54d6772e08,0.0,0.0,0.0,0.0,1.0,0.0,0.0,0.0,0,12,0,0
3318,2017-12-12,53b36df67ebb7c41585e8d54d6772e08,1.0,0.0,0.0,0.0,0.0,0.14285714285714285,0.37796447300922725,1.0,1,12,0,0
3328,2017-12-13,53b36df67ebb7c41585e8d54d6772e08,0.0,1.0,0.0,0.0,0.0,0.14285714285714285,0.37796447300922725,-1.0,2,12,0,0
3338,2017-12-14,53b36df67ebb7c41585e8d54d6772e08,0.0,0.0,1.0,0.0,0.0,0.14285714285714285,0.37796447300922725,0.0,3,12,0,0
3348,2017-12-15,53b36df67ebb7c41585e8d54d6772e08,0.0,0.0,0.0,1.0,0.0,0.14285714285714285,0.37796447300922725,0.0,4,12,0,0
3358,2017-12-16,53b36df67ebb7c41585e8d54d6772e08,0.0,0.0,0.0,0.0,0.0,0.14285714285714285,0.37796447300922725,0.0,5,12,1,0
3368,2017-12-17,53b36df67ebb7c41585e8d54d6772e08,0.0,0.0,0.0,0.0,0.0,0.14285714285714285,0.37796447300922725,0.0,6,12,1,0
3378,2017-12-18,53b36df67ebb7c41585e8d54d6772e08,0.0,0.0,0.0,0.0,0.0,0.14285714285714285,0.37796447300922725,0.0,0,12,0,0
3388,2017-12-19,53b36df67ebb7c41585e8d54d6772e08,0.0,0.0,0.0,0.0,1.0,0.0,0.0,0.0,1,12,0,0
3398,2017-12-20,53b36df67ebb7c41585e8d54d6772e08,0.0,0.0,0.0,0.0,0.0,0.0,0.0,0.0,2,12,0,0
3408,2017-12-21,53b36df67ebb7c41585e8d54d6772e08,0.0,0.0,0.0,0.0,0.0,0.0,0.0,0.0,3,12,0,0
3418,2017-12-22,53b36df67ebb7c41585e8d54d6772e08,0.0,0.0,0.0,0.0,0.0,0.0,0.0,0.0,4,12,0,0
3428,2017-12-23,53b36df67ebb7c41585e8d54d6772e08,0.0,0.0,0.0,0.0,0.0,0.0,0.0,0.0,5,12,1,0
3438,2017-12-24,53b36df67ebb7c41585e8d54d6772e08,0.0,0.0,0.0,0.0,0.0,0.0,0.0,0.0,6,12,1,0
3448,2017-12-25,53b36df67ebb7c41585e8d54d6772e08,0.0,0.0,0.0,0.0,0.0,0.0,0.0,0.0,0,12,0,0
3458,2017-12-26,53b36df67ebb7c41585e8d54d6772e08,0.0,0.0,0.0,0.0,0.0,0.0,0.0,0.0,1,12,0,0
3468,2017-12-27,53b36df67ebb7c41585e8d54d6772e08,0.0,0.0,0.0,0.0,0.0,0.0,0.0,0.0,2,12,0,0
3478,2017-12-28,53b36df67ebb7c41585e8d54d6772e08,0.0,0.0,0.0,0.0,0.0,0.0,0.0,0.0,3,12,0,0
3488,2017-12-29,53b36df67ebb7c41585e8d54d6772e08,0.0,0.0,0.0,0.0,0.0,0.0,0.0,0.0,4,12,0,0
3498,2017-12-30,53b36df67ebb7c41585e8d54d6772e08,0.0,0.0,0.0,0.0,0.0,0.0,0.0,0.0,5,12,1,0
3508,2017-12-31,53b36df67ebb7c41585e8d54d6772e08,0.0,0.0,0.0,0.0,0.0,0.0,0.0,0.0,6,12,1,0
3518,2018-01-01,53b36df67ebb7c41585e8d54d6772e08,0.0,0.0,0.0,0.0,0.0,0.0,0.0,0.0,0,1,0,0
3528,2018-01-02,53b36df67ebb7c41585e8d54d6772e08,0.0,0.0,0.0,0.0,0.0,0.0,0.0,0.0,1,1,0,0
3538,2018-01-03,53b36df67ebb7c41585e8d54d6772e08,0.0,0.0,0.0,0.0,0.0,0.0,0.0,0.0,2,1,0,0
3548,2018-01-04,53b36df67ebb7c41585e8d54d6772e08,0.0,0.0,0.0,0.0,0.0,0.0,0.0,0.0,3,1,0,0
3558,2018-01-05,53b36df67ebb7c41585e8d54d6772e08,0.0,0.0,0.0,0.0,0.0,0.0,0.0,0.0,4,1,0,0
3568,2018-01-06,53b36df67ebb7c41585e8d54d6772e08,0.0,0.0,0.0,0.0,0.0,0.0,0.0,0.0,5,1,1,0
3578,2018-01-07,53b36df67ebb7c41585e8d54d6772e08,0.0,0.0,0.0,0.0,0.0,0.0,0.0,0.0,6,1,1,0
3588,2018-01-08,53b36df67ebb7c41585e8d54d6772e08,0.0,0.0,0.0,0.0,0.0,0.0,0.0,0.0,0,1,0,0
3598,2018-01-09,53b36df67ebb7c41585e8d54d6772e08,0.0,0.0,0.0,0.0,0.0,0.0,0.0,0.0,1,1,0,0
3608,2018-01-10,53b36df67ebb7c41585e8d54d6772e08,0.0,0.0,0.0,0.0,0.0,0.0,0.0,0.0,2,1,0,0
3618,2018-01-11,53b36df67ebb7c41585e8d54d6772e08,0.0,0.0,0.0,0.0,0.0,0.0,0.0,0.0,3,1,0,0
3628,2018-01-12,53b36df67ebb7c41585e8d54d6772e08,0.0,0.0,0.0,0.0,0.0,0.0,0.0,0.0,4,1,0,0
3638,2018-01-13,53b36df67ebb7c41585e8d54d6772e08,0.0,0.0,0.0,0.0,0.0,0.0,0.0,0.0,5,1,1,0
3648,2018-01-14,53b36df67ebb7c41585e8d54d6772e08,0.0,0.0,0.0,0.0,0.0,0.0,0.0,0.0,6,1,1,0
3658,2018-01-15,53b36df67ebb7c41585e8d54d6772e08,0.0,0.0,0.0,0.0,0.0,0.0,0.0,0.0,0,1,0,0
3668,2018-01-16,53b36df67ebb7c41585e8d54d6772e08,0.0,0.0,0.0,0.0,0.0,0.0,0.0,0.0,1,1,0,0
3678,2018-01-17,53b36df67ebb7c41585e8d54d6772e08,0.0,0.0,0.0,0.0,0.0,0.0,0.0,0.0,2,1,0,0
3688,2018-01-18,53b36df67ebb7c41585e8d54d6772e08,0.0,0.0,0.0,0.0,0.0,0.0,0.0,0.0,3,1,0,0
3698,2018-01-19,53b36df67ebb7c41585e8d54d6772e08,0.0,0.0,0.0,0.0,0.0,0.0,0.0,0.0,4,1,0,0
3708,2018-01-20,53b36df67ebb7c41585e8d54d6772e08,0.0,0.0,0.0,0.0,0.0,0.0,0.0,0.0,5,1,1,0
3718,2018-01-21,53b36df67ebb7c41585e8d54d6772e08,0.0,0.0,0.0,0.0,0.0,0.0,0.0,0.0,6,1,1,0
3728,2018-01-22,53b36df67ebb7c41585e8d54d6772e08,0.0,0.0,0.0,0.0,0.0,0.0,0.0,0.0,0,1,0,0
3738,2018-01-23,53b36df67ebb7c41585e8d54d6772e08,0.0,0.0,0.0,0.0,0.0,0.0,0.0,0.0,1,1,0,0
3748,2018-01-24,53b36df67ebb7c41585e8d54d6772e08,0.0,0.0,0.0,0.0,0.0,0.0,0.0,0.0,2,1,0,0
3758,2018-01-25,53b36df67ebb7c41585e8d54d6772e08,0.0,0.0,0.0,0.0,0.0,0.0,0.0,0.0,3,1,0,0
3768,2018-01-26,53b36df67ebb7c41585e8d54d6772e08,0.0,0.0,0.0,0.0,0.0,0.0,0.0,0.0,4,1,0,0
3778,2018-01-27,53b36df67ebb7c41585e8d54d6772e08,0.0,0.0,0.0,0.0,0.0,0.0,0.0,0.0,5,1,1,0
3788,2018-01-28,53b36df67ebb7c41585e8d54d6772e08,0.0,0.0,0.0,0.0,0.0,0.0,0.0,0.0,6,1,1,0
3798,2018-01-29,53b36df67ebb7c41585e8d54d6772e08,0.0,0.0,0.0,0.0,0.0,0.0,0.0,0.0,0,1,0,0
3808,2018-01-30,53b36df67ebb7c41585e8d54d6772e08,0.0,0.0,0.0,0.0,0.0,0.0,0.0,0.0,1,1,0,0
3818,2018-01-31,53b36df67ebb7c41585e8d54d6772e08,0.0,0.0,0.0,0.0,0.0,0.0,0.0,0.0,2,1,0,0
3828,2018-02-01,53b36df67ebb7c41585e8d54d6772e08,0.0,0.0,0.0,0.0,0.0,0.0,0.0,0.0,3,2,0,0
3838,2018-02-02,53b36df67ebb7c41585e8d54d6772e08,0.0,0.0,0.0,0.0,0.0,0.0,0.0,0.0,4,2,0,0
3848,2018-02-03,53b36df67ebb7c41585e8d54d6772e08,0.0,0.0,0.0,0.0,0.0,0.0,0.0,0.0,5,2,1,0
3858,2018-02-04,53b36df67ebb7c41585e8d54d6772e08,0.0,0.0,0.0,0.0,0.0,0.0,0.0,0.0,6,2,1,0
3868,2018-02-05,53b36df67ebb7c41585e8d54d6772e08,0.0,0.0,0.0,0.0,0.0,0.0,0.0,0.0,0,2,0,0
3878,2018-02-06,53b36df67ebb7c41585e8d54d6772e08,0.0,0.0,0.0,0.0,0.0,0.0,0.0,0.0,1,2,0,0
3888,2018-02-07,53b36df67ebb7c41585e8d54d6772e08,0.0,0.0,0.0,0.0,0.0,0.0,0.0,0.0,2,2,0,0
3898,2018-02-08,53b36df67ebb7c41585e8d54d6772e08,0.0,0.0,0.0,0.0,0.0,0.0,0.0,0.0,3,2,0,0
3908,2018-02-09,53b36df67ebb7c41585e8d54d6772e08,0.0,0.0,0.0,0.0,0.0,0.0,0.0,0.0,4,2,0,0
3918,2018-02-10,53b36df67ebb7c41585e8d54d6772e08,0.0,0.0,0.0,0.0,0.0,0.0,0.0,0.0,5,2,1,0
3928,2018-02-11,53b36df67ebb7c41585e8d54d6772e08,0.0,0.0,0.0,0.0,0.0,0.0,0.0,0.0,6,2,1,0
3938,2018-02-12,53b36df67ebb7c41585e8d54d6772e08,0.0,0.0,0.0,0.0,0.0,0.0,0.0,0.0,0,2,0,0
3948,2018-02-13,53b36df67ebb7c41585e8d54d6772e08,0.0,0.0,0.0,0.0,0.0,0.0,0.0,0.0,1,2,0,0
3958,2018-02-14,53b36df67ebb7c41585e8d54d6772e08,0.0,0.0,0.0,0.0,0.0,0.0,0.0,0.0,2,2,0,0
3968,2018-02-15,53b36df67ebb7c41585e8d54d6772e08,0.0,0.0,0.0,0.0,0.0,0.0,0.0,0.0,3,2,0,0
3978,2018-02-16,53b36df67ebb7c41585e8d54d6772e08,0.0,0.0,0.0,0.0,0.0,0.0,0.0,0.0,4,2,0,0
3988,2018-02-17,53b36df67ebb7c41585e8d54d6772e08,0.0,0.0,0.0,0.0,0.0,0.0,0.0,0.0,5,2,1,0
3998,2018-02-18,53b36df67ebb7c41585e8d54d6772e08,0.0,0.0,0.0,0.0,0.0,0.0,0.0,0.0,6,2,1,0
4008,2018-02-19,53b36df67ebb7c41585e8d54d6772e08,0.0,0.0,0.0,0.0,0.0,0.0,0.0,0.0,0,2,0,0
4018,2018-02-20,53b36df67ebb7c41585e8d54d6772e08,0.0,0.0,0.0,0.0,0.0,0.0,0.0,0.0,1,2,0,0
4028,2018-02-21,53b36df67ebb7c41585e8d54d6772e08,0.0,0.0,0.0,0.0,0.0,0.0,0.0,0.0,2,2,0,0
4038,2018-02-22,53b36df67ebb7c41585e8d54d6772e08,0.0,0.0,0.0,0.0,0.0,0.0,0.0,0.0,3,2,0,0
4048,2018-02-23,53b36df67ebb7c41585e8d54d6772e08,0.0,0.0,0.0,0.0,0.0,0.0,0.0,0.0,4,2,0,0
4058,2018-02-24,53b36df67ebb7c41585e8d54d6772e08,1.0,0.0,0.0,0.0,0.0,0.14285714285714285,0.37796447300922725,1.0,5,2,1,0
4068,2018-02-25,53b36df67ebb7c41585e8d54d6772e08,1.0,1.0,0.0,0.0,0.0,0.2857142857142857,0.4879500364742666,0.0,6,2,1,0
4078,2018-02-26,53b36df67ebb7c41585e8d54d6772e08,1.0,1.0,1.0,0.0,0.0,0.42857142857142855,0.5345224838248488,0.0,0,2,0,0
4088,2018-02-27,53b36df67ebb7c41585e8d54d6772e08,1.0,1.0,1.0,1.0,0.0,0.5714285714285714,0.5345224838248488,0.0,1,2,0,0
4098,2018-02-28,53b36df67ebb7c41585e8d54d6772e08,2.0,1.0,1.0,1.0,0.0,0.8571428571428571,0.6900655593423543,1.0,2,2,0,0
4108,2018-03-01,53b36df67ebb7c41585e8d54d6772e08,2.0,2.0,1.0,1.0,0.0,1.1428571428571428,0.6900655593423543,0.0,3,3,0,0
4118,2018-03-02,53b36df67ebb7c41585e8d54d6772e08,0.0,2.0,2.0,1.0,0.0,1.1428571428571428,0.6900655593423543,-2.0,4,3,0,0
4128,2018-03-03,53b36df67ebb7c41585e8d54d6772e08,0.0,0.0,2.0,2.0,1.0,1.0,0.816496580927726,0.0,5,3,1,0
4138,2018-03-04,53b36df67ebb7c41585e8d54d6772e08,0.0,0.0,0.0,2.0,1.0,0.8571428571428571,0.8997354108424372,0.0,6,3,1,0
4148,2018-03-05,53b36df67ebb7c41585e8d54d6772e08,2.0,0.0,0.0,0.0,1.0,1.0,1.0,2.0,0,3,0,0
4158,2018-03-06,53b36df67ebb7c41585e8d54d6772e08,0.0,2.0,0.0,0.0,1.0,0.8571428571428571,1.0690449676496976,-2.0,1,3,0,0
4168,2018-03-07,53b36df67ebb7c41585e8d54d6772e08,1.0,0.0,2.0,0.0,2.0,0.7142857142857143,0.9511897312113418,1.0,2,3,0,0
4178,2018-03-08,53b36df67ebb7c41585e8d54d6772e08,0.0,1.0,0.0,2.0,2.0,0.42857142857142855,0.786795792469443,-1.0,3,3,0,0
4188,2018-03-09,53b36df67ebb7c41585e8d54d6772e08,1.0,0.0,1.0,0.0,0.0,0.5714285714285714,0.786795792469443,1.0,4,3,0,0
4198,2018-03-10,53b36df67ebb7c41585e8d54d6772e08,1.0,1.0,0.0,1.0,0.0,0.7142857142857143,0.7559289460184543,0.0,5,3,1,0
4208,2018-03-11,53b36df67ebb7c41585e8d54d6772e08,0.0,1.0,1.0,0.0,0.0,0.7142857142857143,0.7559289460184543,-1.0,6,3,1,0
4218,2018-03-12,53b36df67ebb7c41585e8d54d6772e08,1.0,0.0,1.0,1.0,2.0,0.5714285714285714,0.5345224838248485,1.0,0,3,0,0
4228,2018-03-13,53b36df67ebb7c41585e8d54d6772e08,1.0,1.0,0.0,1.0,0.0,0.7142857142857143,0.4879500364742664,0.0,1,3,0,0
4238,2018-03-14,53b36df67ebb7c41585e8d54d6772e08,1.0,1.0,1.0,0.0,1.0,0.7142857142857143,0.4879500364742664,0.0,2,3,0,0
4248,2018-03-15,53b36df67ebb7c41585e8d54d6772e08,0.0,1.0,1.0,1.0,0.0,0.7142857142857143,0.4879500364742664,-1.0,3,3,0,0
4258,2018-03-16,53b36df67ebb7c41585e8d54d6772e08,0.0,0.0,1.0,1.0,1.0,0.5714285714285714,0.5345224838248485,0.0,4,3,0,0
4268,2018-03-17,53b36df67ebb7c41585e8d54d6772e08,1.0,0.0,0.0,1.0,1.0,0.5714285714285714,0.5345224838248485,1.0,5,3,1,0
4278,2018-03-18,53b36df67ebb7c41585e8d54d6772e08,1.0,1.0,0.0,0.0,0.0,0.7142857142857143,0.4879500364742664,0.0,6,3,1,0
4288,2018-03-19,53b36df67ebb7c41585e8d54d6772e08,5.0,1.0,1.0,0.0,1.0,1.2857142857142858,1.7043362064926935,4.0,0,3,0,0
4298,2018-03-20,53b36df67ebb7c41585e8d54d6772e08,1.0,5.0,1.0,1.0,1.0,1.2857142857142858,1.7043362064926935,-4.0,1,3,0,0
4308,2018-03-21,53b36df67ebb7c41585e8d54d6772e08,1.0,1.0,5.0,1.0,1.0,1.2857142857142858,1.7043362064926935,0.0,2,3,0,0
4318,2018-03-22,53b36df67ebb7c41585e8d54d6772e08,0.0,1.0,1.0,5.0,0.0,1.2857142857142858,1.7043362064926935,-1.0,3,3,0,0
4328,2018-03-23,53b36df67ebb7c41585e8d54d6772e08,1.0,0.0,1.0,1.0,0.0,1.4285714285714286,1.618347187425374,1.0,4,3,0,0
4338,2018-03-24,53b36df67ebb7c41585e8d54d6772e08,3.0,1.0,0.0,1.0,1.0,1.7142857142857142,1.7043362064926935,2.0,5,3,1,0
4348,2018-03-25,53b36df67ebb7c41585e8d54d6772e08,0.0,3.0,1.0,0.0,1.0,1.5714285714285714,1.8126539343499315,-3.0,6,3,1,0
4358,2018-03-26,53b36df67ebb7c41585e8d54d6772e08,1.0,0.0,3.0,1.0,5.0,1.0,1.0,1.0,0,3,0,0
4368,2018-03-27,53b36df67ebb7c41585e8d54d6772e08,1.0,1.0,0.0,3.0,1.0,1.0,1.0,0.0,1,3,0,0
4378,2018-03-28,53b36df67ebb7c41585e8d54d6772e08,2.0,1.0,1.0,0.0,1.0,1.1428571428571428,1.0690449676496976,1.0,2,3,0,0
4388,2018-03-29,53b36df67ebb7c41585e8d54d6772e08,3.0,2.0,1.0,1.0,0.0,1.5714285714285714,1.1338934190276817,1.0,3,3,0,0
4398,2018-03-30,53b36df67ebb7c41585e8d54d6772e08,1.0,3.0,2.0,1.0,1.0,1.5714285714285714,1.1338934190276817,-2.0,4,3,0,0
4408,2018-03-31,53b36df67ebb7c41585e8d54d6772e08,0.0,1.0,3.0,2.0,3.0,1.1428571428571428,1.0690449676496976,-1.0,5,3,1,0
4418,2018-04-01,53b36df67ebb7c41585e8d54d6772e08,0.0,0.0,1.0,3.0,0.0,1.1428571428571428,1.0690449676496976,0.0,6,4,1,0
4428,2018-04-02,53b36df67ebb7c41585e8d54d6772e08,1.0,0.0,0.0,1.0,1.0,1.1428571428571428,1.0690449676496976,1.0,0,4,0,0
4438,2018-04-03,53b36df67ebb7c41585e8d54d6772e08,0.0,1.0,0.0,0.0,1.0,1.0,1.1547005383792515,-1.0,1,4,0,0
4448,2018-04-04,53b36df67ebb7c41585e8d54d6772e08,1.0,0.0,1.0,0.0,2.0,0.8571428571428571,1.0690449676496976,1.0,2,4,0,0
4458,2018-04-05,53b36df67ebb7c41585e8d54d6772e08,0.0,1.0,0.0,1.0,3.0,0.42857142857142855,0.5345224838248488,-1.0,3,4,0,0
4468,2018-04-06,53b36df67ebb7c41585e8d54d6772e08,0.0,0.0,1.0,0.0,1.0,0.2857142857142857,0.48795003647426655,0.0,4,4,0,0
4478,2018-04-07,53b36df67ebb7c41585e8d54d6772e08,0.0,0.0,0.0,1.0,0.0,0.2857142857142857,0.48795003647426655,0.0,5,4,1,0
4488,2018-04-08,53b36df67ebb7c41585e8d54d6772e08,0.0,0.0,0.0,0.0,0.0,0.2857142857142857,0.48795003647426655,0.0,6,4,1,0
4498,2018-04-09,53b36df67ebb7c41585e8d54d6772e08,0.0,0.0,0.0,0.0,1.0,0.14285714285714285,0.3779644730092271,0.0,0,4,0,0
4508,2018-04-10,53b36df67ebb7c41585e8d54d6772e08,0.0,0.0,0.0,0.0,0.0,0.14285714285714285,0.3779644730092271,0.0,1,4,0,0
4518,2018-04-11,53b36df67ebb7c41585e8d54d6772e08,0.0,0.0,0.0,0.0,1.0,0.0,0.0,0.0,2,4,0,0
4528,2018-04-12,53b36df67ebb7c41585e8d54d6772e08,0.0,0.0,0.0,0.0,0.0,0.0,0.0,0.0,3,4,0,0
4538,2018-04-13,53b36df67ebb7c41585e8d54d6772e08,0.0,0.0,0.0,0.0,0.0,0.0,0.0,0.0,4,4,0,0
4548,2018-04-14,53b36df67ebb7c41585e8d54d6772e08,1.0,0.0,0.0,0.0,0.0,0.14285714285714285,0.37796447300922725,1.0,5,4,1,0
4558,2018-04-15,53b36df67ebb7c41585e8d54d6772e08,2.0,1.0,0.0,0.0,0.0,0.42857142857142855,0.7867957924694432,1.0,6,4,1,0
4568,2018-04-16,53b36df67ebb7c41585e8d54d6772e08,5.0,2.0,1.0,0.0,0.0,1.1428571428571428,1.864454471471609,3.0,0,4,0,0
4578,2018-04-17,53b36df67ebb7c41585e8d54d6772e08,5.0,5.0,2.0,1.0,0.0,1.8571428571428572,2.2677868380553634,0.0,1,4,0,0
4588,2018-04-18,53b36df67ebb7c41585e8d54d6772e08,2.0,5.0,5.0,2.0,0.0,2.142857142857143,2.1157009420498154,-3.0,2,4,0,0
4598,2018-04-19,53b36df67ebb7c41585e8d54d6772e08,4.0,2.0,5.0,5.0,0.0,2.7142857142857144,1.9760470401187074,2.0,3,4,0,0
4608,2018-04-20,53b36df67ebb7c41585e8d54d6772e08,8.0,4.0,2.0,5.0,0.0,3.857142857142857,2.4102953780654786,4.0,4,4,0,0
4618,2018-04-21,53b36df67ebb7c41585e8d54d6772e08,2.0,8.0,4.0,2.0,1.0,4.0,2.2360679774997894,-6.0,5,4,1,0
4628,2018-04-22,53b36df67ebb7c41585e8d54d6772e08,5.0,2.0,8.0,4.0,2.0,4.428571428571429,2.070196678027062,3.0,6,4,1,0
4638,2018-04-23,53b36df67ebb7c41585e8d54d6772e08,3.0,5.0,2.0,8.0,5.0,4.142857142857143,2.115700942049815,-2.0,0,4,0,0
4648,2018-04-24,53b36df67ebb7c41585e8d54d6772e08,13.0,3.0,5.0,2.0,5.0,5.285714285714286,3.9880774697543053,10.0,1,4,0,0
4658,2018-04-25,53b36df67ebb7c41585e8d54d6772e08,6.0,13.0,3.0,5.0,2.0,5.857142857142857,3.7161167647860323,-7.0,2,4,0,0
4668,2018-04-26,53b36df67ebb7c41585e8d54d6772e08,12.0,6.0,13.0,3.0,4.0,7.0,4.242640687119285,6.0,3,4,0,0
4678,2018-04-27,53b36df67ebb7c41585e8d54d6772e08,10.0,12.0,6.0,13.0,8.0,7.285714285714286,4.386125310350268,-2.0,4,4,0,0
4688,2018-04-28,53b36df67ebb7c41585e8d54d6772e08,1.0,10.0,12.0,6.0,2.0,7.142857142857143,4.59813626840888,-9.0,5,4,1,0
4698,2018-04-29,53b36df67ebb7c41585e8d54d6772e08,0.0,1.0,10.0,12.0,5.0,6.428571428571429,5.318431562567509,-1.0,6,4,1,0
4708,2018-04-30,53b36df67ebb7c41585e8d54d6772e08,4.0,0.0,1.0,10.0,3.0,6.571428571428571,5.223572942509207,4.0,0,4,0,0
4718,2018-05-01,53b36df67ebb7c41585e8d54d6772e08,9.0,4.0,0.0,1.0,13.0,6.0,4.58257569495584,5.0,1,5,0,0
4728,2018-05-02,53b36df67ebb7c41585e8d54d6772e08,6.0,9.0,4.0,0.0,6.0,6.0,4.58257569495584,-3.0,2,5,0,0
4738,2018-05-03,53b36df67ebb7c41585e8d54d6772e08,13.0,6.0,9.0,4.0,12.0,6.142857142857143,4.810702354423639,7.0,3,5,0,0
4748,2018-05-04,53b36df67ebb7c41585e8d54d6772e08,7.0,13.0,6.0,9.0,10.0,5.714285714285714,4.535573676110727,-6.0,4,5,0,0
4758,2018-05-05,53b36df67ebb7c41585e8d54d6772e08,12.0,7.0,13.0,6.0,1.0,7.285714285714286,4.535573676110727,5.0,5,5,1,0
4768,2018-05-06,53b36df67ebb7c41585e8d54d6772e08,6.0,12.0,7.0,13.0,0.0,8.142857142857142,3.3380918415851215,-6.0,6,5,1,0
4778,2018-05-07,53b36df67ebb7c41585e8d54d6772e08,14.0,6.0,12.0,7.0,4.0,9.571428571428571,3.4086724129853887,8.0,0,5,0,0
4788,2018-05-08,53b36df67ebb7c41585e8d54d6772e08,21.0,14.0,6.0,12.0,9.0,11.285714285714286,5.46852465522118,7.0,1,5,0,0
4798,2018-05-09,53b36df67ebb7c41585e8d54d6772e08,9.0,21.0,14.0,6.0,6.0,11.714285714285714,5.089672082242816,-12.0,2,5,0,0
4808,2018-05-10,53b36df67ebb7c41585e8d54d6772e08,5.0,9.0,21.0,14.0,13.0,10.571428571428571,5.623081683476387,-4.0,3,5,0,0
4818,2018-05-11,53b36df67ebb7c41585e8d54d6772e08,4.0,5.0,9.0,21.0,7.0,10.142857142857142,6.03955217513604,-1.0,4,5,0,0
4828,2018-05-12,53b36df67ebb7c41585e8d54d6772e08,0.0,4.0,5.0,9.0,12.0,8.428571428571429,7.04407890494191,-4.0,5,5,1,0
4838,2018-05-13,53b36df67ebb7c41585e8d54d6772e08,0.0,0.0,4.0,5.0,6.0,7.571428571428571,7.721337165222589,0.0,6,5,1,0
4848,2018-05-14,53b36df67ebb7c41585e8d54d6772e08,1.0,0.0,0.0,4.0,14.0,5.714285714285714,7.476948702830712,1.0,0,5,0,0
4858,2018-05-15,53b36df67ebb7c41585e8d54d6772e08,4.0,1.0,0.0,0.0,21.0,3.2857142857142856,3.2513733362117185,3.0,1,5,0,0
4868,2018-05-16,53b36df67ebb7c41585e8d54d6772e08,2.0,4.0,1.0,0.0,9.0,2.2857142857142856,2.058663459163537,-2.0,2,5,0,0
4878,2018-05-17,53b36df67ebb7c41585e8d54d6772e08,0.0,2.0,4.0,1.0,5.0,1.5714285714285714,1.8126539343499142,-2.0,3,5,0,0
4888,2018-05-18,53b36df67ebb7c41585e8d54d6772e08,0.0,0.0,2.0,4.0,4.0,1.0,1.5275252316519246,0.0,4,5,0,0
4898,2018-05-19,53b36df67ebb7c41585e8d54d6772e08,1.0,0.0,0.0,2.0,0.0,1.1428571428571428,1.4638501094227772,1.0,5,5,1,0
4908,2018-05-20,53b36df67ebb7c41585e8d54d6772e08,0.0,1.0,0.0,0.0,0.0,1.1428571428571428,1.4638501094227772,-1.0,6,5,1,0
4918,2018-05-21,53b36df67ebb7c41585e8d54d6772e08,0.0,0.0,1.0,0.0,1.0,1.0,1.5275252316519246,0.0,0,5,0,0
4928,2018-05-22,53b36df67ebb7c41585e8d54d6772e08,0.0,0.0,0.0,1.0,4.0,0.42857142857142855,0.7867957924693975,0.0,1,5,0,0
4938,2018-05-23,53b36df67ebb7c41585e8d54d6772e08,0.0,0.0,0.0,0.0,2.0,0.14285714285714285,0.3779644730091291,0.0,2,5,0,0
4948,2018-05-24,53b36df67ebb7c41585e8d54d6772e08,0.0,0.0,0.0,0.0,0.0,0.14285714285714285,0.3779644730091291,0.0,3,5,0,0
4958,2018-05-25,53b36df67ebb7c41585e8d54d6772e08,0.0,0.0,0.0,0.0,0.0,0.14285714285714285,0.3779644730091291,0.0,4,5,0,0
4968,2018-05-26,53b36df67ebb7c41585e8d54d6772e08,0.0,0.0,0.0,0.0,1.0,0.0,0.0,0.0,5,5,1,0
4978,2018-05-27,53b36df67ebb7c41585e8d54d6772e08,0.0,0.0,0.0,0.0,0.0,0.0,0.0,0.0,6,5,1,0
4988,2018-05-28,53b36df67ebb7c41585e8d54d6772e08,0.0,0.0,0.0,0.0,0.0,0.0,0.0,0.0,0,5,0,0
4998,2018-05-29,53b36df67ebb7c41585e8d54d6772e08,0.0,0.0,0.0,0.0,0.0,0.0,0.0,0.0,1,5,0,0
5008,2018-05-30,53b36df67ebb7c41585e8d54d6772e08,0.0,0.0,0.0,0.0,0.0,0.0,0.0,0.0,2,5,0,0
5018,2018-05-31,53b36df67ebb7c41585e8d54d6772e08,0.0,0.0,0.0,0.0,0.0,0.0,0.0,0.0,3,5,0,0
5028,2018-06-01,53b36df67ebb7c41585e8d54d6772e08,0.0,0.0,0.0,0.0,0.0,0.0,0.0,0.0,4,6,0,0
5038,2018-06-02,53b36df67ebb7c41585e8d54d6772e08,0.0,0.0,0.0,0.0,0.0,0.0,0.0,0.0,5,6,1,0
5048,2018-06-03,53b36df67ebb7c41585e8d54d6772e08,0.0,0.0,0.0,0.0,0.0,0.0,0.0,0.0,6,6,1,0
5058,2018-06-04,53b36df67ebb7c41585e8d54d6772e08,0.0,0.0,0.0,0.0,0.0,0.0,0.0,0.0,0,6,0,0
5068,2018-06-05,53b36df67ebb7c41585e8d54d6772e08,0.0,0.0,0.0,0.0,0.0,0.0,0.0,0.0,1,6,0,0
5078,2018-06-06,53b36df67ebb7c41585e8d54d6772e08,0.0,0.0,0.0,0.0,0.0,0.0,0.0,0.0,2,6,0,0
5088,2018-06-07,53b36df67ebb7c41585e8d54d6772e08,0.0,0.0,0.0,0.0,0.0,0.0,0.0,0.0,3,6,0,0
5098,2018-06-08,53b36df67ebb7c41585e8d54d6772e08,0.0,0.0,0.0,0.0,0.0,0.0,0.0,0.0,4,6,0,0
5108,2018-06-09,53b36df67ebb7c41585e8d54d6772e08,0.0,0.0,0.0,0.0,0.0,0.0,0.0,0.0,5,6,1,0
5118,2018-06-10,53b36df67ebb7c41585e8d54d6772e08,0.0,0.0,0.0,0.0,0.0,0.0,0.0,0.0,6,6,1,0
5128,2018-06-11,53b36df67ebb7c41585e8d54d6772e08,0.0,0.0,0.0,0.0,0.0,0.0,0.0,0.0,0,6,0,0
5138,2018-06-12,53b36df67ebb7c41585e8d54d6772e08,0.0,0.0,0.0,0.0,0.0,0.0,0.0,0.0,1,6,0,0
5148,2018-06-13,53b36df67ebb7c41585e8d54d6772e08,0.0,0.0,0.0,0.0,0.0,0.0,0.0,0.0,2,6,0,0
5158,2018-06-14,53b36df67ebb7c41585e8d54d6772e08,0.0,0.0,0.0,0.0,0.0,0.0,0.0,0.0,3,6,0,0
5168,2018-06-15,53b36df67ebb7c41585e8d54d6772e08,0.0,0.0,0.0,0.0,0.0,0.0,0.0,0.0,4,6,0,0
5178,2018-06-16,53b36df67ebb7c41585e8d54d6772e08,0.0,0.0,0.0,0.0,0.0,0.0,0.0,0.0,5,6,1,0
5188,2018-06-17,53b36df67ebb7c41585e8d54d6772e08,0.0,0.0,0.0,0.0,0.0,0.0,0.0,0.0,6,6,1,0
5198,2018-06-18,53b36df67ebb7c41585e8d54d6772e08,2.0,0.0,0.0,0.0,0.0,0.2857142857142857,0.7559289460184545,2.0,0,6,0,0
5208,2018-06-19,53b36df67ebb7c41585e8d54d6772e08,0.0,2.0,0.0,0.0,0.0,0.2857142857142857,0.7559289460184545,-2.0,1,6,0,0
5218,2018-06-20,53b36df67ebb7c41585e8d54d6772e08,0.0,0.0,2.0,0.0,0.0,0.2857142857142857,0.7559289460184545,0.0,2,6,0,0
5228,2018-06-21,53b36df67ebb7c41585e8d54d6772e08,0.0,0.0,0.0,2.0,0.0,0.2857142857142857,0.7559289460184545,0.0,3,6,0,0
5238,2018-06-22,53b36df67ebb7c41585e8d54d6772e08,0.0,0.0,0.0,0.0,0.0,0.2857142857142857,0.7559289460184545,0.0,4,6,0,0
5248,2018-06-23,53b36df67ebb7c41585e8d54d6772e08,1.0,0.0,0.0,0.0,0.0,0.42857142857142855,0.7867957924694432,1.0,5,6,1,0
5258,2018-06-24,53b36df67ebb7c41585e8d54d6772e08,1.0,1.0,0.0,0.0,0.0,0.5714285714285714,0.7867957924694432,0.0,6,6,1,0
5268,2018-06-25,53b36df67ebb7c41585e8d54d6772e08,2.0,1.0,1.0,0.0,2.0,0.5714285714285714,0.7867957924694432,1.0,0,6,0,0
5278,2018-06-26,53b36df67ebb7c41585e8d54d6772e08,1.0,2.0,1.0,1.0,0.0,0.7142857142857143,0.7559289460184545,-1.0,1,6,0,0
5288,2018-06-27,53b36df67ebb7c41585e8d54d6772e08,1.0,1.0,2.0,1.0,0.0,0.8571428571428571,0.6900655593423543,0.0,2,6,0,0
5298,2018-06-28,53b36df67ebb7c41585e8d54d6772e08,1.0,1.0,1.0,2.0,0.0,1.0,0.5773502691896257,0.0,3,6,0,0
5308,2018-06-29,53b36df67ebb7c41585e8d54d6772e08,0.0,1.0,1.0,1.0,0.0,1.0,0.5773502691896257,-1.0,4,6,0,0
5318,2018-06-30,53b36df67ebb7c41585e8d54d6772e08,0.0,0.0,1.0,1.0,1.0,0.8571428571428571,0.6900655593423543,0.0,5,6,1,0
5328,2018-07-01,53b36df67ebb7c41585e8d54d6772e08,0.0,0.0,0.0,1.0,1.0,0.7142857142857143,0.7559289460184545,0.0,6,7,1,0
5338,2018-07-02,53b36df67ebb7c41585e8d54d6772e08,4.0,0.0,0.0,0.0,2.0,1.0,1.4142135623730951,4.0,0,7,0,0
5348,2018-07-03,53b36df67ebb7c41585e8d54d6772e08,3.0,4.0,0.0,0.0,1.0,1.2857142857142858,1.6035674514745464,-1.0,1,7,0,0
5358,2018-07-04,53b36df67ebb7c41585e8d54d6772e08,0.0,3.0,4.0,0.0,1.0,1.1428571428571428,1.6761634196950517,-3.0,2,7,0,0
5368,2018-07-05,53b36df67ebb7c41585e8d54d6772e08,1.0,0.0,3.0,4.0,1.0,1.1428571428571428,1.6761634196950517,1.0,3,7,0,0
5378,2018-07-06,53b36df67ebb7c41585e8d54d6772e08,0.0,1.0,0.0,3.0,0.0,1.1428571428571428,1.6761634196950517,-1.0,4,7,0,0
5388,2018-07-07,53b36df67ebb7c41585e8d54d6772e08,0.0,0.0,1.0,0.0,0.0,1.1428571428571428,1.6761634196950517,0.0,5,7,1,0
5398,2018-07-08,53b36df67ebb7c41585e8d54d6772e08,0.0,0.0,0.0,1.0,0.0,1.1428571428571428,1.6761634196950517,0.0,6,7,1,0
5408,2018-07-09,53b36df67ebb7c41585e8d54d6772e08,0.0,0.0,0.0,0.0,4.0,0.5714285714285714,1.1338934190276817,0.0,0,7,0,0
5418,2018-07-10,53b36df67ebb7c41585e8d54d6772e08,1.0,0.0,0.0,0.0,3.0,0.2857142857142857,0.4879500364742664,1.0,1,7,0,0
5428,2018-07-11,53b36df67ebb7c41585e8d54d6772e08,0.0,1.0,0.0,0.0,0.0,0.2857142857142857,0.4879500364742664,-1.0,2,7,0,0
5438,2018-07-12,53b36df67ebb7c41585e8d54d6772e08,0.0,0.0,1.0,0.0,1.0,0.14285714285714285,0.3779644730092269,0.0,3,7,0,0
5448,2018-07-13,53b36df67ebb7c41585e8d54d6772e08,0.0,0.0,0.0,1.0,0.0,0.14285714285714285,0.3779644730092269,0.0,4,7,0,0
5458,2018-07-14,53b36df67ebb7c41585e8d54d6772e08,0.0,0.0,0.0,0.0,0.0,0.14285714285714285,0.3779644730092269,0.0,5,7,1,0
5468,2018-07-15,53b36df67ebb7c41585e8d54d6772e08,0.0,0.0,0.0,0.0,0.0,0.14285714285714285,0.3779644730092269,0.0,6,7,1,0
5478,2018-07-16,53b36df67ebb7c41585e8d54d6772e08,0.0,0.0,0.0,0.0,0.0,0.14285714285714285,0.3779644730092269,0.0,0,7,0,0
5488,2018-07-17,53b36df67ebb7c41585e8d54d6772e08,1.0,0.0,0.0,0.0,1.0,0.14285714285714285,0.37796447300922725,1.0,1,7,0,0
5498,2018-07-18,53b36df67ebb7c41585e8d54d6772e08,0.0,1.0,0.0,0.0,0.0,0.14285714285714285,0.37796447300922725,-1.0,2,7,0,0
5508,2018-07-19,53b36df67ebb7c41585e8d54d6772e08,0.0,0.0,1.0,0.0,0.0,0.14285714285714285,0.37796447300922725,0.0,3,7,0,0
5518,2018-07-20,53b36df67ebb7c41585e8d54d6772e08,0.0,0.0,0.0,1.0,0.0,0.14285714285714285,0.37796447300922725,0.0,4,7,0,0
5528,2018-07-21,53b36df67ebb7c41585e8d54d6772e08,0.0,0.0,0.0,0.0,0.0,0.14285714285714285,0.37796447300922725,0.0,5,7,1,0
5538,2018-07-22,53b36df67ebb7c41585e8d54d6772e08,0.0,0.0,0.0,0.0,0.0,0.14285714285714285,0.37796447300922725,0.0,6,7,1,0
5548,2018-07-23,53b36df67ebb7c41585e8d54d6772e08,0.0,0.0,0.0,0.0,0.0,0.14285714285714285,0.37796447300922725,0.0,0,7,0,0
5558,2018-07-24,53b36df67ebb7c41585e8d54d6772e08,0.0,0.0,0.0,0.0,1.0,0.0,0.0,0.0,1,7,0,0
5568,2018-07-25,53b36df67ebb7c41585e8d54d6772e08,0.0,0.0,0.0,0.0,0.0,0.0,0.0,0.0,2,7,0,0
5578,2018-07-26,53b36df67ebb7c41585e8d54d6772e08,0.0,0.0,0.0,0.0,0.0,0.0,0.0,0.0,3,7,0,0
5588,2018-07-27,53b36df67ebb7c41585e8d54d6772e08,0.0,0.0,0.0,0.0,0.0,0.0,0.0,0.0,4,7,0,0
5598,2018-07-28,53b36df67ebb7c41585e8d54d6772e08,1.0,0.0,0.0,0.0,0.0,0.14285714285714285,0.37796447300922725,1.0,5,7,1,0
5608,2018-07-29,53b36df67ebb7c41585e8d54d6772e08,0.0,1.0,0.0,0.0,0.0,0.14285714285714285,0.37796447300922725,-1.0,6,7,1,0
5618,2018-07-30,53b36df67ebb7c41585e8d54d6772e08,0.0,0.0,1.0,0.0,0.0,0.14285714285714285,0.37796447300922725,0.0,0,7,0,0
5628,2018-07-31,53b36df67ebb7c41585e8d54d6772e08,0.0,0.0,0.0,1.0,0.0,0.14285714285714285,0.37796447300922725,0.0,1,7,0,0
5638,2018-08-01,53b36df67ebb7c41585e8d54d6772e08,1.0,0.0,0.0,0.0,0.0,0.2857142857142857,0.4879500364742666,1.0,2,8,0,0
5648,2018-08-02,53b36df67ebb7c41585e8d54d6772e08,0.0,1.0,0.0,0.0,0.0,0.2857142857142857,0.48795003647426666,-1.0,3,8,0,0
5658,2018-08-03,53b36df67ebb7c41585e8d54d6772e08,0.0,0.0,1.0,0.0,0.0,0.2857142857142857,0.48795003647426666,0.0,4,8,0,0
5668,2018-08-04,53b36df67ebb7c41585e8d54d6772e08,0.0,0.0,0.0,1.0,1.0,0.14285714285714285,0.3779644730092273,0.0,5,8,1,0
5678,2018-08-05,53b36df67ebb7c41585e8d54d6772e08,0.0,0.0,0.0,0.0,0.0,0.14285714285714285,0.3779644730092273,0.0,6,8,1,0
5688,2018-08-06,53b36df67ebb7c41585e8d54d6772e08,0.0,0.0,0.0,0.0,0.0,0.14285714285714285,0.3779644730092273,0.0,0,8,0,0
5698,2018-08-07,53b36df67ebb7c41585e8d54d6772e08,0.0,0.0,0.0,0.0,0.0,0.14285714285714285,0.3779644730092273,0.0,1,8,0,0
5708,2018-08-08,53b36df67ebb7c41585e8d54d6772e08,0.0,0.0,0.0,0.0,1.0,0.0,0.0,0.0,2,8,0,0
5718,2018-08-09,53b36df67ebb7c41585e8d54d6772e08,0.0,0.0,0.0,0.0,0.0,0.0,0.0,0.0,3,8,0,0
5728,2018-08-10,53b36df67ebb7c41585e8d54d6772e08,0.0,0.0,0.0,0.0,0.0,0.0,0.0,0.0,4,8,0,0
5738,2018-08-11,53b36df67ebb7c41585e8d54d6772e08,0.0,0.0,0.0,0.0,0.0,0.0,0.0,0.0,5,8,1,0
5748,2018-08-12,53b36df67ebb7c41585e8d54d6772e08,0.0,0.0,0.0,0.0,0.0,0.0,0.0,0.0,6,8,1,0
5758,2018-08-13,53b36df67ebb7c41585e8d54d6772e08,0.0,0.0,0.0,0.0,0.0,0.0,0.0,0.0,0,8,0,0
5768,2018-08-14,53b36df67ebb7c41585e8d54d6772e08,0.0,0.0,0.0,0.0,0.0,0.0,0.0,0.0,1,8,0,0
5778,2018-08-15,53b36df67ebb7c41585e8d54d6772e08,0.0,0.0,0.0,0.0,0.0,0.0,0.0,0.0,2,8,0,0
5788,2018-08-16,53b36df67ebb7c41585e8d54d6772e08,0.0,0.0,0.0,0.0,0.0,0.0,0.0,0.0,3,8,0,0
5798,2018-08-17,53b36df67ebb7c41585e8d54d6772e08,0.0,0.0,0.0,0.0,0.0,0.0,0.0,0.0,4,8,0,0
5808,2018-08-18,53b36df67ebb7c41585e8d54d6772e08,0.0,0.0,0.0,0.0,0.0,0.0,0.0,0.0,5,8,1,0
5818,2018-08-19,53b36df67ebb7c41585e8d54d6772e08,0.0,0.0,0.0,0.0,0.0,0.0,0.0,0.0,6,8,1,0
5828,2018-08-20,53b36df67ebb7c41585e8d54d6772e08,0.0,0.0,0.0,0.0,0.0,0.0,0.0,0.0,0,8,0,0
5838,2018-08-21,53b36df67ebb7c41585e8d54d6772e08,0.0,0.0,0.0,0.0,0.0,0.0,0.0,0.0,1,8,0,0
5848,2018-08-22,53b36df67ebb7c41585e8d54d6772e08,0.0,0.0,0.0,0.0,0.0,0.0,0.0,0.0,2,8,0,0
5858,2018-08-23,53b36df67ebb7c41585e8d54d6772e08,0.0,0.0,0.0,0.0,0.0,0.0,0.0,0.0,3,8,0,0
5868,2018-08-24,53b36df67ebb7c41585e8d54d6772e08,0.0,0.0,0.0,0.0,0.0,0.0,0.0,0.0,4,8,0,0
5878,2018-08-25,53b36df67ebb7c41585e8d54d6772e08,0.0,0.0,0.0,0.0,0.0,0.0,0.0,0.0,5,8,1,0
5888,2018-08-26,53b36df67ebb7c41585e8d54d6772e08,0.0,0.0,0.0,0.0,0.0,0.0,0.0,0.0,6,8,1,0
77,2017-01-22,5f504b3a1c75b73d6151be81eb05bdc9,0.0,0.0,0.0,0.0,0.0,0.0,0.0,0.0,6,1,1,0
87,2017-01-23,5f504b3a1c75b73d6151be81eb05bdc9,0.0,0.0,0.0,0.0,0.0,0.0,0.0,0.0,0,1,0,0
97,2017-01-24,5f504b3a1c75b73d6151be81eb05bdc9,0.0,0.0,0.0,0.0,0.0,0.0,0.0,0.0,1,1,0,0
107,2017-01-25,5f504b3a1c75b73d6151be81eb05bdc9,0.0,0.0,0.0,0.0,0.0,0.0,0.0,0.0,2,1,0,0
117,2017-01-26,5f504b3a1c75b73d6151be81eb05bdc9,0.0,0.0,0.0,0.0,0.0,0.0,0.0,0.0,3,1,0,0
127,2017-01-27,5f504b3a1c75b73d6151be81eb05bdc9,0.0,0.0,0.0,0.0,0.0,0.0,0.0,0.0,4,1,0,0
137,2017-01-28,5f504b3a1c75b73d6151be81eb05bdc9,0.0,0.0,0.0,0.0,0.0,0.0,0.0,0.0,5,1,1,0
147,2017-01-29,5f504b3a1c75b73d6151be81eb05bdc9,0.0,0.0,0.0,0.0,0.0,0.0,0.0,0.0,6,1,1,0
157,2017-01-30,5f504b3a1c75b73d6151be81eb05bdc9,0.0,0.0,0.0,0.0,0.0,0.0,0.0,0.0,0,1,0,0
167,2017-01-31,5f504b3a1c75b73d6151be81eb05bdc9,0.0,0.0,0.0,0.0,0.0,0.0,0.0,0.0,1,1,0,0
177,2017-02-01,5f504b3a1c75b73d6151be81eb05bdc9,0.0,0.0,0.0,0.0,0.0,0.0,0.0,0.0,2,2,0,0
187,2017-02-02,5f504b3a1c75b73d6151be81eb05bdc9,0.0,0.0,0.0,0.0,0.0,0.0,0.0,0.0,3,2,0,0
197,2017-02-03,5f504b3a1c75b73d6151be81eb05bdc9,0.0,0.0,0.0,0.0,0.0,0.0,0.0,0.0,4,2,0,0
207,2017-02-04,5f504b3a1c75b73d6151be81eb05bdc9,0.0,0.0,0.0,0.0,0.0,0.0,0.0,0.0,5,2,1,0
217,2017-02-05,5f504b3a1c75b73d6151be81eb05bdc9,0.0,0.0,0.0,0.0,0.0,0.0,0.0,0.0,6,2,1,0
227,2017-02-06,5f504b3a1c75b73d6151be81eb05bdc9,0.0,0.0,0.0,0.0,0.0,0.0,0.0,0.0,0,2,0,0
237,2017-02-07,5f504b3a1c75b73d6151be81eb05bdc9,0.0,0.0,0.0,0.0,0.0,0.0,0.0,0.0,1,2,0,0
247,2017-02-08,5f504b3a1c75b73d6151be81eb05bdc9,0.0,0.0,0.0,0.0,0.0,0.0,0.0,0.0,2,2,0,0
257,2017-02-09,5f504b3a1c75b73d6151be81eb05bdc9,0.0,0.0,0.0,0.0,0.0,0.0,0.0,0.0,3,2,0,0
267,2017-02-10,5f504b3a1c75b73d6151be81eb05bdc9,0.0,0.0,0.0,0.0,0.0,0.0,0.0,0.0,4,2,0,0
277,2017-02-11,5f504b3a1c75b73d6151be81eb05bdc9,0.0,0.0,0.0,0.0,0.0,0.0,0.0,0.0,5,2,1,0
287,2017-02-12,5f504b3a1c75b73d6151be81eb05bdc9,0.0,0.0,0.0,0.0,0.0,0.0,0.0,0.0,6,2,1,0
297,2017-02-13,5f504b3a1c75b73d6151be81eb05bdc9,0.0,0.0,0.0,0.0,0.0,0.0,0.0,0.0,0,2,0,0
307,2017-02-14,5f504b3a1c75b73d6151be81eb05bdc9,0.0,0.0,0.0,0.0,0.0,0.0,0.0,0.0,1,2,0,0
317,2017-02-15,5f504b3a1c75b73d6151be81eb05bdc9,0.0,0.0,0.0,0.0,0.0,0.0,0.0,0.0,2,2,0,0
327,2017-02-16,5f504b3a1c75b73d6151be81eb05bdc9,0.0,0.0,0.0,0.0,0.0,0.0,0.0,0.0,3,2,0,0
337,2017-02-17,5f504b3a1c75b73d6151be81eb05bdc9,0.0,0.0,0.0,0.0,0.0,0.0,0.0,0.0,4,2,0,0
347,2017-02-18,5f504b3a1c75b73d6151be81eb05bdc9,0.0,0.0,0.0,0.0,0.0,0.0,0.0,0.0,5,2,1,0
357,2017-02-19,5f504b3a1c75b73d6151be81eb05bdc9,0.0,0.0,0.0,0.0,0.0,0.0,0.0,0.0,6,2,1,0
367,2017-02-20,5f504b3a1c75b73d6151be81eb05bdc9,0.0,0.0,0.0,0.0,0.0,0.0,0.0,0.0,0,2,0,0
377,2017-02-21,5f504b3a1c75b73d6151be81eb05bdc9,0.0,0.0,0.0,0.0,0.0,0.0,0.0,0.0,1,2,0,0
387,2017-02-22,5f504b3a1c75b73d6151be81eb05bdc9,0.0,0.0,0.0,0.0,0.0,0.0,0.0,0.0,2,2,0,0
397,2017-02-23,5f504b3a1c75b73d6151be81eb05bdc9,0.0,0.0,0.0,0.0,0.0,0.0,0.0,0.0,3,2,0,0
407,2017-02-24,5f504b3a1c75b73d6151be81eb05bdc9,0.0,0.0,0.0,0.0,0.0,0.0,0.0,0.0,4,2,0,0
417,2017-02-25,5f504b3a1c75b73d6151be81eb05bdc9,0.0,0.0,0.0,0.0,0.0,0.0,0.0,0.0,5,2,1,0
427,2017-02-26,5f504b3a1c75b73d6151be81eb05bdc9,0.0,0.0,0.0,0.0,0.0,0.0,0.0,0.0,6,2,1,0
437,2017-02-27,5f504b3a1c75b73d6151be81eb05bdc9,0.0,0.0,0.0,0.0,0.0,0.0,0.0,0.0,0,2,0,0
447,2017-02-28,5f504b3a1c75b73d6151be81eb05bdc9,0.0,0.0,0.0,0.0,0.0,0.0,0.0,0.0,1,2,0,0
457,2017-03-01,5f504b3a1c75b73d6151be81eb05bdc9,0.0,0.0,0.0,0.0,0.0,0.0,0.0,0.0,2,3,0,0
467,2017-03-02,5f504b3a1c75b73d6151be81eb05bdc9,0.0,0.0,0.0,0.0,0.0,0.0,0.0,0.0,3,3,0,0
477,2017-03-03,5f504b3a1c75b73d6151be81eb05bdc9,0.0,0.0,0.0,0.0,0.0,0.0,0.0,0.0,4,3,0,0
487,2017-03-04,5f504b3a1c75b73d6151be81eb05bdc9,0.0,0.0,0.0,0.0,0.0,0.0,0.0,0.0,5,3,1,0
497,2017-03-05,5f504b3a1c75b73d6151be81eb05bdc9,0.0,0.0,0.0,0.0,0.0,0.0,0.0,0.0,6,3,1,0
507,2017-03-06,5f504b3a1c75b73d6151be81eb05bdc9,0.0,0.0,0.0,0.0,0.0,0.0,0.0,0.0,0,3,0,0
517,2017-03-07,5f504b3a1c75b73d6151be81eb05bdc9,0.0,0.0,0.0,0.0,0.0,0.0,0.0,0.0,1,3,0,0
527,2017-03-08,5f504b3a1c75b73d6151be81eb05bdc9,0.0,0.0,0.0,0.0,0.0,0.0,0.0,0.0,2,3,0,0
537,2017-03-09,5f504b3a1c75b73d6151be81eb05bdc9,0.0,0.0,0.0,0.0,0.0,0.0,0.0,0.0,3,3,0,0
547,2017-03-10,5f504b3a1c75b73d6151be81eb05bdc9,0.0,0.0,0.0,0.0,0.0,0.0,0.0,0.0,4,3,0,0
557,2017-03-11,5f504b3a1c75b73d6151be81eb05bdc9,0.0,0.0,0.0,0.0,0.0,0.0,0.0,0.0,5,3,1,0
567,2017-03-12,5f504b3a1c75b73d6151be81eb05bdc9,0.0,0.0,0.0,0.0,0.0,0.0,0.0,0.0,6,3,1,0
577,2017-03-13,5f504b3a1c75b73d6151be81eb05bdc9,0.0,0.0,0.0,0.0,0.0,0.0,0.0,0.0,0,3,0,0
587,2017-03-14,5f504b3a1c75b73d6151be81eb05bdc9,0.0,0.0,0.0,0.0,0.0,0.0,0.0,0.0,1,3,0,0
597,2017-03-15,5f504b3a1c75b73d6151be81eb05bdc9,0.0,0.0,0.0,0.0,0.0,0.0,0.0,0.0,2,3,0,0
607,2017-03-16,5f504b3a1c75b73d6151be81eb05bdc9,0.0,0.0,0.0,0.0,0.0,0.0,0.0,0.0,3,3,0,0
617,2017-03-17,5f504b3a1c75b73d6151be81eb05bdc9,0.0,0.0,0.0,0.0,0.0,0.0,0.0,0.0,4,3,0,0
627,2017-03-18,5f504b3a1c75b73d6151be81eb05bdc9,0.0,0.0,0.0,0.0,0.0,0.0,0.0,0.0,5,3,1,0
637,2017-03-19,5f504b3a1c75b73d6151be81eb05bdc9,0.0,0.0,0.0,0.0,0.0,0.0,0.0,0.0,6,3,1,0
647,2017-03-20,5f504b3a1c75b73d6151be81eb05bdc9,0.0,0.0,0.0,0.0,0.0,0.0,0.0,0.0,0,3,0,0
657,2017-03-21,5f504b3a1c75b73d6151be81eb05bdc9,0.0,0.0,0.0,0.0,0.0,0.0,0.0,0.0,1,3,0,0
667,2017-03-22,5f504b3a1c75b73d6151be81eb05bdc9,0.0,0.0,0.0,0.0,0.0,0.0,0.0,0.0,2,3,0,0
677,2017-03-23,5f504b3a1c75b73d6151be81eb05bdc9,0.0,0.0,0.0,0.0,0.0,0.0,0.0,0.0,3,3,0,0
687,2017-03-24,5f504b3a1c75b73d6151be81eb05bdc9,0.0,0.0,0.0,0.0,0.0,0.0,0.0,0.0,4,3,0,0
697,2017-03-25,5f504b3a1c75b73d6151be81eb05bdc9,0.0,0.0,0.0,0.0,0.0,0.0,0.0,0.0,5,3,1,0
707,2017-03-26,5f504b3a1c75b73d6151be81eb05bdc9,0.0,0.0,0.0,0.0,0.0,0.0,0.0,0.0,6,3,1,0
717,2017-03-27,5f504b3a1c75b73d6151be81eb05bdc9,0.0,0.0,0.0,0.0,0.0,0.0,0.0,0.0,0,3,0,0
727,2017-03-28,5f504b3a1c75b73d6151be81eb05bdc9,0.0,0.0,0.0,0.0,0.0,0.0,0.0,0.0,1,3,0,0
737,2017-03-29,5f504b3a1c75b73d6151be81eb05bdc9,0.0,0.0,0.0,0.0,0.0,0.0,0.0,0.0,2,3,0,0
747,2017-03-30,5f504b3a1c75b73d6151be81eb05bdc9,0.0,0.0,0.0,0.0,0.0,0.0,0.0,0.0,3,3,0,0
757,2017-03-31,5f504b3a1c75b73d6151be81eb05bdc9,0.0,0.0,0.0,0.0,0.0,0.0,0.0,0.0,4,3,0,0
767,2017-04-01,5f504b3a1c75b73d6151be81eb05bdc9,0.0,0.0,0.0,0.0,0.0,0.0,0.0,0.0,5,4,1,0
777,2017-04-02,5f504b3a1c75b73d6151be81eb05bdc9,0.0,0.0,0.0,0.0,0.0,0.0,0.0,0.0,6,4,1,0
787,2017-04-03,5f504b3a1c75b73d6151be81eb05bdc9,0.0,0.0,0.0,0.0,0.0,0.0,0.0,0.0,0,4,0,0
797,2017-04-04,5f504b3a1c75b73d6151be81eb05bdc9,0.0,0.0,0.0,0.0,0.0,0.0,0.0,0.0,1,4,0,0
807,2017-04-05,5f504b3a1c75b73d6151be81eb05bdc9,0.0,0.0,0.0,0.0,0.0,0.0,0.0,0.0,2,4,0,0
817,2017-04-06,5f504b3a1c75b73d6151be81eb05bdc9,0.0,0.0,0.0,0.0,0.0,0.0,0.0,0.0,3,4,0,0
827,2017-04-07,5f504b3a1c75b73d6151be81eb05bdc9,0.0,0.0,0.0,0.0,0.0,0.0,0.0,0.0,4,4,0,0
837,2017-04-08,5f504b3a1c75b73d6151be81eb05bdc9,0.0,0.0,0.0,0.0,0.0,0.0,0.0,0.0,5,4,1,0
847,2017-04-09,5f504b3a1c75b73d6151be81eb05bdc9,0.0,0.0,0.0,0.0,0.0,0.0,0.0,0.0,6,4,1,0
857,2017-04-10,5f504b3a1c75b73d6151be81eb05bdc9,0.0,0.0,0.0,0.0,0.0,0.0,0.0,0.0,0,4,0,0
867,2017-04-11,5f504b3a1c75b73d6151be81eb05bdc9,0.0,0.0,0.0,0.0,0.0,0.0,0.0,0.0,1,4,0,0
877,2017-04-12,5f504b3a1c75b73d6151be81eb05bdc9,0.0,0.0,0.0,0.0,0.0,0.0,0.0,0.0,2,4,0,0
887,2017-04-13,5f504b3a1c75b73d6151be81eb05bdc9,0.0,0.0,0.0,0.0,0.0,0.0,0.0,0.0,3,4,0,0
897,2017-04-14,5f504b3a1c75b73d6151be81eb05bdc9,0.0,0.0,0.0,0.0,0.0,0.0,0.0,0.0,4,4,0,0
907,2017-04-15,5f504b3a1c75b73d6151be81eb05bdc9,0.0,0.0,0.0,0.0,0.0,0.0,0.0,0.0,5,4,1,0
917,2017-04-16,5f504b3a1c75b73d6151be81eb05bdc9,0.0,0.0,0.0,0.0,0.0,0.0,0.0,0.0,6,4,1,0
927,2017-04-17,5f504b3a1c75b73d6151be81eb05bdc9,0.0,0.0,0.0,0.0,0.0,0.0,0.0,0.0,0,4,0,0
937,2017-04-18,5f504b3a1c75b73d6151be81eb05bdc9,0.0,0.0,0.0,0.0,0.0,0.0,0.0,0.0,1,4,0,0
947,2017-04-19,5f504b3a1c75b73d6151be81eb05bdc9,0.0,0.0,0.0,0.0,0.0,0.0,0.0,0.0,2,4,0,0
957,2017-04-20,5f504b3a1c75b73d6151be81eb05bdc9,0.0,0.0,0.0,0.0,0.0,0.0,0.0,0.0,3,4,0,0
967,2017-04-21,5f504b3a1c75b73d6151be81eb05bdc9,0.0,0.0,0.0,0.0,0.0,0.0,0.0,0.0,4,4,0,0
977,2017-04-22,5f504b3a1c75b73d6151be81eb05bdc9,0.0,0.0,0.0,0.0,0.0,0.0,0.0,0.0,5,4,1,0
987,2017-04-23,5f504b3a1c75b73d6151be81eb05bdc9,0.0,0.0,0.0,0.0,0.0,0.0,0.0,0.0,6,4,1,0
997,2017-04-24,5f504b3a1c75b73d6151be81eb05bdc9,0.0,0.0,0.0,0.0,0.0,0.0,0.0,0.0,0,4,0,0
1007,2017-04-25,5f504b3a1c75b73d6151be81eb05bdc9,0.0,0.0,0.0,0.0,0.0,0.0,0.0,0.0,1,4,0,0
1017,2017-04-26,5f504b3a1c75b73d6151be81eb05bdc9,0.0,0.0,0.0,0.0,0.0,0.0,0.0,0.0,2,4,0,0
1027,2017-04-27,5f504b3a1c75b73d6151be81eb05bdc9,0.0,0.0,0.0,0.0,0.0,0.0,0.0,0.0,3,4,0,0
1037,2017-04-28,5f504b3a1c75b73d6151be81eb05bdc9,0.0,0.0,0.0,0.0,0.0,0.0,0.0,0.0,4,4,0,0
1047,2017-04-29,5f504b3a1c75b73d6151be81eb05bdc9,0.0,0.0,0.0,0.0,0.0,0.0,0.0,0.0,5,4,1,0
1057,2017-04-30,5f504b3a1c75b73d6151be81eb05bdc9,0.0,0.0,0.0,0.0,0.0,0.0,0.0,0.0,6,4,1,0
1067,2017-05-01,5f504b3a1c75b73d6151be81eb05bdc9,0.0,0.0,0.0,0.0,0.0,0.0,0.0,0.0,0,5,0,0
1077,2017-05-02,5f504b3a1c75b73d6151be81eb05bdc9,0.0,0.0,0.0,0.0,0.0,0.0,0.0,0.0,1,5,0,0
1087,2017-05-03,5f504b3a1c75b73d6151be81eb05bdc9,0.0,0.0,0.0,0.0,0.0,0.0,0.0,0.0,2,5,0,0
1097,2017-05-04,5f504b3a1c75b73d6151be81eb05bdc9,0.0,0.0,0.0,0.0,0.0,0.0,0.0,0.0,3,5,0,0
1107,2017-05-05,5f504b3a1c75b73d6151be81eb05bdc9,0.0,0.0,0.0,0.0,0.0,0.0,0.0,0.0,4,5,0,0
1117,2017-05-06,5f504b3a1c75b73d6151be81eb05bdc9,0.0,0.0,0.0,0.0,0.0,0.0,0.0,0.0,5,5,1,0
1127,2017-05-07,5f504b3a1c75b73d6151be81eb05bdc9,0.0,0.0,0.0,0.0,0.0,0.0,0.0,0.0,6,5,1,0
1137,2017-05-08,5f504b3a1c75b73d6151be81eb05bdc9,0.0,0.0,0.0,0.0,0.0,0.0,0.0,0.0,0,5,0,0
1147,2017-05-09,5f504b3a1c75b73d6151be81eb05bdc9,0.0,0.0,0.0,0.0,0.0,0.0,0.0,0.0,1,5,0,0
1157,2017-05-10,5f504b3a1c75b73d6151be81eb05bdc9,1.0,0.0,0.0,0.0,0.0,0.14285714285714285,0.37796447300922725,1.0,2,5,0,0
1167,2017-05-11,5f504b3a1c75b73d6151be81eb05bdc9,0.0,1.0,0.0,0.0,0.0,0.14285714285714285,0.37796447300922725,-1.0,3,5,0,0
1177,2017-05-12,5f504b3a1c75b73d6151be81eb05bdc9,0.0,0.0,1.0,0.0,0.0,0.14285714285714285,0.37796447300922725,0.0,4,5,0,0
1187,2017-05-13,5f504b3a1c75b73d6151be81eb05bdc9,0.0,0.0,0.0,1.0,0.0,0.14285714285714285,0.37796447300922725,0.0,5,5,1,0
1197,2017-05-14,5f504b3a1c75b73d6151be81eb05bdc9,0.0,0.0,0.0,0.0,0.0,0.14285714285714285,0.37796447300922725,0.0,6,5,1,0
1207,2017-05-15,5f504b3a1c75b73d6151be81eb05bdc9,0.0,0.0,0.0,0.0,0.0,0.14285714285714285,0.37796447300922725,0.0,0,5,0,0
1217,2017-05-16,5f504b3a1c75b73d6151be81eb05bdc9,0.0,0.0,0.0,0.0,0.0,0.14285714285714285,0.37796447300922725,0.0,1,5,0,0
1227,2017-05-17,5f504b3a1c75b73d6151be81eb05bdc9,0.0,0.0,0.0,0.0,1.0,0.0,0.0,0.0,2,5,0,0
1237,2017-05-18,5f504b3a1c75b73d6151be81eb05bdc9,0.0,0.0,0.0,0.0,0.0,0.0,0.0,0.0,3,5,0,0
1247,2017-05-19,5f504b3a1c75b73d6151be81eb05bdc9,0.0,0.0,0.0,0.0,0.0,0.0,0.0,0.0,4,5,0,0
1257,2017-05-20,5f504b3a1c75b73d6151be81eb05bdc9,0.0,0.0,0.0,0.0,0.0,0.0,0.0,0.0,5,5,1,0
1267,2017-05-21,5f504b3a1c75b73d6151be81eb05bdc9,0.0,0.0,0.0,0.0,0.0,0.0,0.0,0.0,6,5,1,0
1277,2017-05-22,5f504b3a1c75b73d6151be81eb05bdc9,0.0,0.0,0.0,0.0,0.0,0.0,0.0,0.0,0,5,0,0
1287,2017-05-23,5f504b3a1c75b73d6151be81eb05bdc9,0.0,0.0,0.0,0.0,0.0,0.0,0.0,0.0,1,5,0,0
1297,2017-05-24,5f504b3a1c75b73d6151be81eb05bdc9,0.0,0.0,0.0,0.0,0.0,0.0,0.0,0.0,2,5,0,0
1307,2017-05-25,5f504b3a1c75b73d6151be81eb05bdc9,0.0,0.0,0.0,0.0,0.0,0.0,0.0,0.0,3,5,0,0
1317,2017-05-26,5f504b3a1c75b73d6151be81eb05bdc9,0.0,0.0,0.0,0.0,0.0,0.0,0.0,0.0,4,5,0,0
1327,2017-05-27,5f504b3a1c75b73d6151be81eb05bdc9,1.0,0.0,0.0,0.0,0.0,0.14285714285714285,0.37796447300922725,1.0,5,5,1,0
1337,2017-05-28,5f504b3a1c75b73d6151be81eb05bdc9,0.0,1.0,0.0,0.0,0.0,0.14285714285714285,0.37796447300922725,-1.0,6,5,1,0
1347,2017-05-29,5f504b3a1c75b73d6151be81eb05bdc9,0.0,0.0,1.0,0.0,0.0,0.14285714285714285,0.37796447300922725,0.0,0,5,0,0
1357,2017-05-30,5f504b3a1c75b73d6151be81eb05bdc9,0.0,0.0,0.0,1.0,0.0,0.14285714285714285,0.37796447300922725,0.0,1,5,0,0
1367,2017-05-31,5f504b3a1c75b73d6151be81eb05bdc9,0.0,0.0,0.0,0.0,0.0,0.14285714285714285,0.37796447300922725,0.0,2,5,0,0
1377,2017-06-01,5f504b3a1c75b73d6151be81eb05bdc9,1.0,0.0,0.0,0.0,0.0,0.2857142857142857,0.4879500364742666,1.0,3,6,0,0
1387,2017-06-02,5f504b3a1c75b73d6151be81eb05bdc9,1.0,1.0,0.0,0.0,0.0,0.42857142857142855,0.5345224838248488,0.0,4,6,0,0
1397,2017-06-03,5f504b3a1c75b73d6151be81eb05bdc9,0.0,1.0,1.0,0.0,1.0,0.2857142857142857,0.48795003647426666,-1.0,5,6,1,0
1407,2017-06-04,5f504b3a1c75b73d6151be81eb05bdc9,0.0,0.0,1.0,1.0,0.0,0.2857142857142857,0.48795003647426666,0.0,6,6,1,0
1417,2017-06-05,5f504b3a1c75b73d6151be81eb05bdc9,0.0,0.0,0.0,1.0,0.0,0.2857142857142857,0.48795003647426666,0.0,0,6,0,0
1427,2017-06-06,5f504b3a1c75b73d6151be81eb05bdc9,0.0,0.0,0.0,0.0,0.0,0.2857142857142857,0.48795003647426666,0.0,1,6,0,0
1437,2017-06-07,5f504b3a1c75b73d6151be81eb05bdc9,0.0,0.0,0.0,0.0,0.0,0.2857142857142857,0.48795003647426666,0.0,2,6,0,0
1447,2017-06-08,5f504b3a1c75b73d6151be81eb05bdc9,0.0,0.0,0.0,0.0,1.0,0.14285714285714285,0.3779644730092273,0.0,3,6,0,0
1457,2017-06-09,5f504b3a1c75b73d6151be81eb05bdc9,0.0,0.0,0.0,0.0,1.0,0.0,0.0,0.0,4,6,0,0
1467,2017-06-10,5f504b3a1c75b73d6151be81eb05bdc9,0.0,0.0,0.0,0.0,0.0,0.0,0.0,0.0,5,6,1,0
1477,2017-06-11,5f504b3a1c75b73d6151be81eb05bdc9,1.0,0.0,0.0,0.0,0.0,0.14285714285714285,0.37796447300922725,1.0,6,6,1,0
1487,2017-06-12,5f504b3a1c75b73d6151be81eb05bdc9,0.0,1.0,0.0,0.0,0.0,0.14285714285714285,0.37796447300922725,-1.0,0,6,0,0
1497,2017-06-13,5f504b3a1c75b73d6151be81eb05bdc9,0.0,0.0,1.0,0.0,0.0,0.14285714285714285,0.37796447300922725,0.0,1,6,0,0
1507,2017-06-14,5f504b3a1c75b73d6151be81eb05bdc9,1.0,0.0,0.0,1.0,0.0,0.2857142857142857,0.4879500364742666,1.0,2,6,0,0
1517,2017-06-15,5f504b3a1c75b73d6151be81eb05bdc9,0.0,1.0,0.0,0.0,0.0,0.2857142857142857,0.48795003647426666,-1.0,3,6,0,0
1527,2017-06-16,5f504b3a1c75b73d6151be81eb05bdc9,0.0,0.0,1.0,0.0,0.0,0.2857142857142857,0.48795003647426666,0.0,4,6,0,0
1537,2017-06-17,5f504b3a1c75b73d6151be81eb05bdc9,0.0,0.0,0.0,1.0,0.0,0.2857142857142857,0.48795003647426666,0.0,5,6,1,0
1547,2017-06-18,5f504b3a1c75b73d6151be81eb05bdc9,0.0,0.0,0.0,0.0,1.0,0.14285714285714285,0.3779644730092273,0.0,6,6,1,0
1557,2017-06-19,5f504b3a1c75b73d6151be81eb05bdc9,0.0,0.0,0.0,0.0,0.0,0.14285714285714285,0.3779644730092273,0.0,0,6,0,0
1567,2017-06-20,5f504b3a1c75b73d6151be81eb05bdc9,1.0,0.0,0.0,0.0,0.0,0.2857142857142857,0.48795003647426666,1.0,1,6,0,0
1577,2017-06-21,5f504b3a1c75b73d6151be81eb05bdc9,0.0,1.0,0.0,0.0,1.0,0.14285714285714285,0.3779644730092273,-1.0,2,6,0,0
1587,2017-06-22,5f504b3a1c75b73d6151be81eb05bdc9,0.0,0.0,1.0,0.0,0.0,0.14285714285714285,0.3779644730092273,0.0,3,6,0,0
1597,2017-06-23,5f504b3a1c75b73d6151be81eb05bdc9,0.0,0.0,0.0,1.0,0.0,0.14285714285714285,0.3779644730092273,0.0,4,6,0,0
1607,2017-06-24,5f504b3a1c75b73d6151be81eb05bdc9,1.0,0.0,0.0,0.0,0.0,0.2857142857142857,0.48795003647426666,1.0,5,6,1,0
1617,2017-06-25,5f504b3a1c75b73d6151be81eb05bdc9,0.0,1.0,0.0,0.0,0.0,0.2857142857142857,0.48795003647426666,-1.0,6,6,1,0
1627,2017-06-26,5f504b3a1c75b73d6151be81eb05bdc9,0.0,0.0,1.0,0.0,0.0,0.2857142857142857,0.48795003647426666,0.0,0,6,0,0
1637,2017-06-27,5f504b3a1c75b73d6151be81eb05bdc9,0.0,0.0,0.0,1.0,1.0,0.14285714285714285,0.3779644730092273,0.0,1,6,0,0
1647,2017-06-28,5f504b3a1c75b73d6151be81eb05bdc9,0.0,0.0,0.0,0.0,0.0,0.14285714285714285,0.3779644730092273,0.0,2,6,0,0
1657,2017-06-29,5f504b3a1c75b73d6151be81eb05bdc9,0.0,0.0,0.0,0.0,0.0,0.14285714285714285,0.3779644730092273,0.0,3,6,0,0
1667,2017-06-30,5f504b3a1c75b73d6151be81eb05bdc9,1.0,0.0,0.0,0.0,0.0,0.2857142857142857,0.48795003647426666,1.0,4,6,0,0
1677,2017-07-01,5f504b3a1c75b73d6151be81eb05bdc9,0.0,1.0,0.0,0.0,1.0,0.14285714285714285,0.3779644730092273,-1.0,5,7,1,0
1687,2017-07-02,5f504b3a1c75b73d6151be81eb05bdc9,0.0,0.0,1.0,0.0,0.0,0.14285714285714285,0.3779644730092273,0.0,6,7,1,0
1697,2017-07-03,5f504b3a1c75b73d6151be81eb05bdc9,0.0,0.0,0.0,1.0,0.0,0.14285714285714285,0.3779644730092273,0.0,0,7,0,0
1707,2017-07-04,5f504b3a1c75b73d6151be81eb05bdc9,0.0,0.0,0.0,0.0,0.0,0.14285714285714285,0.3779644730092273,0.0,1,7,0,0
1717,2017-07-05,5f504b3a1c75b73d6151be81eb05bdc9,1.0,0.0,0.0,0.0,0.0,0.2857142857142857,0.48795003647426666,1.0,2,7,0,0
1727,2017-07-06,5f504b3a1c75b73d6151be81eb05bdc9,1.0,1.0,0.0,0.0,0.0,0.42857142857142855,0.5345224838248488,0.0,3,7,0,0
1737,2017-07-07,5f504b3a1c75b73d6151be81eb05bdc9,1.0,1.0,1.0,0.0,1.0,0.42857142857142855,0.5345224838248488,0.0,4,7,0,0
1747,2017-07-08,5f504b3a1c75b73d6151be81eb05bdc9,0.0,1.0,1.0,1.0,0.0,0.42857142857142855,0.5345224838248488,-1.0,5,7,1,0
1757,2017-07-09,5f504b3a1c75b73d6151be81eb05bdc9,0.0,0.0,1.0,1.0,0.0,0.42857142857142855,0.5345224838248488,0.0,6,7,1,0
1767,2017-07-10,5f504b3a1c75b73d6151be81eb05bdc9,0.0,0.0,0.0,1.0,0.0,0.42857142857142855,0.5345224838248488,0.0,0,7,0,0
1777,2017-07-11,5f504b3a1c75b73d6151be81eb05bdc9,0.0,0.0,0.0,0.0,0.0,0.42857142857142855,0.5345224838248488,0.0,1,7,0,0
1787,2017-07-12,5f504b3a1c75b73d6151be81eb05bdc9,0.0,0.0,0.0,0.0,1.0,0.2857142857142857,0.48795003647426666,0.0,2,7,0,0
1797,2017-07-13,5f504b3a1c75b73d6151be81eb05bdc9,0.0,0.0,0.0,0.0,1.0,0.14285714285714285,0.3779644730092273,0.0,3,7,0,0
1807,2017-07-14,5f504b3a1c75b73d6151be81eb05bdc9,1.0,0.0,0.0,0.0,1.0,0.14285714285714285,0.37796447300922725,1.0,4,7,0,0
1817,2017-07-15,5f504b3a1c75b73d6151be81eb05bdc9,0.0,1.0,0.0,0.0,0.0,0.14285714285714285,0.37796447300922725,-1.0,5,7,1,0
1827,2017-07-16,5f504b3a1c75b73d6151be81eb05bdc9,0.0,0.0,1.0,0.0,0.0,0.14285714285714285,0.37796447300922725,0.0,6,7,1,0
1837,2017-07-17,5f504b3a1c75b73d6151be81eb05bdc9,0.0,0.0,0.0,1.0,0.0,0.14285714285714285,0.37796447300922725,0.0,0,7,0,0
1847,2017-07-18,5f504b3a1c75b73d6151be81eb05bdc9,0.0,0.0,0.0,0.0,0.0,0.14285714285714285,0.37796447300922725,0.0,1,7,0,0
1857,2017-07-19,5f504b3a1c75b73d6151be81eb05bdc9,0.0,0.0,0.0,0.0,0.0,0.14285714285714285,0.37796447300922725,0.0,2,7,0,0
1867,2017-07-20,5f504b3a1c75b73d6151be81eb05bdc9,0.0,0.0,0.0,0.0,0.0,0.14285714285714285,0.37796447300922725,0.0,3,7,0,0
1877,2017-07-21,5f504b3a1c75b73d6151be81eb05bdc9,0.0,0.0,0.0,0.0,1.0,0.0,0.0,0.0,4,7,0,0
1887,2017-07-22,5f504b3a1c75b73d6151be81eb05bdc9,0.0,0.0,0.0,0.0,0.0,0.0,0.0,0.0,5,7,1,0
1897,2017-07-23,5f504b3a1c75b73d6151be81eb05bdc9,1.0,0.0,0.0,0.0,0.0,0.14285714285714285,0.37796447300922725,1.0,6,7,1,0
1907,2017-07-24,5f504b3a1c75b73d6151be81eb05bdc9,0.0,1.0,0.0,0.0,0.0,0.14285714285714285,0.37796447300922725,-1.0,0,7,0,0
1917,2017-07-25,5f504b3a1c75b73d6151be81eb05bdc9,0.0,0.0,1.0,0.0,0.0,0.14285714285714285,0.37796447300922725,0.0,1,7,0,0
1927,2017-07-26,5f504b3a1c75b73d6151be81eb05bdc9,0.0,0.0,0.0,1.0,0.0,0.14285714285714285,0.37796447300922725,0.0,2,7,0,0
1937,2017-07-27,5f504b3a1c75b73d6151be81eb05bdc9,0.0,0.0,0.0,0.0,0.0,0.14285714285714285,0.37796447300922725,0.0,3,7,0,0
1947,2017-07-28,5f504b3a1c75b73d6151be81eb05bdc9,0.0,0.0,0.0,0.0,0.0,0.14285714285714285,0.37796447300922725,0.0,4,7,0,0
1957,2017-07-29,5f504b3a1c75b73d6151be81eb05bdc9,0.0,0.0,0.0,0.0,0.0,0.14285714285714285,0.37796447300922725,0.0,5,7,1,0
1967,2017-07-30,5f504b3a1c75b73d6151be81eb05bdc9,1.0,0.0,0.0,0.0,1.0,0.14285714285714285,0.37796447300922725,1.0,6,7,1,0
1977,2017-07-31,5f504b3a1c75b73d6151be81eb05bdc9,0.0,1.0,0.0,0.0,0.0,0.14285714285714285,0.37796447300922725,-1.0,0,7,0,0
1987,2017-08-01,5f504b3a1c75b73d6151be81eb05bdc9,0.0,0.0,1.0,0.0,0.0,0.14285714285714285,0.37796447300922725,0.0,1,8,0,0
1997,2017-08-02,5f504b3a1c75b73d6151be81eb05bdc9,0.0,0.0,0.0,1.0,0.0,0.14285714285714285,0.37796447300922725,0.0,2,8,0,0
2007,2017-08-03,5f504b3a1c75b73d6151be81eb05bdc9,0.0,0.0,0.0,0.0,0.0,0.14285714285714285,0.37796447300922725,0.0,3,8,0,0
2017,2017-08-04,5f504b3a1c75b73d6151be81eb05bdc9,0.0,0.0,0.0,0.0,0.0,0.14285714285714285,0.37796447300922725,0.0,4,8,0,0
2027,2017-08-05,5f504b3a1c75b73d6151be81eb05bdc9,0.0,0.0,0.0,0.0,0.0,0.14285714285714285,0.37796447300922725,0.0,5,8,1,0
2037,2017-08-06,5f504b3a1c75b73d6151be81eb05bdc9,0.0,0.0,0.0,0.0,1.0,0.0,0.0,0.0,6,8,1,0
2047,2017-08-07,5f504b3a1c75b73d6151be81eb05bdc9,1.0,0.0,0.0,0.0,0.0,0.14285714285714285,0.37796447300922725,1.0,0,8,0,0
2057,2017-08-08,5f504b3a1c75b73d6151be81eb05bdc9,0.0,1.0,0.0,0.0,0.0,0.14285714285714285,0.37796447300922725,-1.0,1,8,0,0
2067,2017-08-09,5f504b3a1c75b73d6151be81eb05bdc9,0.0,0.0,1.0,0.0,0.0,0.14285714285714285,0.37796447300922725,0.0,2,8,0,0
2077,2017-08-10,5f504b3a1c75b73d6151be81eb05bdc9,0.0,0.0,0.0,1.0,0.0,0.14285714285714285,0.37796447300922725,0.0,3,8,0,0
2087,2017-08-11,5f504b3a1c75b73d6151be81eb05bdc9,1.0,0.0,0.0,0.0,0.0,0.2857142857142857,0.4879500364742666,1.0,4,8,0,0
2097,2017-08-12,5f504b3a1c75b73d6151be81eb05bdc9,1.0,1.0,0.0,0.0,0.0,0.42857142857142855,0.5345224838248488,0.0,5,8,1,0
2107,2017-08-13,5f504b3a1c75b73d6151be81eb05bdc9,1.0,1.0,1.0,0.0,0.0,0.5714285714285714,0.5345224838248488,0.0,6,8,1,0
2117,2017-08-14,5f504b3a1c75b73d6151be81eb05bdc9,0.0,1.0,1.0,1.0,1.0,0.42857142857142855,0.5345224838248488,-1.0,0,8,0,0
2127,2017-08-15,5f504b3a1c75b73d6151be81eb05bdc9,1.0,0.0,1.0,1.0,0.0,0.5714285714285714,0.5345224838248488,1.0,1,8,0,0
2137,2017-08-16,5f504b3a1c75b73d6151be81eb05bdc9,0.0,1.0,0.0,1.0,0.0,0.5714285714285714,0.5345224838248488,-1.0,2,8,0,0
2147,2017-08-17,5f504b3a1c75b73d6151be81eb05bdc9,0.0,0.0,1.0,0.0,0.0,0.5714285714285714,0.5345224838248488,0.0,3,8,0,0
2157,2017-08-18,5f504b3a1c75b73d6151be81eb05bdc9,0.0,0.0,0.0,1.0,1.0,0.42857142857142855,0.5345224838248488,0.0,4,8,0,0
2167,2017-08-19,5f504b3a1c75b73d6151be81eb05bdc9,0.0,0.0,0.0,0.0,1.0,0.2857142857142857,0.48795003647426655,0.0,5,8,1,0
2177,2017-08-20,5f504b3a1c75b73d6151be81eb05bdc9,0.0,0.0,0.0,0.0,1.0,0.14285714285714285,0.3779644730092271,0.0,6,8,1,0
2187,2017-08-21,5f504b3a1c75b73d6151be81eb05bdc9,0.0,0.0,0.0,0.0,0.0,0.14285714285714285,0.3779644730092271,0.0,0,8,0,0
2197,2017-08-22,5f504b3a1c75b73d6151be81eb05bdc9,2.0,0.0,0.0,0.0,1.0,0.2857142857142857,0.7559289460184545,2.0,1,8,0,0
2207,2017-08-23,5f504b3a1c75b73d6151be81eb05bdc9,0.0,2.0,0.0,0.0,0.0,0.2857142857142857,0.7559289460184545,-2.0,2,8,0,0
2217,2017-08-24,5f504b3a1c75b73d6151be81eb05bdc9,0.0,0.0,2.0,0.0,0.0,0.2857142857142857,0.7559289460184545,0.0,3,8,0,0
2227,2017-08-25,5f504b3a1c75b73d6151be81eb05bdc9,1.0,0.0,0.0,2.0,0.0,0.42857142857142855,0.7867957924694432,1.0,4,8,0,0
2237,2017-08-26,5f504b3a1c75b73d6151be81eb05bdc9,0.0,1.0,0.0,0.0,0.0,0.42857142857142855,0.7867957924694432,-1.0,5,8,1,0
2247,2017-08-27,5f504b3a1c75b73d6151be81eb05bdc9,2.0,0.0,1.0,0.0,0.0,0.7142857142857143,0.9511897312113419,2.0,6,8,1,0
2257,2017-08-28,5f504b3a1c75b73d6151be81eb05bdc9,1.0,2.0,0.0,1.0,0.0,0.8571428571428571,0.8997354108424375,-1.0,0,8,0,0
2267,2017-08-29,5f504b3a1c75b73d6151be81eb05bdc9,0.0,1.0,2.0,0.0,2.0,0.5714285714285714,0.7867957924694432,-1.0,1,8,0,0
2277,2017-08-30,5f504b3a1c75b73d6151be81eb05bdc9,1.0,0.0,1.0,2.0,0.0,0.7142857142857143,0.7559289460184545,1.0,2,8,0,0
2287,2017-08-31,5f504b3a1c75b73d6151be81eb05bdc9,0.0,1.0,0.0,1.0,0.0,0.7142857142857143,0.7559289460184545,-1.0,3,8,0,0
2297,2017-09-01,5f504b3a1c75b73d6151be81eb05bdc9,0.0,0.0,1.0,0.0,1.0,0.5714285714285714,0.7867957924694432,0.0,4,9,0,0
2307,2017-09-02,5f504b3a1c75b73d6151be81eb05bdc9,1.0,0.0,0.0,1.0,0.0,0.7142857142857143,0.7559289460184545,1.0,5,9,1,0
2317,2017-09-03,5f504b3a1c75b73d6151be81eb05bdc9,2.0,1.0,0.0,0.0,2.0,0.7142857142857143,0.7559289460184545,1.0,6,9,1,0
2327,2017-09-04,5f504b3a1c75b73d6151be81eb05bdc9,0.0,2.0,1.0,0.0,1.0,0.5714285714285714,0.7867957924694432,-2.0,0,9,0,0
2337,2017-09-05,5f504b3a1c75b73d6151be81eb05bdc9,0.0,0.0,2.0,1.0,0.0,0.5714285714285714,0.7867957924694432,0.0,1,9,0,0
2347,2017-09-06,5f504b3a1c75b73d6151be81eb05bdc9,0.0,0.0,0.0,2.0,1.0,0.42857142857142855,0.7867957924694432,0.0,2,9,0,0
2357,2017-09-07,5f504b3a1c75b73d6151be81eb05bdc9,2.0,0.0,0.0,0.0,0.0,0.7142857142857143,0.9511897312113419,2.0,3,9,0,0
2367,2017-09-08,5f504b3a1c75b73d6151be81eb05bdc9,0.0,2.0,0.0,0.0,0.0,0.7142857142857143,0.9511897312113419,-2.0,4,9,0,0
2377,2017-09-09,5f504b3a1c75b73d6151be81eb05bdc9,1.0,0.0,2.0,0.0,1.0,0.7142857142857143,0.9511897312113419,1.0,5,9,1,0
2387,2017-09-10,5f504b3a1c75b73d6151be81eb05bdc9,1.0,1.0,0.0,2.0,2.0,0.5714285714285714,0.7867957924694432,0.0,6,9,1,0
2397,2017-09-11,5f504b3a1c75b73d6151be81eb05bdc9,0.0,1.0,1.0,0.0,0.0,0.5714285714285714,0.7867957924694432,-1.0,0,9,0,0
2407,2017-09-12,5f504b3a1c75b73d6151be81eb05bdc9,0.0,0.0,1.0,1.0,0.0,0.5714285714285714,0.7867957924694432,0.0,1,9,0,0
2417,2017-09-13,5f504b3a1c75b73d6151be81eb05bdc9,0.0,0.0,0.0,1.0,0.0,0.5714285714285714,0.7867957924694432,0.0,2,9,0,0
2427,2017-09-14,5f504b3a1c75b73d6151be81eb05bdc9,0.0,0.0,0.0,0.0,2.0,0.2857142857142857,0.4879500364742667,0.0,3,9,0,0
2437,2017-09-15,5f504b3a1c75b73d6151be81eb05bdc9,0.0,0.0,0.0,0.0,0.0,0.2857142857142857,0.4879500364742667,0.0,4,9,0,0
2447,2017-09-16,5f504b3a1c75b73d6151be81eb05bdc9,0.0,0.0,0.0,0.0,1.0,0.14285714285714285,0.3779644730092274,0.0,5,9,1,0
2457,2017-09-17,5f504b3a1c75b73d6151be81eb05bdc9,1.0,0.0,0.0,0.0,1.0,0.14285714285714285,0.37796447300922725,1.0,6,9,1,0
2467,2017-09-18,5f504b3a1c75b73d6151be81eb05bdc9,1.0,1.0,0.0,0.0,0.0,0.2857142857142857,0.4879500364742666,0.0,0,9,0,0
2477,2017-09-19,5f504b3a1c75b73d6151be81eb05bdc9,0.0,1.0,1.0,0.0,0.0,0.2857142857142857,0.48795003647426666,-1.0,1,9,0,0
2487,2017-09-20,5f504b3a1c75b73d6151be81eb05bdc9,3.0,0.0,1.0,1.0,0.0,0.7142857142857143,1.1126972805283737,3.0,2,9,0,0
2497,2017-09-21,5f504b3a1c75b73d6151be81eb05bdc9,0.0,3.0,0.0,1.0,0.0,0.7142857142857143,1.1126972805283737,-3.0,3,9,0,0
2507,2017-09-22,5f504b3a1c75b73d6151be81eb05bdc9,0.0,0.0,3.0,0.0,0.0,0.7142857142857143,1.1126972805283737,0.0,4,9,0,0
2517,2017-09-23,5f504b3a1c75b73d6151be81eb05bdc9,0.0,0.0,0.0,3.0,0.0,0.7142857142857143,1.1126972805283737,0.0,5,9,1,0
2527,2017-09-24,5f504b3a1c75b73d6151be81eb05bdc9,1.0,0.0,0.0,0.0,1.0,0.7142857142857143,1.1126972805283737,1.0,6,9,1,0
2537,2017-09-25,5f504b3a1c75b73d6151be81eb05bdc9,1.0,1.0,0.0,0.0,1.0,0.7142857142857143,1.1126972805283737,0.0,0,9,0,0
2547,2017-09-26,5f504b3a1c75b73d6151be81eb05bdc9,0.0,1.0,1.0,0.0,0.0,0.7142857142857143,1.1126972805283737,-1.0,1,9,0,0
2557,2017-09-27,5f504b3a1c75b73d6151be81eb05bdc9,0.0,0.0,1.0,1.0,3.0,0.2857142857142857,0.48795003647426655,0.0,2,9,0,0
2567,2017-09-28,5f504b3a1c75b73d6151be81eb05bdc9,0.0,0.0,0.0,1.0,0.0,0.2857142857142857,0.48795003647426655,0.0,3,9,0,0
2577,2017-09-29,5f504b3a1c75b73d6151be81eb05bdc9,0.0,0.0,0.0,0.0,0.0,0.2857142857142857,0.48795003647426655,0.0,4,9,0,0
2587,2017-09-30,5f504b3a1c75b73d6151be81eb05bdc9,0.0,0.0,0.0,0.0,0.0,0.2857142857142857,0.48795003647426655,0.0,5,9,1,0
2597,2017-10-01,5f504b3a1c75b73d6151be81eb05bdc9,0.0,0.0,0.0,0.0,1.0,0.14285714285714285,0.3779644730092271,0.0,6,10,1,0
2607,2017-10-02,5f504b3a1c75b73d6151be81eb05bdc9,1.0,0.0,0.0,0.0,1.0,0.14285714285714285,0.37796447300922725,1.0,0,10,0,0
2617,2017-10-03,5f504b3a1c75b73d6151be81eb05bdc9,0.0,1.0,0.0,0.0,0.0,0.14285714285714285,0.37796447300922725,-1.0,1,10,0,0
2627,2017-10-04,5f504b3a1c75b73d6151be81eb05bdc9,1.0,0.0,1.0,0.0,0.0,0.2857142857142857,0.4879500364742666,1.0,2,10,0,0
2637,2017-10-05,5f504b3a1c75b73d6151be81eb05bdc9,0.0,1.0,0.0,1.0,0.0,0.2857142857142857,0.48795003647426666,-1.0,3,10,0,0
2647,2017-10-06,5f504b3a1c75b73d6151be81eb05bdc9,0.0,0.0,1.0,0.0,0.0,0.2857142857142857,0.48795003647426666,0.0,4,10,0,0
2657,2017-10-07,5f504b3a1c75b73d6151be81eb05bdc9,0.0,0.0,0.0,1.0,0.0,0.2857142857142857,0.48795003647426666,0.0,5,10,1,0
2667,2017-10-08,5f504b3a1c75b73d6151be81eb05bdc9,0.0,0.0,0.0,0.0,0.0,0.2857142857142857,0.48795003647426666,0.0,6,10,1,0
2677,2017-10-09,5f504b3a1c75b73d6151be81eb05bdc9,0.0,0.0,0.0,0.0,1.0,0.14285714285714285,0.3779644730092273,0.0,0,10,0,0
2687,2017-10-10,5f504b3a1c75b73d6151be81eb05bdc9,0.0,0.0,0.0,0.0,0.0,0.14285714285714285,0.3779644730092273,0.0,1,10,0,0
2697,2017-10-11,5f504b3a1c75b73d6151be81eb05bdc9,0.0,0.0,0.0,0.0,1.0,0.0,0.0,0.0,2,10,0,0
2707,2017-10-12,5f504b3a1c75b73d6151be81eb05bdc9,0.0,0.0,0.0,0.0,0.0,0.0,0.0,0.0,3,10,0,0
2717,2017-10-13,5f504b3a1c75b73d6151be81eb05bdc9,1.0,0.0,0.0,0.0,0.0,0.14285714285714285,0.37796447300922725,1.0,4,10,0,0
2727,2017-10-14,5f504b3a1c75b73d6151be81eb05bdc9,0.0,1.0,0.0,0.0,0.0,0.14285714285714285,0.37796447300922725,-1.0,5,10,1,0
2737,2017-10-15,5f504b3a1c75b73d6151be81eb05bdc9,0.0,0.0,1.0,0.0,0.0,0.14285714285714285,0.37796447300922725,0.0,6,10,1,0
2747,2017-10-16,5f504b3a1c75b73d6151be81eb05bdc9,0.0,0.0,0.0,1.0,0.0,0.14285714285714285,0.37796447300922725,0.0,0,10,0,0
2757,2017-10-17,5f504b3a1c75b73d6151be81eb05bdc9,2.0,0.0,0.0,0.0,0.0,0.42857142857142855,0.7867957924694432,2.0,1,10,0,0
2767,2017-10-18,5f504b3a1c75b73d6151be81eb05bdc9,0.0,2.0,0.0,0.0,0.0,0.42857142857142855,0.7867957924694432,-2.0,2,10,0,0
2777,2017-10-19,5f504b3a1c75b73d6151be81eb05bdc9,0.0,0.0,2.0,0.0,0.0,0.42857142857142855,0.7867957924694432,0.0,3,10,0,0
2787,2017-10-20,5f504b3a1c75b73d6151be81eb05bdc9,1.0,0.0,0.0,2.0,1.0,0.42857142857142855,0.7867957924694432,1.0,4,10,0,0
2797,2017-10-21,5f504b3a1c75b73d6151be81eb05bdc9,0.0,1.0,0.0,0.0,0.0,0.42857142857142855,0.7867957924694432,-1.0,5,10,1,0
2807,2017-10-22,5f504b3a1c75b73d6151be81eb05bdc9,0.0,0.0,1.0,0.0,0.0,0.42857142857142855,0.7867957924694432,0.0,6,10,1,0
2817,2017-10-23,5f504b3a1c75b73d6151be81eb05bdc9,0.0,0.0,0.0,1.0,0.0,0.42857142857142855,0.7867957924694432,0.0,0,10,0,0
2827,2017-10-24,5f504b3a1c75b73d6151be81eb05bdc9,0.0,0.0,0.0,0.0,2.0,0.14285714285714285,0.37796447300922725,0.0,1,10,0,0
2837,2017-10-25,5f504b3a1c75b73d6151be81eb05bdc9,0.0,0.0,0.0,0.0,0.0,0.14285714285714285,0.37796447300922725,0.0,2,10,0,0
2847,2017-10-26,5f504b3a1c75b73d6151be81eb05bdc9,2.0,0.0,0.0,0.0,0.0,0.42857142857142855,0.7867957924694432,2.0,3,10,0,0
2857,2017-10-27,5f504b3a1c75b73d6151be81eb05bdc9,0.0,2.0,0.0,0.0,1.0,0.2857142857142857,0.7559289460184545,-2.0,4,10,0,0
2867,2017-10-28,5f504b3a1c75b73d6151be81eb05bdc9,0.0,0.0,2.0,0.0,0.0,0.2857142857142857,0.7559289460184545,0.0,5,10,1,0
2877,2017-10-29,5f504b3a1c75b73d6151be81eb05bdc9,0.0,0.0,0.0,2.0,0.0,0.2857142857142857,0.7559289460184545,0.0,6,10,1,0
2887,2017-10-30,5f504b3a1c75b73d6151be81eb05bdc9,0.0,0.0,0.0,0.0,0.0,0.2857142857142857,0.7559289460184545,0.0,0,10,0,0
2897,2017-10-31,5f504b3a1c75b73d6151be81eb05bdc9,0.0,0.0,0.0,0.0,0.0,0.2857142857142857,0.7559289460184545,0.0,1,10,0,0
2907,2017-11-01,5f504b3a1c75b73d6151be81eb05bdc9,1.0,0.0,0.0,0.0,0.0,0.42857142857142855,0.7867957924694432,1.0,2,11,0,1
2917,2017-11-02,5f504b3a1c75b73d6151be81eb05bdc9,1.0,1.0,0.0,0.0,2.0,0.2857142857142857,0.48795003647426666,0.0,3,11,0,1
2927,2017-11-03,5f504b3a1c75b73d6151be81eb05bdc9,1.0,1.0,1.0,0.0,0.0,0.42857142857142855,0.5345224838248488,0.0,4,11,0,1
2937,2017-11-04,5f504b3a1c75b73d6151be81eb05bdc9,0.0,1.0,1.0,1.0,0.0,0.42857142857142855,0.5345224838248488,-1.0,5,11,1,1
2947,2017-11-05,5f504b3a1c75b73d6151be81eb05bdc9,0.0,0.0,1.0,1.0,0.0,0.42857142857142855,0.5345224838248488,0.0,6,11,1,1
2957,2017-11-06,5f504b3a1c75b73d6151be81eb05bdc9,1.0,0.0,0.0,1.0,0.0,0.5714285714285714,0.5345224838248488,1.0,0,11,0,1
2967,2017-11-07,5f504b3a1c75b73d6151be81eb05bdc9,1.0,1.0,0.0,0.0,0.0,0.7142857142857143,0.48795003647426666,0.0,1,11,0,1
2977,2017-11-08,5f504b3a1c75b73d6151be81eb05bdc9,0.0,1.0,1.0,0.0,1.0,0.5714285714285714,0.5345224838248489,-1.0,2,11,0,1
2987,2017-11-09,5f504b3a1c75b73d6151be81eb05bdc9,0.0,0.0,1.0,1.0,1.0,0.42857142857142855,0.5345224838248489,0.0,3,11,0,1
2997,2017-11-10,5f504b3a1c75b73d6151be81eb05bdc9,0.0,0.0,0.0,1.0,1.0,0.2857142857142857,0.48795003647426677,0.0,4,11,0,1
3007,2017-11-11,5f504b3a1c75b73d6151be81eb05bdc9,0.0,0.0,0.0,0.0,0.0,0.2857142857142857,0.48795003647426677,0.0,5,11,1,1
3017,2017-11-12,5f504b3a1c75b73d6151be81eb05bdc9,0.0,0.0,0.0,0.0,0.0,0.2857142857142857,0.48795003647426677,0.0,6,11,1,1
3027,2017-11-13,5f504b3a1c75b73d6151be81eb05bdc9,0.0,0.0,0.0,0.0,1.0,0.14285714285714285,0.37796447300922753,0.0,0,11,0,1
3037,2017-11-14,5f504b3a1c75b73d6151be81eb05bdc9,0.0,0.0,0.0,0.0,1.0,0.0,0.0,0.0,1,11,0,1
3047,2017-11-15,5f504b3a1c75b73d6151be81eb05bdc9,0.0,0.0,0.0,0.0,0.0,0.0,0.0,0.0,2,11,0,1
3057,2017-11-16,5f504b3a1c75b73d6151be81eb05bdc9,0.0,0.0,0.0,0.0,0.0,0.0,0.0,0.0,3,11,0,1
3067,2017-11-17,5f504b3a1c75b73d6151be81eb05bdc9,0.0,0.0,0.0,0.0,0.0,0.0,0.0,0.0,4,11,0,1
3077,2017-11-18,5f504b3a1c75b73d6151be81eb05bdc9,0.0,0.0,0.0,0.0,0.0,0.0,0.0,0.0,5,11,1,1
3087,2017-11-19,5f504b3a1c75b73d6151be81eb05bdc9,0.0,0.0,0.0,0.0,0.0,0.0,0.0,0.0,6,11,1,1
3097,2017-11-20,5f504b3a1c75b73d6151be81eb05bdc9,0.0,0.0,0.0,0.0,0.0,0.0,0.0,0.0,0,11,0,1
3107,2017-11-21,5f504b3a1c75b73d6151be81eb05bdc9,0.0,0.0,0.0,0.0,0.0,0.0,0.0,0.0,1,11,0,1
3117,2017-11-22,5f504b3a1c75b73d6151be81eb05bdc9,0.0,0.0,0.0,0.0,0.0,0.0,0.0,0.0,2,11,0,1
3127,2017-11-23,5f504b3a1c75b73d6151be81eb05bdc9,0.0,0.0,0.0,0.0,0.0,0.0,0.0,0.0,3,11,0,1
3137,2017-11-24,5f504b3a1c75b73d6151be81eb05bdc9,2.0,0.0,0.0,0.0,0.0,0.2857142857142857,0.7559289460184545,2.0,4,11,0,1
3147,2017-11-25,5f504b3a1c75b73d6151be81eb05bdc9,0.0,2.0,0.0,0.0,0.0,0.2857142857142857,0.7559289460184545,-2.0,5,11,1,1
3157,2017-11-26,5f504b3a1c75b73d6151be81eb05bdc9,0.0,0.0,2.0,0.0,0.0,0.2857142857142857,0.7559289460184545,0.0,6,11,1,1
3167,2017-11-27,5f504b3a1c75b73d6151be81eb05bdc9,0.0,0.0,0.0,2.0,0.0,0.2857142857142857,0.7559289460184545,0.0,0,11,0,1
3177,2017-11-28,5f504b3a1c75b73d6151be81eb05bdc9,0.0,0.0,0.0,0.0,0.0,0.2857142857142857,0.7559289460184545,0.0,1,11,0,1
3187,2017-11-29,5f504b3a1c75b73d6151be81eb05bdc9,0.0,0.0,0.0,0.0,0.0,0.2857142857142857,0.7559289460184545,0.0,2,11,0,1
3197,2017-11-30,5f504b3a1c75b73d6151be81eb05bdc9,0.0,0.0,0.0,0.0,0.0,0.2857142857142857,0.7559289460184545,0.0,3,11,0,1
3207,2017-12-01,5f504b3a1c75b73d6151be81eb05bdc9,0.0,0.0,0.0,0.0,2.0,0.0,0.0,0.0,4,12,0,0
3217,2017-12-02,5f504b3a1c75b73d6151be81eb05bdc9,0.0,0.0,0.0,0.0,0.0,0.0,0.0,0.0,5,12,1,0
3227,2017-12-03,5f504b3a1c75b73d6151be81eb05bdc9,0.0,0.0,0.0,0.0,0.0,0.0,0.0,0.0,6,12,1,0
3237,2017-12-04,5f504b3a1c75b73d6151be81eb05bdc9,0.0,0.0,0.0,0.0,0.0,0.0,0.0,0.0,0,12,0,0
3247,2017-12-05,5f504b3a1c75b73d6151be81eb05bdc9,1.0,0.0,0.0,0.0,0.0,0.14285714285714285,0.37796447300922725,1.0,1,12,0,0
3257,2017-12-06,5f504b3a1c75b73d6151be81eb05bdc9,1.0,1.0,0.0,0.0,0.0,0.2857142857142857,0.4879500364742666,0.0,2,12,0,0
3267,2017-12-07,5f504b3a1c75b73d6151be81eb05bdc9,0.0,1.0,1.0,0.0,0.0,0.2857142857142857,0.48795003647426666,-1.0,3,12,0,0
3277,2017-12-08,5f504b3a1c75b73d6151be81eb05bdc9,0.0,0.0,1.0,1.0,0.0,0.2857142857142857,0.48795003647426666,0.0,4,12,0,0
3287,2017-12-09,5f504b3a1c75b73d6151be81eb05bdc9,0.0,0.0,0.0,1.0,0.0,0.2857142857142857,0.48795003647426666,0.0,5,12,1,0
3297,2017-12-10,5f504b3a1c75b73d6151be81eb05bdc9,0.0,0.0,0.0,0.0,0.0,0.2857142857142857,0.48795003647426666,0.0,6,12,1,0
3307,2017-12-11,5f504b3a1c75b73d6151be81eb05bdc9,0.0,0.0,0.0,0.0,0.0,0.2857142857142857,0.48795003647426666,0.0,0,12,0,0
3317,2017-12-12,5f504b3a1c75b73d6151be81eb05bdc9,0.0,0.0,0.0,0.0,1.0,0.14285714285714285,0.3779644730092273,0.0,1,12,0,0
3327,2017-12-13,5f504b3a1c75b73d6151be81eb05bdc9,0.0,0.0,0.0,0.0,1.0,0.0,0.0,0.0,2,12,0,0
3337,2017-12-14,5f504b3a1c75b73d6151be81eb05bdc9,0.0,0.0,0.0,0.0,0.0,0.0,0.0,0.0,3,12,0,0
3347,2017-12-15,5f504b3a1c75b73d6151be81eb05bdc9,0.0,0.0,0.0,0.0,0.0,0.0,0.0,0.0,4,12,0,0
3357,2017-12-16,5f504b3a1c75b73d6151be81eb05bdc9,0.0,0.0,0.0,0.0,0.0,0.0,0.0,0.0,5,12,1,0
3367,2017-12-17,5f504b3a1c75b73d6151be81eb05bdc9,0.0,0.0,0.0,0.0,0.0,0.0,0.0,0.0,6,12,1,0
3377,2017-12-18,5f504b3a1c75b73d6151be81eb05bdc9,0.0,0.0,0.0,0.0,0.0,0.0,0.0,0.0,0,12,0,0
3387,2017-12-19,5f504b3a1c75b73d6151be81eb05bdc9,0.0,0.0,0.0,0.0,0.0,0.0,0.0,0.0,1,12,0,0
3397,2017-12-20,5f504b3a1c75b73d6151be81eb05bdc9,0.0,0.0,0.0,0.0,0.0,0.0,0.0,0.0,2,12,0,0
3407,2017-12-21,5f504b3a1c75b73d6151be81eb05bdc9,0.0,0.0,0.0,0.0,0.0,0.0,0.0,0.0,3,12,0,0
3417,2017-12-22,5f504b3a1c75b73d6151be81eb05bdc9,0.0,0.0,0.0,0.0,0.0,0.0,0.0,0.0,4,12,0,0
3427,2017-12-23,5f504b3a1c75b73d6151be81eb05bdc9,0.0,0.0,0.0,0.0,0.0,0.0,0.0,0.0,5,12,1,0
3437,2017-12-24,5f504b3a1c75b73d6151be81eb05bdc9,0.0,0.0,0.0,0.0,0.0,0.0,0.0,0.0,6,12,1,0
3447,2017-12-25,5f504b3a1c75b73d6151be81eb05bdc9,0.0,0.0,0.0,0.0,0.0,0.0,0.0,0.0,0,12,0,0
3457,2017-12-26,5f504b3a1c75b73d6151be81eb05bdc9,0.0,0.0,0.0,0.0,0.0,0.0,0.0,0.0,1,12,0,0
3467,2017-12-27,5f504b3a1c75b73d6151be81eb05bdc9,0.0,0.0,0.0,0.0,0.0,0.0,0.0,0.0,2,12,0,0
3477,2017-12-28,5f504b3a1c75b73d6151be81eb05bdc9,0.0,0.0,0.0,0.0,0.0,0.0,0.0,0.0,3,12,0,0
3487,2017-12-29,5f504b3a1c75b73d6151be81eb05bdc9,0.0,0.0,0.0,0.0,0.0,0.0,0.0,0.0,4,12,0,0
3497,2017-12-30,5f504b3a1c75b73d6151be81eb05bdc9,0.0,0.0,0.0,0.0,0.0,0.0,0.0,0.0,5,12,1,0
3507,2017-12-31,5f504b3a1c75b73d6151be81eb05bdc9,0.0,0.0,0.0,0.0,0.0,0.0,0.0,0.0,6,12,1,0
3517,2018-01-01,5f504b3a1c75b73d6151be81eb05bdc9,0.0,0.0,0.0,0.0,0.0,0.0,0.0,0.0,0,1,0,0
3527,2018-01-02,5f504b3a1c75b73d6151be81eb05bdc9,0.0,0.0,0.0,0.0,0.0,0.0,0.0,0.0,1,1,0,0
3537,2018-01-03,5f504b3a1c75b73d6151be81eb05bdc9,0.0,0.0,0.0,0.0,0.0,0.0,0.0,0.0,2,1,0,0
3547,2018-01-04,5f504b3a1c75b73d6151be81eb05bdc9,0.0,0.0,0.0,0.0,0.0,0.0,0.0,0.0,3,1,0,0
3557,2018-01-05,5f504b3a1c75b73d6151be81eb05bdc9,0.0,0.0,0.0,0.0,0.0,0.0,0.0,0.0,4,1,0,0
3567,2018-01-06,5f504b3a1c75b73d6151be81eb05bdc9,0.0,0.0,0.0,0.0,0.0,0.0,0.0,0.0,5,1,1,0
3577,2018-01-07,5f504b3a1c75b73d6151be81eb05bdc9,0.0,0.0,0.0,0.0,0.0,0.0,0.0,0.0,6,1,1,0
3587,2018-01-08,5f504b3a1c75b73d6151be81eb05bdc9,0.0,0.0,0.0,0.0,0.0,0.0,0.0,0.0,0,1,0,0
3597,2018-01-09,5f504b3a1c75b73d6151be81eb05bdc9,0.0,0.0,0.0,0.0,0.0,0.0,0.0,0.0,1,1,0,0
3607,2018-01-10,5f504b3a1c75b73d6151be81eb05bdc9,0.0,0.0,0.0,0.0,0.0,0.0,0.0,0.0,2,1,0,0
3617,2018-01-11,5f504b3a1c75b73d6151be81eb05bdc9,0.0,0.0,0.0,0.0,0.0,0.0,0.0,0.0,3,1,0,0
3627,2018-01-12,5f504b3a1c75b73d6151be81eb05bdc9,0.0,0.0,0.0,0.0,0.0,0.0,0.0,0.0,4,1,0,0
3637,2018-01-13,5f504b3a1c75b73d6151be81eb05bdc9,0.0,0.0,0.0,0.0,0.0,0.0,0.0,0.0,5,1,1,0
3647,2018-01-14,5f504b3a1c75b73d6151be81eb05bdc9,0.0,0.0,0.0,0.0,0.0,0.0,0.0,0.0,6,1,1,0
3657,2018-01-15,5f504b3a1c75b73d6151be81eb05bdc9,0.0,0.0,0.0,0.0,0.0,0.0,0.0,0.0,0,1,0,0
3667,2018-01-16,5f504b3a1c75b73d6151be81eb05bdc9,0.0,0.0,0.0,0.0,0.0,0.0,0.0,0.0,1,1,0,0
3677,2018-01-17,5f504b3a1c75b73d6151be81eb05bdc9,0.0,0.0,0.0,0.0,0.0,0.0,0.0,0.0,2,1,0,0
3687,2018-01-18,5f504b3a1c75b73d6151be81eb05bdc9,0.0,0.0,0.0,0.0,0.0,0.0,0.0,0.0,3,1,0,0
3697,2018-01-19,5f504b3a1c75b73d6151be81eb05bdc9,0.0,0.0,0.0,0.0,0.0,0.0,0.0,0.0,4,1,0,0
3707,2018-01-20,5f504b3a1c75b73d6151be81eb05bdc9,0.0,0.0,0.0,0.0,0.0,0.0,0.0,0.0,5,1,1,0
3717,2018-01-21,5f504b3a1c75b73d6151be81eb05bdc9,0.0,0.0,0.0,0.0,0.0,0.0,0.0,0.0,6,1,1,0
3727,2018-01-22,5f504b3a1c75b73d6151be81eb05bdc9,0.0,0.0,0.0,0.0,0.0,0.0,0.0,0.0,0,1,0,0
3737,2018-01-23,5f504b3a1c75b73d6151be81eb05bdc9,0.0,0.0,0.0,0.0,0.0,0.0,0.0,0.0,1,1,0,0
3747,2018-01-24,5f504b3a1c75b73d6151be81eb05bdc9,0.0,0.0,0.0,0.0,0.0,0.0,0.0,0.0,2,1,0,0
3757,2018-01-25,5f504b3a1c75b73d6151be81eb05bdc9,0.0,0.0,0.0,0.0,0.0,0.0,0.0,0.0,3,1,0,0
3767,2018-01-26,5f504b3a1c75b73d6151be81eb05bdc9,0.0,0.0,0.0,0.0,0.0,0.0,0.0,0.0,4,1,0,0
3777,2018-01-27,5f504b3a1c75b73d6151be81eb05bdc9,0.0,0.0,0.0,0.0,0.0,0.0,0.0,0.0,5,1,1,0
3787,2018-01-28,5f504b3a1c75b73d6151be81eb05bdc9,0.0,0.0,0.0,0.0,0.0,0.0,0.0,0.0,6,1,1,0
3797,2018-01-29,5f504b3a1c75b73d6151be81eb05bdc9,0.0,0.0,0.0,0.0,0.0,0.0,0.0,0.0,0,1,0,0
3807,2018-01-30,5f504b3a1c75b73d6151be81eb05bdc9,0.0,0.0,0.0,0.0,0.0,0.0,0.0,0.0,1,1,0,0
3817,2018-01-31,5f504b3a1c75b73d6151be81eb05bdc9,0.0,0.0,0.0,0.0,0.0,0.0,0.0,0.0,2,1,0,0
3827,2018-02-01,5f504b3a1c75b73d6151be81eb05bdc9,0.0,0.0,0.0,0.0,0.0,0.0,0.0,0.0,3,2,0,0
3837,2018-02-02,5f504b3a1c75b73d6151be81eb05bdc9,0.0,0.0,0.0,0.0,0.0,0.0,0.0,0.0,4,2,0,0
3847,2018-02-03,5f504b3a1c75b73d6151be81eb05bdc9,0.0,0.0,0.0,0.0,0.0,0.0,0.0,0.0,5,2,1,0
3857,2018-02-04,5f504b3a1c75b73d6151be81eb05bdc9,0.0,0.0,0.0,0.0,0.0,0.0,0.0,0.0,6,2,1,0
3867,2018-02-05,5f504b3a1c75b73d6151be81eb05bdc9,0.0,0.0,0.0,0.0,0.0,0.0,0.0,0.0,0,2,0,0
3877,2018-02-06,5f504b3a1c75b73d6151be81eb05bdc9,0.0,0.0,0.0,0.0,0.0,0.0,0.0,0.0,1,2,0,0
3887,2018-02-07,5f504b3a1c75b73d6151be81eb05bdc9,0.0,0.0,0.0,0.0,0.0,0.0,0.0,0.0,2,2,0,0
3897,2018-02-08,5f504b3a1c75b73d6151be81eb05bdc9,0.0,0.0,0.0,0.0,0.0,0.0,0.0,0.0,3,2,0,0
3907,2018-02-09,5f504b3a1c75b73d6151be81eb05bdc9,0.0,0.0,0.0,0.0,0.0,0.0,0.0,0.0,4,2,0,0
3917,2018-02-10,5f504b3a1c75b73d6151be81eb05bdc9,0.0,0.0,0.0,0.0,0.0,0.0,0.0,0.0,5,2,1,0
3927,2018-02-11,5f504b3a1c75b73d6151be81eb05bdc9,0.0,0.0,0.0,0.0,0.0,0.0,0.0,0.0,6,2,1,0
3937,2018-02-12,5f504b3a1c75b73d6151be81eb05bdc9,1.0,0.0,0.0,0.0,0.0,0.14285714285714285,0.37796447300922725,1.0,0,2,0,0
3947,2018-02-13,5f504b3a1c75b73d6151be81eb05bdc9,0.0,1.0,0.0,0.0,0.0,0.14285714285714285,0.37796447300922725,-1.0,1,2,0,0
3957,2018-02-14,5f504b3a1c75b73d6151be81eb05bdc9,0.0,0.0,1.0,0.0,0.0,0.14285714285714285,0.37796447300922725,0.0,2,2,0,0
3967,2018-02-15,5f504b3a1c75b73d6151be81eb05bdc9,0.0,0.0,0.0,1.0,0.0,0.14285714285714285,0.37796447300922725,0.0,3,2,0,0
3977,2018-02-16,5f504b3a1c75b73d6151be81eb05bdc9,0.0,0.0,0.0,0.0,0.0,0.14285714285714285,0.37796447300922725,0.0,4,2,0,0
3987,2018-02-17,5f504b3a1c75b73d6151be81eb05bdc9,0.0,0.0,0.0,0.0,0.0,0.14285714285714285,0.37796447300922725,0.0,5,2,1,0
3997,2018-02-18,5f504b3a1c75b73d6151be81eb05bdc9,1.0,0.0,0.0,0.0,0.0,0.2857142857142857,0.4879500364742666,1.0,6,2,1,0
4007,2018-02-19,5f504b3a1c75b73d6151be81eb05bdc9,0.0,1.0,0.0,0.0,1.0,0.14285714285714285,0.37796447300922725,-1.0,0,2,0,0
4017,2018-02-20,5f504b3a1c75b73d6151be81eb05bdc9,0.0,0.0,1.0,0.0,0.0,0.14285714285714285,0.37796447300922725,0.0,1,2,0,0
4027,2018-02-21,5f504b3a1c75b73d6151be81eb05bdc9,0.0,0.0,0.0,1.0,0.0,0.14285714285714285,0.37796447300922725,0.0,2,2,0,0
4037,2018-02-22,5f504b3a1c75b73d6151be81eb05bdc9,0.0,0.0,0.0,0.0,0.0,0.14285714285714285,0.37796447300922725,0.0,3,2,0,0
4047,2018-02-23,5f504b3a1c75b73d6151be81eb05bdc9,0.0,0.0,0.0,0.0,0.0,0.14285714285714285,0.37796447300922725,0.0,4,2,0,0
4057,2018-02-24,5f504b3a1c75b73d6151be81eb05bdc9,0.0,0.0,0.0,0.0,0.0,0.14285714285714285,0.37796447300922725,0.0,5,2,1,0
4067,2018-02-25,5f504b3a1c75b73d6151be81eb05bdc9,0.0,0.0,0.0,0.0,1.0,0.0,0.0,0.0,6,2,1,0
4077,2018-02-26,5f504b3a1c75b73d6151be81eb05bdc9,0.0,0.0,0.0,0.0,0.0,0.0,0.0,0.0,0,2,0,0
4087,2018-02-27,5f504b3a1c75b73d6151be81eb05bdc9,0.0,0.0,0.0,0.0,0.0,0.0,0.0,0.0,1,2,0,0
4097,2018-02-28,5f504b3a1c75b73d6151be81eb05bdc9,0.0,0.0,0.0,0.0,0.0,0.0,0.0,0.0,2,2,0,0
4107,2018-03-01,5f504b3a1c75b73d6151be81eb05bdc9,0.0,0.0,0.0,0.0,0.0,0.0,0.0,0.0,3,3,0,0
4117,2018-03-02,5f504b3a1c75b73d6151be81eb05bdc9,0.0,0.0,0.0,0.0,0.0,0.0,0.0,0.0,4,3,0,0
4127,2018-03-03,5f504b3a1c75b73d6151be81eb05bdc9,0.0,0.0,0.0,0.0,0.0,0.0,0.0,0.0,5,3,1,0
4137,2018-03-04,5f504b3a1c75b73d6151be81eb05bdc9,0.0,0.0,0.0,0.0,0.0,0.0,0.0,0.0,6,3,1,0
4147,2018-03-05,5f504b3a1c75b73d6151be81eb05bdc9,0.0,0.0,0.0,0.0,0.0,0.0,0.0,0.0,0,3,0,0
4157,2018-03-06,5f504b3a1c75b73d6151be81eb05bdc9,0.0,0.0,0.0,0.0,0.0,0.0,0.0,0.0,1,3,0,0
4167,2018-03-07,5f504b3a1c75b73d6151be81eb05bdc9,0.0,0.0,0.0,0.0,0.0,0.0,0.0,0.0,2,3,0,0
4177,2018-03-08,5f504b3a1c75b73d6151be81eb05bdc9,0.0,0.0,0.0,0.0,0.0,0.0,0.0,0.0,3,3,0,0
4187,2018-03-09,5f504b3a1c75b73d6151be81eb05bdc9,0.0,0.0,0.0,0.0,0.0,0.0,0.0,0.0,4,3,0,0
4197,2018-03-10,5f504b3a1c75b73d6151be81eb05bdc9,0.0,0.0,0.0,0.0,0.0,0.0,0.0,0.0,5,3,1,0
4207,2018-03-11,5f504b3a1c75b73d6151be81eb05bdc9,0.0,0.0,0.0,0.0,0.0,0.0,0.0,0.0,6,3,1,0
4217,2018-03-12,5f504b3a1c75b73d6151be81eb05bdc9,0.0,0.0,0.0,0.0,0.0,0.0,0.0,0.0,0,3,0,0
4227,2018-03-13,5f504b3a1c75b73d6151be81eb05bdc9,0.0,0.0,0.0,0.0,0.0,0.0,0.0,0.0,1,3,0,0
4237,2018-03-14,5f504b3a1c75b73d6151be81eb05bdc9,0.0,0.0,0.0,0.0,0.0,0.0,0.0,0.0,2,3,0,0
4247,2018-03-15,5f504b3a1c75b73d6151be81eb05bdc9,1.0,0.0,0.0,0.0,0.0,0.14285714285714285,0.37796447300922725,1.0,3,3,0,0
4257,2018-03-16,5f504b3a1c75b73d6151be81eb05bdc9,0.0,1.0,0.0,0.0,0.0,0.14285714285714285,0.37796447300922725,-1.0,4,3,0,0
4267,2018-03-17,5f504b3a1c75b73d6151be81eb05bdc9,0.0,0.0,1.0,0.0,0.0,0.14285714285714285,0.37796447300922725,0.0,5,3,1,0
4277,2018-03-18,5f504b3a1c75b73d6151be81eb05bdc9,0.0,0.0,0.0,1.0,0.0,0.14285714285714285,0.37796447300922725,0.0,6,3,1,0
4287,2018-03-19,5f504b3a1c75b73d6151be81eb05bdc9,0.0,0.0,0.0,0.0,0.0,0.14285714285714285,0.37796447300922725,0.0,0,3,0,0
4297,2018-03-20,5f504b3a1c75b73d6151be81eb05bdc9,0.0,0.0,0.0,0.0,0.0,0.14285714285714285,0.37796447300922725,0.0,1,3,0,0
4307,2018-03-21,5f504b3a1c75b73d6151be81eb05bdc9,0.0,0.0,0.0,0.0,0.0,0.14285714285714285,0.37796447300922725,0.0,2,3,0,0
4317,2018-03-22,5f504b3a1c75b73d6151be81eb05bdc9,0.0,0.0,0.0,0.0,1.0,0.0,0.0,0.0,3,3,0,0
4327,2018-03-23,5f504b3a1c75b73d6151be81eb05bdc9,0.0,0.0,0.0,0.0,0.0,0.0,0.0,0.0,4,3,0,0
4337,2018-03-24,5f504b3a1c75b73d6151be81eb05bdc9,0.0,0.0,0.0,0.0,0.0,0.0,0.0,0.0,5,3,1,0
4347,2018-03-25,5f504b3a1c75b73d6151be81eb05bdc9,0.0,0.0,0.0,0.0,0.0,0.0,0.0,0.0,6,3,1,0
4357,2018-03-26,5f504b3a1c75b73d6151be81eb05bdc9,0.0,0.0,0.0,0.0,0.0,0.0,0.0,0.0,0,3,0,0
4367,2018-03-27,5f504b3a1c75b73d6151be81eb05bdc9,0.0,0.0,0.0,0.0,0.0,0.0,0.0,0.0,1,3,0,0
4377,2018-03-28,5f504b3a1c75b73d6151be81eb05bdc9,0.0,0.0,0.0,0.0,0.0,0.0,0.0,0.0,2,3,0,0
4387,2018-03-29,5f504b3a1c75b73d6151be81eb05bdc9,0.0,0.0,0.0,0.0,0.0,0.0,0.0,0.0,3,3,0,0
4397,2018-03-30,5f504b3a1c75b73d6151be81eb05bdc9,0.0,0.0,0.0,0.0,0.0,0.0,0.0,0.0,4,3,0,0
4407,2018-03-31,5f504b3a1c75b73d6151be81eb05bdc9,1.0,0.0,0.0,0.0,0.0,0.14285714285714285,0.37796447300922725,1.0,5,3,1,0
4417,2018-04-01,5f504b3a1c75b73d6151be81eb05bdc9,0.0,1.0,0.0,0.0,0.0,0.14285714285714285,0.37796447300922725,-1.0,6,4,1,0
4427,2018-04-02,5f504b3a1c75b73d6151be81eb05bdc9,0.0,0.0,1.0,0.0,0.0,0.14285714285714285,0.37796447300922725,0.0,0,4,0,0
4437,2018-04-03,5f504b3a1c75b73d6151be81eb05bdc9,0.0,0.0,0.0,1.0,0.0,0.14285714285714285,0.37796447300922725,0.0,1,4,0,0
4447,2018-04-04,5f504b3a1c75b73d6151be81eb05bdc9,0.0,0.0,0.0,0.0,0.0,0.14285714285714285,0.37796447300922725,0.0,2,4,0,0
4457,2018-04-05,5f504b3a1c75b73d6151be81eb05bdc9,0.0,0.0,0.0,0.0,0.0,0.14285714285714285,0.37796447300922725,0.0,3,4,0,0
4467,2018-04-06,5f504b3a1c75b73d6151be81eb05bdc9,0.0,0.0,0.0,0.0,0.0,0.14285714285714285,0.37796447300922725,0.0,4,4,0,0
4477,2018-04-07,5f504b3a1c75b73d6151be81eb05bdc9,0.0,0.0,0.0,0.0,1.0,0.0,0.0,0.0,5,4,1,0
4487,2018-04-08,5f504b3a1c75b73d6151be81eb05bdc9,0.0,0.0,0.0,0.0,0.0,0.0,0.0,0.0,6,4,1,0
4497,2018-04-09,5f504b3a1c75b73d6151be81eb05bdc9,0.0,0.0,0.0,0.0,0.0,0.0,0.0,0.0,0,4,0,0
4507,2018-04-10,5f504b3a1c75b73d6151be81eb05bdc9,0.0,0.0,0.0,0.0,0.0,0.0,0.0,0.0,1,4,0,0
4517,2018-04-11,5f504b3a1c75b73d6151be81eb05bdc9,0.0,0.0,0.0,0.0,0.0,0.0,0.0,0.0,2,4,0,0
4527,2018-04-12,5f504b3a1c75b73d6151be81eb05bdc9,0.0,0.0,0.0,0.0,0.0,0.0,0.0,0.0,3,4,0,0
4537,2018-04-13,5f504b3a1c75b73d6151be81eb05bdc9,0.0,0.0,0.0,0.0,0.0,0.0,0.0,0.0,4,4,0,0
4547,2018-04-14,5f504b3a1c75b73d6151be81eb05bdc9,0.0,0.0,0.0,0.0,0.0,0.0,0.0,0.0,5,4,1,0
4557,2018-04-15,5f504b3a1c75b73d6151be81eb05bdc9,0.0,0.0,0.0,0.0,0.0,0.0,0.0,0.0,6,4,1,0
4567,2018-04-16,5f504b3a1c75b73d6151be81eb05bdc9,0.0,0.0,0.0,0.0,0.0,0.0,0.0,0.0,0,4,0,0
4577,2018-04-17,5f504b3a1c75b73d6151be81eb05bdc9,0.0,0.0,0.0,0.0,0.0,0.0,0.0,0.0,1,4,0,0
4587,2018-04-18,5f504b3a1c75b73d6151be81eb05bdc9,0.0,0.0,0.0,0.0,0.0,0.0,0.0,0.0,2,4,0,0
4597,2018-04-19,5f504b3a1c75b73d6151be81eb05bdc9,0.0,0.0,0.0,0.0,0.0,0.0,0.0,0.0,3,4,0,0
4607,2018-04-20,5f504b3a1c75b73d6151be81eb05bdc9,0.0,0.0,0.0,0.0,0.0,0.0,0.0,0.0,4,4,0,0
4617,2018-04-21,5f504b3a1c75b73d6151be81eb05bdc9,0.0,0.0,0.0,0.0,0.0,0.0,0.0,0.0,5,4,1,0
4627,2018-04-22,5f504b3a1c75b73d6151be81eb05bdc9,0.0,0.0,0.0,0.0,0.0,0.0,0.0,0.0,6,4,1,0
4637,2018-04-23,5f504b3a1c75b73d6151be81eb05bdc9,0.0,0.0,0.0,0.0,0.0,0.0,0.0,0.0,0,4,0,0
4647,2018-04-24,5f504b3a1c75b73d6151be81eb05bdc9,0.0,0.0,0.0,0.0,0.0,0.0,0.0,0.0,1,4,0,0
4657,2018-04-25,5f504b3a1c75b73d6151be81eb05bdc9,0.0,0.0,0.0,0.0,0.0,0.0,0.0,0.0,2,4,0,0
4667,2018-04-26,5f504b3a1c75b73d6151be81eb05bdc9,0.0,0.0,0.0,0.0,0.0,0.0,0.0,0.0,3,4,0,0
4677,2018-04-27,5f504b3a1c75b73d6151be81eb05bdc9,0.0,0.0,0.0,0.0,0.0,0.0,0.0,0.0,4,4,0,0
4687,2018-04-28,5f504b3a1c75b73d6151be81eb05bdc9,0.0,0.0,0.0,0.0,0.0,0.0,0.0,0.0,5,4,1,0
4697,2018-04-29,5f504b3a1c75b73d6151be81eb05bdc9,0.0,0.0,0.0,0.0,0.0,0.0,0.0,0.0,6,4,1,0
4707,2018-04-30,5f504b3a1c75b73d6151be81eb05bdc9,0.0,0.0,0.0,0.0,0.0,0.0,0.0,0.0,0,4,0,0
4717,2018-05-01,5f504b3a1c75b73d6151be81eb05bdc9,0.0,0.0,0.0,0.0,0.0,0.0,0.0,0.0,1,5,0,0
4727,2018-05-02,5f504b3a1c75b73d6151be81eb05bdc9,0.0,0.0,0.0,0.0,0.0,0.0,0.0,0.0,2,5,0,0
4737,2018-05-03,5f504b3a1c75b73d6151be81eb05bdc9,0.0,0.0,0.0,0.0,0.0,0.0,0.0,0.0,3,5,0,0
4747,2018-05-04,5f504b3a1c75b73d6151be81eb05bdc9,0.0,0.0,0.0,0.0,0.0,0.0,0.0,0.0,4,5,0,0
4757,2018-05-05,5f504b3a1c75b73d6151be81eb05bdc9,0.0,0.0,0.0,0.0,0.0,0.0,0.0,0.0,5,5,1,0
4767,2018-05-06,5f504b3a1c75b73d6151be81eb05bdc9,0.0,0.0,0.0,0.0,0.0,0.0,0.0,0.0,6,5,1,0
4777,2018-05-07,5f504b3a1c75b73d6151be81eb05bdc9,0.0,0.0,0.0,0.0,0.0,0.0,0.0,0.0,0,5,0,0
4787,2018-05-08,5f504b3a1c75b73d6151be81eb05bdc9,0.0,0.0,0.0,0.0,0.0,0.0,0.0,0.0,1,5,0,0
4797,2018-05-09,5f504b3a1c75b73d6151be81eb05bdc9,0.0,0.0,0.0,0.0,0.0,0.0,0.0,0.0,2,5,0,0
4807,2018-05-10,5f504b3a1c75b73d6151be81eb05bdc9,0.0,0.0,0.0,0.0,0.0,0.0,0.0,0.0,3,5,0,0
4817,2018-05-11,5f504b3a1c75b73d6151be81eb05bdc9,0.0,0.0,0.0,0.0,0.0,0.0,0.0,0.0,4,5,0,0
4827,2018-05-12,5f504b3a1c75b73d6151be81eb05bdc9,0.0,0.0,0.0,0.0,0.0,0.0,0.0,0.0,5,5,1,0
4837,2018-05-13,5f504b3a1c75b73d6151be81eb05bdc9,0.0,0.0,0.0,0.0,0.0,0.0,0.0,0.0,6,5,1,0
4847,2018-05-14,5f504b3a1c75b73d6151be81eb05bdc9,0.0,0.0,0.0,0.0,0.0,0.0,0.0,0.0,0,5,0,0
4857,2018-05-15,5f504b3a1c75b73d6151be81eb05bdc9,0.0,0.0,0.0,0.0,0.0,0.0,0.0,0.0,1,5,0,0
4867,2018-05-16,5f504b3a1c75b73d6151be81eb05bdc9,0.0,0.0,0.0,0.0,0.0,0.0,0.0,0.0,2,5,0,0
4877,2018-05-17,5f504b3a1c75b73d6151be81eb05bdc9,0.0,0.0,0.0,0.0,0.0,0.0,0.0,0.0,3,5,0,0
4887,2018-05-18,5f504b3a1c75b73d6151be81eb05bdc9,0.0,0.0,0.0,0.0,0.0,0.0,0.0,0.0,4,5,0,0
4897,2018-05-19,5f504b3a1c75b73d6151be81eb05bdc9,0.0,0.0,0.0,0.0,0.0,0.0,0.0,0.0,5,5,1,0
4907,2018-05-20,5f504b3a1c75b73d6151be81eb05bdc9,0.0,0.0,0.0,0.0,0.0,0.0,0.0,0.0,6,5,1,0
4917,2018-05-21,5f504b3a1c75b73d6151be81eb05bdc9,0.0,0.0,0.0,0.0,0.0,0.0,0.0,0.0,0,5,0,0
4927,2018-05-22,5f504b3a1c75b73d6151be81eb05bdc9,0.0,0.0,0.0,0.0,0.0,0.0,0.0,0.0,1,5,0,0
4937,2018-05-23,5f504b3a1c75b73d6151be81eb05bdc9,0.0,0.0,0.0,0.0,0.0,0.0,0.0,0.0,2,5,0,0
4947,2018-05-24,5f504b3a1c75b73d6151be81eb05bdc9,0.0,0.0,0.0,0.0,0.0,0.0,0.0,0.0,3,5,0,0
4957,2018-05-25,5f504b3a1c75b73d6151be81eb05bdc9,0.0,0.0,0.0,0.0,0.0,0.0,0.0,0.0,4,5,0,0
4967,2018-05-26,5f504b3a1c75b73d6151be81eb05bdc9,0.0,0.0,0.0,0.0,0.0,0.0,0.0,0.0,5,5,1,0
4977,2018-05-27,5f504b3a1c75b73d6151be81eb05bdc9,0.0,0.0,0.0,0.0,0.0,0.0,0.0,0.0,6,5,1,0
4987,2018-05-28,5f504b3a1c75b73d6151be81eb05bdc9,0.0,0.0,0.0,0.0,0.0,0.0,0.0,0.0,0,5,0,0
4997,2018-05-29,5f504b3a1c75b73d6151be81eb05bdc9,0.0,0.0,0.0,0.0,0.0,0.0,0.0,0.0,1,5,0,0
5007,2018-05-30,5f504b3a1c75b73d6151be81eb05bdc9,0.0,0.0,0.0,0.0,0.0,0.0,0.0,0.0,2,5,0,0
5017,2018-05-31,5f504b3a1c75b73d6151be81eb05bdc9,0.0,0.0,0.0,0.0,0.0,0.0,0.0,0.0,3,5,0,0
5027,2018-06-01,5f504b3a1c75b73d6151be81eb05bdc9,0.0,0.0,0.0,0.0,0.0,0.0,0.0,0.0,4,6,0,0
5037,2018-06-02,5f504b3a1c75b73d6151be81eb05bdc9,0.0,0.0,0.0,0.0,0.0,0.0,0.0,0.0,5,6,1,0
5047,2018-06-03,5f504b3a1c75b73d6151be81eb05bdc9,0.0,0.0,0.0,0.0,0.0,0.0,0.0,0.0,6,6,1,0
5057,2018-06-04,5f504b3a1c75b73d6151be81eb05bdc9,0.0,0.0,0.0,0.0,0.0,0.0,0.0,0.0,0,6,0,0
5067,2018-06-05,5f504b3a1c75b73d6151be81eb05bdc9,0.0,0.0,0.0,0.0,0.0,0.0,0.0,0.0,1,6,0,0
5077,2018-06-06,5f504b3a1c75b73d6151be81eb05bdc9,0.0,0.0,0.0,0.0,0.0,0.0,0.0,0.0,2,6,0,0
5087,2018-06-07,5f504b3a1c75b73d6151be81eb05bdc9,0.0,0.0,0.0,0.0,0.0,0.0,0.0,0.0,3,6,0,0
5097,2018-06-08,5f504b3a1c75b73d6151be81eb05bdc9,0.0,0.0,0.0,0.0,0.0,0.0,0.0,0.0,4,6,0,0
5107,2018-06-09,5f504b3a1c75b73d6151be81eb05bdc9,0.0,0.0,0.0,0.0,0.0,0.0,0.0,0.0,5,6,1,0
5117,2018-06-10,5f504b3a1c75b73d6151be81eb05bdc9,0.0,0.0,0.0,0.0,0.0,0.0,0.0,0.0,6,6,1,0
5127,2018-06-11,5f504b3a1c75b73d6151be81eb05bdc9,0.0,0.0,0.0,0.0,0.0,0.0,0.0,0.0,0,6,0,0
5137,2018-06-12,5f504b3a1c75b73d6151be81eb05bdc9,0.0,0.0,0.0,0.0,0.0,0.0,0.0,0.0,1,6,0,0
5147,2018-06-13,5f504b3a1c75b73d6151be81eb05bdc9,0.0,0.0,0.0,0.0,0.0,0.0,0.0,0.0,2,6,0,0
5157,2018-06-14,5f504b3a1c75b73d6151be81eb05bdc9,0.0,0.0,0.0,0.0,0.0,0.0,0.0,0.0,3,6,0,0
5167,2018-06-15,5f504b3a1c75b73d6151be81eb05bdc9,0.0,0.0,0.0,0.0,0.0,0.0,0.0,0.0,4,6,0,0
5177,2018-06-16,5f504b3a1c75b73d6151be81eb05bdc9,0.0,0.0,0.0,0.0,0.0,0.0,0.0,0.0,5,6,1,0
5187,2018-06-17,5f504b3a1c75b73d6151be81eb05bdc9,0.0,0.0,0.0,0.0,0.0,0.0,0.0,0.0,6,6,1,0
5197,2018-06-18,5f504b3a1c75b73d6151be81eb05bdc9,0.0,0.0,0.0,0.0,0.0,0.0,0.0,0.0,0,6,0,0
5207,2018-06-19,5f504b3a1c75b73d6151be81eb05bdc9,0.0,0.0,0.0,0.0,0.0,0.0,0.0,0.0,1,6,0,0
5217,2018-06-20,5f504b3a1c75b73d6151be81eb05bdc9,0.0,0.0,0.0,0.0,0.0,0.0,0.0,0.0,2,6,0,0
5227,2018-06-21,5f504b3a1c75b73d6151be81eb05bdc9,0.0,0.0,0.0,0.0,0.0,0.0,0.0,0.0,3,6,0,0
5237,2018-06-22,5f504b3a1c75b73d6151be81eb05bdc9,0.0,0.0,0.0,0.0,0.0,0.0,0.0,0.0,4,6,0,0
5247,2018-06-23,5f504b3a1c75b73d6151be81eb05bdc9,0.0,0.0,0.0,0.0,0.0,0.0,0.0,0.0,5,6,1,0
5257,2018-06-24,5f504b3a1c75b73d6151be81eb05bdc9,0.0,0.0,0.0,0.0,0.0,0.0,0.0,0.0,6,6,1,0
5267,2018-06-25,5f504b3a1c75b73d6151be81eb05bdc9,0.0,0.0,0.0,0.0,0.0,0.0,0.0,0.0,0,6,0,0
5277,2018-06-26,5f504b3a1c75b73d6151be81eb05bdc9,0.0,0.0,0.0,0.0,0.0,0.0,0.0,0.0,1,6,0,0
5287,2018-06-27,5f504b3a1c75b73d6151be81eb05bdc9,0.0,0.0,0.0,0.0,0.0,0.0,0.0,0.0,2,6,0,0
5297,2018-06-28,5f504b3a1c75b73d6151be81eb05bdc9,0.0,0.0,0.0,0.0,0.0,0.0,0.0,0.0,3,6,0,0
5307,2018-06-29,5f504b3a1c75b73d6151be81eb05bdc9,0.0,0.0,0.0,0.0,0.0,0.0,0.0,0.0,4,6,0,0
5317,2018-06-30,5f504b3a1c75b73d6151be81eb05bdc9,0.0,0.0,0.0,0.0,0.0,0.0,0.0,0.0,5,6,1,0
5327,2018-07-01,5f504b3a1c75b73d6151be81eb05bdc9,0.0,0.0,0.0,0.0,0.0,0.0,0.0,0.0,6,7,1,0
5337,2018-07-02,5f504b3a1c75b73d6151be81eb05bdc9,0.0,0.0,0.0,0.0,0.0,0.0,0.0,0.0,0,7,0,0
5347,2018-07-03,5f504b3a1c75b73d6151be81eb05bdc9,0.0,0.0,0.0,0.0,0.0,0.0,0.0,0.0,1,7,0,0
5357,2018-07-04,5f504b3a1c75b73d6151be81eb05bdc9,0.0,0.0,0.0,0.0,0.0,0.0,0.0,0.0,2,7,0,0
5367,2018-07-05,5f504b3a1c75b73d6151be81eb05bdc9,0.0,0.0,0.0,0.0,0.0,0.0,0.0,0.0,3,7,0,0
5377,2018-07-06,5f504b3a1c75b73d6151be81eb05bdc9,0.0,0.0,0.0,0.0,0.0,0.0,0.0,0.0,4,7,0,0
5387,2018-07-07,5f504b3a1c75b73d6151be81eb05bdc9,0.0,0.0,0.0,0.0,0.0,0.0,0.0,0.0,5,7,1,0
5397,2018-07-08,5f504b3a1c75b73d6151be81eb05bdc9,0.0,0.0,0.0,0.0,0.0,0.0,0.0,0.0,6,7,1,0
5407,2018-07-09,5f504b3a1c75b73d6151be81eb05bdc9,0.0,0.0,0.0,0.0,0.0,0.0,0.0,0.0,0,7,0,0
5417,2018-07-10,5f504b3a1c75b73d6151be81eb05bdc9,0.0,0.0,0.0,0.0,0.0,0.0,0.0,0.0,1,7,0,0
5427,2018-07-11,5f504b3a1c75b73d6151be81eb05bdc9,0.0,0.0,0.0,0.0,0.0,0.0,0.0,0.0,2,7,0,0
5437,2018-07-12,5f504b3a1c75b73d6151be81eb05bdc9,0.0,0.0,0.0,0.0,0.0,0.0,0.0,0.0,3,7,0,0
5447,2018-07-13,5f504b3a1c75b73d6151be81eb05bdc9,0.0,0.0,0.0,0.0,0.0,0.0,0.0,0.0,4,7,0,0
5457,2018-07-14,5f504b3a1c75b73d6151be81eb05bdc9,0.0,0.0,0.0,0.0,0.0,0.0,0.0,0.0,5,7,1,0
5467,2018-07-15,5f504b3a1c75b73d6151be81eb05bdc9,0.0,0.0,0.0,0.0,0.0,0.0,0.0,0.0,6,7,1,0
5477,2018-07-16,5f504b3a1c75b73d6151be81eb05bdc9,0.0,0.0,0.0,0.0,0.0,0.0,0.0,0.0,0,7,0,0
5487,2018-07-17,5f504b3a1c75b73d6151be81eb05bdc9,0.0,0.0,0.0,0.0,0.0,0.0,0.0,0.0,1,7,0,0
5497,2018-07-18,5f504b3a1c75b73d6151be81eb05bdc9,0.0,0.0,0.0,0.0,0.0,0.0,0.0,0.0,2,7,0,0
5507,2018-07-19,5f504b3a1c75b73d6151be81eb05bdc9,0.0,0.0,0.0,0.0,0.0,0.0,0.0,0.0,3,7,0,0
5517,2018-07-20,5f504b3a1c75b73d6151be81eb05bdc9,0.0,0.0,0.0,0.0,0.0,0.0,0.0,0.0,4,7,0,0
5527,2018-07-21,5f504b3a1c75b73d6151be81eb05bdc9,0.0,0.0,0.0,0.0,0.0,0.0,0.0,0.0,5,7,1,0
5537,2018-07-22,5f504b3a1c75b73d6151be81eb05bdc9,0.0,0.0,0.0,0.0,0.0,0.0,0.0,0.0,6,7,1,0
5547,2018-07-23,5f504b3a1c75b73d6151be81eb05bdc9,0.0,0.0,0.0,0.0,0.0,0.0,0.0,0.0,0,7,0,0
5557,2018-07-24,5f504b3a1c75b73d6151be81eb05bdc9,0.0,0.0,0.0,0.0,0.0,0.0,0.0,0.0,1,7,0,0
5567,2018-07-25,5f504b3a1c75b73d6151be81eb05bdc9,0.0,0.0,0.0,0.0,0.0,0.0,0.0,0.0,2,7,0,0
5577,2018-07-26,5f504b3a1c75b73d6151be81eb05bdc9,0.0,0.0,0.0,0.0,0.0,0.0,0.0,0.0,3,7,0,0
5587,2018-07-27,5f504b3a1c75b73d6151be81eb05bdc9,0.0,0.0,0.0,0.0,0.0,0.0,0.0,0.0,4,7,0,0
5597,2018-07-28,5f504b3a1c75b73d6151be81eb05bdc9,0.0,0.0,0.0,0.0,0.0,0.0,0.0,0.0,5,7,1,0
5607,2018-07-29,5f504b3a1c75b73d6151be81eb05bdc9,0.0,0.0,0.0,0.0,0.0,0.0,0.0,0.0,6,7,1,0
5617,2018-07-30,5f504b3a1c75b73d6151be81eb05bdc9,0.0,0.0,0.0,0.0,0.0,0.0,0.0,0.0,0,7,0,0
5627,2018-07-31,5f504b3a1c75b73d6151be81eb05bdc9,0.0,0.0,0.0,0.0,0.0,0.0,0.0,0.0,1,7,0,0
5637,2018-08-01,5f504b3a1c75b73d6151be81eb05bdc9,0.0,0.0,0.0,0.0,0.0,0.0,0.0,0.0,2,8,0,0
5647,2018-08-02,5f504b3a1c75b73d6151be81eb05bdc9,0.0,0.0,0.0,0.0,0.0,0.0,0.0,0.0,3,8,0,0
5657,2018-08-03,5f504b3a1c75b73d6151be81eb05bdc9,0.0,0.0,0.0,0.0,0.0,0.0,0.0,0.0,4,8,0,0
5667,2018-08-04,5f504b3a1c75b73d6151be81eb05bdc9,0.0,0.0,0.0,0.0,0.0,0.0,0.0,0.0,5,8,1,0
5677,2018-08-05,5f504b3a1c75b73d6151be81eb05bdc9,0.0,0.0,0.0,0.0,0.0,0.0,0.0,0.0,6,8,1,0
5687,2018-08-06,5f504b3a1c75b73d6151be81eb05bdc9,0.0,0.0,0.0,0.0,0.0,0.0,0.0,0.0,0,8,0,0
5697,2018-08-07,5f504b3a1c75b73d6151be81eb05bdc9,0.0,0.0,0.0,0.0,0.0,0.0,0.0,0.0,1,8,0,0
5707,2018-08-08,5f504b3a1c75b73d6151be81eb05bdc9,0.0,0.0,0.0,0.0,0.0,0.0,0.0,0.0,2,8,0,0
5717,2018-08-09,5f504b3a1c75b73d6151be81eb05bdc9,0.0,0.0,0.0,0.0,0.0,0.0,0.0,0.0,3,8,0,0
5727,2018-08-10,5f504b3a1c75b73d6151be81eb05bdc9,0.0,0.0,0.0,0.0,0.0,0.0,0.0,0.0,4,8,0,0
5737,2018-08-11,5f504b3a1c75b73d6151be81eb05bdc9,0.0,0.0,0.0,0.0,0.0,0.0,0.0,0.0,5,8,1,0
5747,2018-08-12,5f504b3a1c75b73d6151be81eb05bdc9,0.0,0.0,0.0,0.0,0.0,0.0,0.0,0.0,6,8,1,0
5757,2018-08-13,5f504b3a1c75b73d6151be81eb05bdc9,0.0,0.0,0.0,0.0,0.0,0.0,0.0,0.0,0,8,0,0
5767,2018-08-14,5f504b3a1c75b73d6151be81eb05bdc9,0.0,0.0,0.0,0.0,0.0,0.0,0.0,0.0,1,8,0,0
5777,2018-08-15,5f504b3a1c75b73d6151be81eb05bdc9,1.0,0.0,0.0,0.0,0.0,0.14285714285714285,0.37796447300922725,1.0,2,8,0,0
5787,2018-08-16,5f504b3a1c75b73d6151be81eb05bdc9,0.0,1.0,0.0,0.0,0.0,0.14285714285714285,0.37796447300922725,-1.0,3,8,0,0
5797,2018-08-17,5f504b3a1c75b73d6151be81eb05bdc9,0.0,0.0,1.0,0.0,0.0,0.14285714285714285,0.37796447300922725,0.0,4,8,0,0
5807,2018-08-18,5f504b3a1c75b73d6151be81eb05bdc9,0.0,0.0,0.0,1.0,0.0,0.14285714285714285,0.37796447300922725,0.0,5,8,1,0
5817,2018-08-19,5f504b3a1c75b73d6151be81eb05bdc9,0.0,0.0,0.0,0.0,0.0,0.14285714285714285,0.37796447300922725,0.0,6,8,1,0
5827,2018-08-20,5f504b3a1c75b73d6151be81eb05bdc9,0.0,0.0,0.0,0.0,0.0,0.14285714285714285,0.37796447300922725,0.0,0,8,0,0
5837,2018-08-21,5f504b3a1c75b73d6151be81eb05bdc9,0.0,0.0,0.0,0.0,0.0,0.14285714285714285,0.37796447300922725,0.0,1,8,0,0
5847,2018-08-22,5f504b3a1c75b73d6151be81eb05bdc9,0.0,0.0,0.0,0.0,1.0,0.0,0.0,0.0,2,8,0,0
5857,2018-08-23,5f504b3a1c75b73d6151be81eb05bdc9,0.0,0.0,0.0,0.0,0.0,0.0,0.0,0.0,3,8,0,0
5867,2018-08-24,5f504b3a1c75b73d6151be81eb05bdc9,0.0,0.0,0.0,0.0,0.0,0.0,0.0,0.0,4,8,0,0
5877,2018-08-25,5f504b3a1c75b73d6151be81eb05bdc9,0.0,0.0,0.0,0.0,0.0,0.0,0.0,0.0,5,8,1,0
5887,2018-08-26,5f504b3a1c75b73d6151be81eb05bdc9,0.0,0.0,0.0,0.0,0.0,0.0,0.0,0.0,6,8,1,0
71,2017-01-22,6cdd53843498f92890544667809f1595,0.0,0.0,1.0,0.0,1.0,0.42857142857142855,0.5345224838248488,0.0,6,1,1,0
81,2017-01-23,6cdd53843498f92890544667809f1595,2.0,0.0,0.0,1.0,0.0,0.7142857142857143,0.7559289460184545,2.0,0,1,0,0
91,2017-01-24,6cdd53843498f92890544667809f1595,0.0,2.0,0.0,0.0,1.0,0.5714285714285714,0.7867957924694432,-2.0,1,1,0,0
101,2017-01-25,6cdd53843498f92890544667809f1595,0.0,0.0,2.0,0.0,1.0,0.42857142857142855,0.7867957924694431,0.0,2,1,0,0
111,2017-01-26,6cdd53843498f92890544667809f1595,0.0,0.0,0.0,2.0,0.0,0.42857142857142855,0.7867957924694431,0.0,3,1,0,0
121,2017-01-27,6cdd53843498f92890544667809f1595,0.0,0.0,0.0,0.0,1.0,0.2857142857142857,0.7559289460184544,0.0,4,1,0,0
131,2017-01-28,6cdd53843498f92890544667809f1595,0.0,0.0,0.0,0.0,0.0,0.2857142857142857,0.7559289460184544,0.0,5,1,1,0
141,2017-01-29,6cdd53843498f92890544667809f1595,0.0,0.0,0.0,0.0,0.0,0.2857142857142857,0.7559289460184544,0.0,6,1,1,0
151,2017-01-30,6cdd53843498f92890544667809f1595,0.0,0.0,0.0,0.0,2.0,0.0,0.0,0.0,0,1,0,0
161,2017-01-31,6cdd53843498f92890544667809f1595,2.0,0.0,0.0,0.0,0.0,0.2857142857142857,0.7559289460184545,2.0,1,1,0,0
171,2017-02-01,6cdd53843498f92890544667809f1595,0.0,2.0,0.0,0.0,0.0,0.2857142857142857,0.7559289460184545,-2.0,2,2,0,0
181,2017-02-02,6cdd53843498f92890544667809f1595,1.0,0.0,2.0,0.0,0.0,0.42857142857142855,0.7867957924694432,1.0,3,2,0,0
191,2017-02-03,6cdd53843498f92890544667809f1595,1.0,1.0,0.0,2.0,0.0,0.5714285714285714,0.7867957924694432,0.0,4,2,0,0
201,2017-02-04,6cdd53843498f92890544667809f1595,0.0,1.0,1.0,0.0,0.0,0.5714285714285714,0.7867957924694432,-1.0,5,2,1,0
211,2017-02-05,6cdd53843498f92890544667809f1595,0.0,0.0,1.0,1.0,0.0,0.5714285714285714,0.7867957924694432,0.0,6,2,1,0
221,2017-02-06,6cdd53843498f92890544667809f1595,0.0,0.0,0.0,1.0,0.0,0.5714285714285714,0.7867957924694432,0.0,0,2,0,0
231,2017-02-07,6cdd53843498f92890544667809f1595,0.0,0.0,0.0,0.0,2.0,0.2857142857142857,0.4879500364742666,0.0,1,2,0,0
241,2017-02-08,6cdd53843498f92890544667809f1595,0.0,0.0,0.0,0.0,0.0,0.2857142857142857,0.4879500364742666,0.0,2,2,0,0
251,2017-02-09,6cdd53843498f92890544667809f1595,0.0,0.0,0.0,0.0,1.0,0.14285714285714285,0.3779644730092272,0.0,3,2,0,0
261,2017-02-10,6cdd53843498f92890544667809f1595,1.0,0.0,0.0,0.0,1.0,0.14285714285714285,0.37796447300922725,1.0,4,2,0,0
271,2017-02-11,6cdd53843498f92890544667809f1595,0.0,1.0,0.0,0.0,0.0,0.14285714285714285,0.37796447300922725,-1.0,5,2,1,0
281,2017-02-12,6cdd53843498f92890544667809f1595,0.0,0.0,1.0,0.0,0.0,0.14285714285714285,0.37796447300922725,0.0,6,2,1,0
291,2017-02-13,6cdd53843498f92890544667809f1595,0.0,0.0,0.0,1.0,0.0,0.14285714285714285,0.37796447300922725,0.0,0,2,0,0
301,2017-02-14,6cdd53843498f92890544667809f1595,0.0,0.0,0.0,0.0,0.0,0.14285714285714285,0.37796447300922725,0.0,1,2,0,0
311,2017-02-15,6cdd53843498f92890544667809f1595,0.0,0.0,0.0,0.0,0.0,0.14285714285714285,0.37796447300922725,0.0,2,2,0,0
321,2017-02-16,6cdd53843498f92890544667809f1595,0.0,0.0,0.0,0.0,0.0,0.14285714285714285,0.37796447300922725,0.0,3,2,0,0
331,2017-02-17,6cdd53843498f92890544667809f1595,0.0,0.0,0.0,0.0,1.0,0.0,0.0,0.0,4,2,0,0
341,2017-02-18,6cdd53843498f92890544667809f1595,1.0,0.0,0.0,0.0,0.0,0.14285714285714285,0.37796447300922725,1.0,5,2,1,0
351,2017-02-19,6cdd53843498f92890544667809f1595,0.0,1.0,0.0,0.0,0.0,0.14285714285714285,0.37796447300922725,-1.0,6,2,1,0
361,2017-02-20,6cdd53843498f92890544667809f1595,0.0,0.0,1.0,0.0,0.0,0.14285714285714285,0.37796447300922725,0.0,0,2,0,0
371,2017-02-21,6cdd53843498f92890544667809f1595,0.0,0.0,0.0,1.0,0.0,0.14285714285714285,0.37796447300922725,0.0,1,2,0,0
381,2017-02-22,6cdd53843498f92890544667809f1595,0.0,0.0,0.0,0.0,0.0,0.14285714285714285,0.37796447300922725,0.0,2,2,0,0
391,2017-02-23,6cdd53843498f92890544667809f1595,0.0,0.0,0.0,0.0,0.0,0.14285714285714285,0.37796447300922725,0.0,3,2,0,0
401,2017-02-24,6cdd53843498f92890544667809f1595,0.0,0.0,0.0,0.0,0.0,0.14285714285714285,0.37796447300922725,0.0,4,2,0,0
411,2017-02-25,6cdd53843498f92890544667809f1595,0.0,0.0,0.0,0.0,1.0,0.0,0.0,0.0,5,2,1,0
421,2017-02-26,6cdd53843498f92890544667809f1595,0.0,0.0,0.0,0.0,0.0,0.0,0.0,0.0,6,2,1,0
431,2017-02-27,6cdd53843498f92890544667809f1595,0.0,0.0,0.0,0.0,0.0,0.0,0.0,0.0,0,2,0,0
441,2017-02-28,6cdd53843498f92890544667809f1595,0.0,0.0,0.0,0.0,0.0,0.0,0.0,0.0,1,2,0,0
451,2017-03-01,6cdd53843498f92890544667809f1595,0.0,0.0,0.0,0.0,0.0,0.0,0.0,0.0,2,3,0,0
461,2017-03-02,6cdd53843498f92890544667809f1595,0.0,0.0,0.0,0.0,0.0,0.0,0.0,0.0,3,3,0,0
471,2017-03-03,6cdd53843498f92890544667809f1595,0.0,0.0,0.0,0.0,0.0,0.0,0.0,0.0,4,3,0,0
481,2017-03-04,6cdd53843498f92890544667809f1595,0.0,0.0,0.0,0.0,0.0,0.0,0.0,0.0,5,3,1,0
491,2017-03-05,6cdd53843498f92890544667809f1595,0.0,0.0,0.0,0.0,0.0,0.0,0.0,0.0,6,3,1,0
501,2017-03-06,6cdd53843498f92890544667809f1595,0.0,0.0,0.0,0.0,0.0,0.0,0.0,0.0,0,3,0,0
511,2017-03-07,6cdd53843498f92890544667809f1595,0.0,0.0,0.0,0.0,0.0,0.0,0.0,0.0,1,3,0,0
521,2017-03-08,6cdd53843498f92890544667809f1595,0.0,0.0,0.0,0.0,0.0,0.0,0.0,0.0,2,3,0,0
531,2017-03-09,6cdd53843498f92890544667809f1595,0.0,0.0,0.0,0.0,0.0,0.0,0.0,0.0,3,3,0,0
541,2017-03-10,6cdd53843498f92890544667809f1595,0.0,0.0,0.0,0.0,0.0,0.0,0.0,0.0,4,3,0,0
551,2017-03-11,6cdd53843498f92890544667809f1595,0.0,0.0,0.0,0.0,0.0,0.0,0.0,0.0,5,3,1,0
561,2017-03-12,6cdd53843498f92890544667809f1595,0.0,0.0,0.0,0.0,0.0,0.0,0.0,0.0,6,3,1,0
571,2017-03-13,6cdd53843498f92890544667809f1595,1.0,0.0,0.0,0.0,0.0,0.14285714285714285,0.37796447300922725,1.0,0,3,0,0
581,2017-03-14,6cdd53843498f92890544667809f1595,0.0,1.0,0.0,0.0,0.0,0.14285714285714285,0.37796447300922725,-1.0,1,3,0,0
591,2017-03-15,6cdd53843498f92890544667809f1595,0.0,0.0,1.0,0.0,0.0,0.14285714285714285,0.37796447300922725,0.0,2,3,0,0
601,2017-03-16,6cdd53843498f92890544667809f1595,0.0,0.0,0.0,1.0,0.0,0.14285714285714285,0.37796447300922725,0.0,3,3,0,0
611,2017-03-17,6cdd53843498f92890544667809f1595,0.0,0.0,0.0,0.0,0.0,0.14285714285714285,0.37796447300922725,0.0,4,3,0,0
621,2017-03-18,6cdd53843498f92890544667809f1595,0.0,0.0,0.0,0.0,0.0,0.14285714285714285,0.37796447300922725,0.0,5,3,1,0
631,2017-03-19,6cdd53843498f92890544667809f1595,0.0,0.0,0.0,0.0,0.0,0.14285714285714285,0.37796447300922725,0.0,6,3,1,0
641,2017-03-20,6cdd53843498f92890544667809f1595,0.0,0.0,0.0,0.0,1.0,0.0,0.0,0.0,0,3,0,0
651,2017-03-21,6cdd53843498f92890544667809f1595,0.0,0.0,0.0,0.0,0.0,0.0,0.0,0.0,1,3,0,0
661,2017-03-22,6cdd53843498f92890544667809f1595,0.0,0.0,0.0,0.0,0.0,0.0,0.0,0.0,2,3,0,0
671,2017-03-23,6cdd53843498f92890544667809f1595,1.0,0.0,0.0,0.0,0.0,0.14285714285714285,0.37796447300922725,1.0,3,3,0,0
681,2017-03-24,6cdd53843498f92890544667809f1595,0.0,1.0,0.0,0.0,0.0,0.14285714285714285,0.37796447300922725,-1.0,4,3,0,0
691,2017-03-25,6cdd53843498f92890544667809f1595,0.0,0.0,1.0,0.0,0.0,0.14285714285714285,0.37796447300922725,0.0,5,3,1,0
701,2017-03-26,6cdd53843498f92890544667809f1595,0.0,0.0,0.0,1.0,0.0,0.14285714285714285,0.37796447300922725,0.0,6,3,1,0
711,2017-03-27,6cdd53843498f92890544667809f1595,0.0,0.0,0.0,0.0,0.0,0.14285714285714285,0.37796447300922725,0.0,0,3,0,0
721,2017-03-28,6cdd53843498f92890544667809f1595,0.0,0.0,0.0,0.0,0.0,0.14285714285714285,0.37796447300922725,0.0,1,3,0,0
731,2017-03-29,6cdd53843498f92890544667809f1595,0.0,0.0,0.0,0.0,0.0,0.14285714285714285,0.37796447300922725,0.0,2,3,0,0
741,2017-03-30,6cdd53843498f92890544667809f1595,0.0,0.0,0.0,0.0,1.0,0.0,0.0,0.0,3,3,0,0
751,2017-03-31,6cdd53843498f92890544667809f1595,0.0,0.0,0.0,0.0,0.0,0.0,0.0,0.0,4,3,0,0
761,2017-04-01,6cdd53843498f92890544667809f1595,0.0,0.0,0.0,0.0,0.0,0.0,0.0,0.0,5,4,1,0
771,2017-04-02,6cdd53843498f92890544667809f1595,0.0,0.0,0.0,0.0,0.0,0.0,0.0,0.0,6,4,1,0
781,2017-04-03,6cdd53843498f92890544667809f1595,0.0,0.0,0.0,0.0,0.0,0.0,0.0,0.0,0,4,0,0
791,2017-04-04,6cdd53843498f92890544667809f1595,0.0,0.0,0.0,0.0,0.0,0.0,0.0,0.0,1,4,0,0
801,2017-04-05,6cdd53843498f92890544667809f1595,0.0,0.0,0.0,0.0,0.0,0.0,0.0,0.0,2,4,0,0
811,2017-04-06,6cdd53843498f92890544667809f1595,0.0,0.0,0.0,0.0,0.0,0.0,0.0,0.0,3,4,0,0
821,2017-04-07,6cdd53843498f92890544667809f1595,0.0,0.0,0.0,0.0,0.0,0.0,0.0,0.0,4,4,0,0
831,2017-04-08,6cdd53843498f92890544667809f1595,0.0,0.0,0.0,0.0,0.0,0.0,0.0,0.0,5,4,1,0
841,2017-04-09,6cdd53843498f92890544667809f1595,0.0,0.0,0.0,0.0,0.0,0.0,0.0,0.0,6,4,1,0
851,2017-04-10,6cdd53843498f92890544667809f1595,0.0,0.0,0.0,0.0,0.0,0.0,0.0,0.0,0,4,0,0
861,2017-04-11,6cdd53843498f92890544667809f1595,0.0,0.0,0.0,0.0,0.0,0.0,0.0,0.0,1,4,0,0
871,2017-04-12,6cdd53843498f92890544667809f1595,0.0,0.0,0.0,0.0,0.0,0.0,0.0,0.0,2,4,0,0
881,2017-04-13,6cdd53843498f92890544667809f1595,1.0,0.0,0.0,0.0,0.0,0.14285714285714285,0.37796447300922725,1.0,3,4,0,0
891,2017-04-14,6cdd53843498f92890544667809f1595,0.0,1.0,0.0,0.0,0.0,0.14285714285714285,0.37796447300922725,-1.0,4,4,0,0
901,2017-04-15,6cdd53843498f92890544667809f1595,0.0,0.0,1.0,0.0,0.0,0.14285714285714285,0.37796447300922725,0.0,5,4,1,0
911,2017-04-16,6cdd53843498f92890544667809f1595,0.0,0.0,0.0,1.0,0.0,0.14285714285714285,0.37796447300922725,0.0,6,4,1,0
921,2017-04-17,6cdd53843498f92890544667809f1595,0.0,0.0,0.0,0.0,0.0,0.14285714285714285,0.37796447300922725,0.0,0,4,0,0
931,2017-04-18,6cdd53843498f92890544667809f1595,0.0,0.0,0.0,0.0,0.0,0.14285714285714285,0.37796447300922725,0.0,1,4,0,0
941,2017-04-19,6cdd53843498f92890544667809f1595,0.0,0.0,0.0,0.0,0.0,0.14285714285714285,0.37796447300922725,0.0,2,4,0,0
951,2017-04-20,6cdd53843498f92890544667809f1595,0.0,0.0,0.0,0.0,1.0,0.0,0.0,0.0,3,4,0,0
961,2017-04-21,6cdd53843498f92890544667809f1595,0.0,0.0,0.0,0.0,0.0,0.0,0.0,0.0,4,4,0,0
971,2017-04-22,6cdd53843498f92890544667809f1595,0.0,0.0,0.0,0.0,0.0,0.0,0.0,0.0,5,4,1,0
981,2017-04-23,6cdd53843498f92890544667809f1595,0.0,0.0,0.0,0.0,0.0,0.0,0.0,0.0,6,4,1,0
991,2017-04-24,6cdd53843498f92890544667809f1595,0.0,0.0,0.0,0.0,0.0,0.0,0.0,0.0,0,4,0,0
1001,2017-04-25,6cdd53843498f92890544667809f1595,0.0,0.0,0.0,0.0,0.0,0.0,0.0,0.0,1,4,0,0
1011,2017-04-26,6cdd53843498f92890544667809f1595,0.0,0.0,0.0,0.0,0.0,0.0,0.0,0.0,2,4,0,0
1021,2017-04-27,6cdd53843498f92890544667809f1595,0.0,0.0,0.0,0.0,0.0,0.0,0.0,0.0,3,4,0,0
1031,2017-04-28,6cdd53843498f92890544667809f1595,0.0,0.0,0.0,0.0,0.0,0.0,0.0,0.0,4,4,0,0
1041,2017-04-29,6cdd53843498f92890544667809f1595,0.0,0.0,0.0,0.0,0.0,0.0,0.0,0.0,5,4,1,0
1051,2017-04-30,6cdd53843498f92890544667809f1595,0.0,0.0,0.0,0.0,0.0,0.0,0.0,0.0,6,4,1,0
1061,2017-05-01,6cdd53843498f92890544667809f1595,0.0,0.0,0.0,0.0,0.0,0.0,0.0,0.0,0,5,0,0
1071,2017-05-02,6cdd53843498f92890544667809f1595,0.0,0.0,0.0,0.0,0.0,0.0,0.0,0.0,1,5,0,0
1081,2017-05-03,6cdd53843498f92890544667809f1595,0.0,0.0,0.0,0.0,0.0,0.0,0.0,0.0,2,5,0,0
1091,2017-05-04,6cdd53843498f92890544667809f1595,0.0,0.0,0.0,0.0,0.0,0.0,0.0,0.0,3,5,0,0
1101,2017-05-05,6cdd53843498f92890544667809f1595,0.0,0.0,0.0,0.0,0.0,0.0,0.0,0.0,4,5,0,0
1111,2017-05-06,6cdd53843498f92890544667809f1595,0.0,0.0,0.0,0.0,0.0,0.0,0.0,0.0,5,5,1,0
1121,2017-05-07,6cdd53843498f92890544667809f1595,0.0,0.0,0.0,0.0,0.0,0.0,0.0,0.0,6,5,1,0
1131,2017-05-08,6cdd53843498f92890544667809f1595,0.0,0.0,0.0,0.0,0.0,0.0,0.0,0.0,0,5,0,0
1141,2017-05-09,6cdd53843498f92890544667809f1595,0.0,0.0,0.0,0.0,0.0,0.0,0.0,0.0,1,5,0,0
1151,2017-05-10,6cdd53843498f92890544667809f1595,0.0,0.0,0.0,0.0,0.0,0.0,0.0,0.0,2,5,0,0
1161,2017-05-11,6cdd53843498f92890544667809f1595,0.0,0.0,0.0,0.0,0.0,0.0,0.0,0.0,3,5,0,0
1171,2017-05-12,6cdd53843498f92890544667809f1595,0.0,0.0,0.0,0.0,0.0,0.0,0.0,0.0,4,5,0,0
1181,2017-05-13,6cdd53843498f92890544667809f1595,0.0,0.0,0.0,0.0,0.0,0.0,0.0,0.0,5,5,1,0
1191,2017-05-14,6cdd53843498f92890544667809f1595,0.0,0.0,0.0,0.0,0.0,0.0,0.0,0.0,6,5,1,0
1201,2017-05-15,6cdd53843498f92890544667809f1595,2.0,0.0,0.0,0.0,0.0,0.2857142857142857,0.7559289460184545,2.0,0,5,0,0
1211,2017-05-16,6cdd53843498f92890544667809f1595,0.0,2.0,0.0,0.0,0.0,0.2857142857142857,0.7559289460184545,-2.0,1,5,0,0
1221,2017-05-17,6cdd53843498f92890544667809f1595,0.0,0.0,2.0,0.0,0.0,0.2857142857142857,0.7559289460184545,0.0,2,5,0,0
1231,2017-05-18,6cdd53843498f92890544667809f1595,0.0,0.0,0.0,2.0,0.0,0.2857142857142857,0.7559289460184545,0.0,3,5,0,0
1241,2017-05-19,6cdd53843498f92890544667809f1595,0.0,0.0,0.0,0.0,0.0,0.2857142857142857,0.7559289460184545,0.0,4,5,0,0
1251,2017-05-20,6cdd53843498f92890544667809f1595,0.0,0.0,0.0,0.0,0.0,0.2857142857142857,0.7559289460184545,0.0,5,5,1,0
1261,2017-05-21,6cdd53843498f92890544667809f1595,0.0,0.0,0.0,0.0,0.0,0.2857142857142857,0.7559289460184545,0.0,6,5,1,0
1271,2017-05-22,6cdd53843498f92890544667809f1595,0.0,0.0,0.0,0.0,2.0,0.0,0.0,0.0,0,5,0,0
1281,2017-05-23,6cdd53843498f92890544667809f1595,0.0,0.0,0.0,0.0,0.0,0.0,0.0,0.0,1,5,0,0
1291,2017-05-24,6cdd53843498f92890544667809f1595,1.0,0.0,0.0,0.0,0.0,0.14285714285714285,0.37796447300922725,1.0,2,5,0,0
1301,2017-05-25,6cdd53843498f92890544667809f1595,0.0,1.0,0.0,0.0,0.0,0.14285714285714285,0.37796447300922725,-1.0,3,5,0,0
1311,2017-05-26,6cdd53843498f92890544667809f1595,0.0,0.0,1.0,0.0,0.0,0.14285714285714285,0.37796447300922725,0.0,4,5,0,0
1321,2017-05-27,6cdd53843498f92890544667809f1595,0.0,0.0,0.0,1.0,0.0,0.14285714285714285,0.37796447300922725,0.0,5,5,1,0
1331,2017-05-28,6cdd53843498f92890544667809f1595,0.0,0.0,0.0,0.0,0.0,0.14285714285714285,0.37796447300922725,0.0,6,5,1,0
1341,2017-05-29,6cdd53843498f92890544667809f1595,0.0,0.0,0.0,0.0,0.0,0.14285714285714285,0.37796447300922725,0.0,0,5,0,0
1351,2017-05-30,6cdd53843498f92890544667809f1595,0.0,0.0,0.0,0.0,0.0,0.14285714285714285,0.37796447300922725,0.0,1,5,0,0
1361,2017-05-31,6cdd53843498f92890544667809f1595,1.0,0.0,0.0,0.0,1.0,0.14285714285714285,0.37796447300922725,1.0,2,5,0,0
1371,2017-06-01,6cdd53843498f92890544667809f1595,0.0,1.0,0.0,0.0,0.0,0.14285714285714285,0.37796447300922725,-1.0,3,6,0,0
1381,2017-06-02,6cdd53843498f92890544667809f1595,0.0,0.0,1.0,0.0,0.0,0.14285714285714285,0.37796447300922725,0.0,4,6,0,0
1391,2017-06-03,6cdd53843498f92890544667809f1595,0.0,0.0,0.0,1.0,0.0,0.14285714285714285,0.37796447300922725,0.0,5,6,1,0
1401,2017-06-04,6cdd53843498f92890544667809f1595,0.0,0.0,0.0,0.0,0.0,0.14285714285714285,0.37796447300922725,0.0,6,6,1,0
1411,2017-06-05,6cdd53843498f92890544667809f1595,0.0,0.0,0.0,0.0,0.0,0.14285714285714285,0.37796447300922725,0.0,0,6,0,0
1421,2017-06-06,6cdd53843498f92890544667809f1595,0.0,0.0,0.0,0.0,0.0,0.14285714285714285,0.37796447300922725,0.0,1,6,0,0
1431,2017-06-07,6cdd53843498f92890544667809f1595,1.0,0.0,0.0,0.0,1.0,0.14285714285714285,0.37796447300922725,1.0,2,6,0,0
1441,2017-06-08,6cdd53843498f92890544667809f1595,1.0,1.0,0.0,0.0,0.0,0.2857142857142857,0.4879500364742666,0.0,3,6,0,0
1451,2017-06-09,6cdd53843498f92890544667809f1595,0.0,1.0,1.0,0.0,0.0,0.2857142857142857,0.48795003647426666,-1.0,4,6,0,0
1461,2017-06-10,6cdd53843498f92890544667809f1595,0.0,0.0,1.0,1.0,0.0,0.2857142857142857,0.48795003647426666,0.0,5,6,1,0
1471,2017-06-11,6cdd53843498f92890544667809f1595,0.0,0.0,0.0,1.0,0.0,0.2857142857142857,0.48795003647426666,0.0,6,6,1,0
1481,2017-06-12,6cdd53843498f92890544667809f1595,0.0,0.0,0.0,0.0,0.0,0.2857142857142857,0.48795003647426666,0.0,0,6,0,0
1491,2017-06-13,6cdd53843498f92890544667809f1595,0.0,0.0,0.0,0.0,0.0,0.2857142857142857,0.48795003647426666,0.0,1,6,0,0
1501,2017-06-14,6cdd53843498f92890544667809f1595,0.0,0.0,0.0,0.0,1.0,0.14285714285714285,0.3779644730092273,0.0,2,6,0,0
1511,2017-06-15,6cdd53843498f92890544667809f1595,0.0,0.0,0.0,0.0,1.0,0.0,0.0,0.0,3,6,0,0
1521,2017-06-16,6cdd53843498f92890544667809f1595,0.0,0.0,0.0,0.0,0.0,0.0,0.0,0.0,4,6,0,0
1531,2017-06-17,6cdd53843498f92890544667809f1595,0.0,0.0,0.0,0.0,0.0,0.0,0.0,0.0,5,6,1,0
1541,2017-06-18,6cdd53843498f92890544667809f1595,0.0,0.0,0.0,0.0,0.0,0.0,0.0,0.0,6,6,1,0
1551,2017-06-19,6cdd53843498f92890544667809f1595,0.0,0.0,0.0,0.0,0.0,0.0,0.0,0.0,0,6,0,0
1561,2017-06-20,6cdd53843498f92890544667809f1595,0.0,0.0,0.0,0.0,0.0,0.0,0.0,0.0,1,6,0,0
1571,2017-06-21,6cdd53843498f92890544667809f1595,0.0,0.0,0.0,0.0,0.0,0.0,0.0,0.0,2,6,0,0
1581,2017-06-22,6cdd53843498f92890544667809f1595,0.0,0.0,0.0,0.0,0.0,0.0,0.0,0.0,3,6,0,0
1591,2017-06-23,6cdd53843498f92890544667809f1595,0.0,0.0,0.0,0.0,0.0,0.0,0.0,0.0,4,6,0,0
1601,2017-06-24,6cdd53843498f92890544667809f1595,0.0,0.0,0.0,0.0,0.0,0.0,0.0,0.0,5,6,1,0
1611,2017-06-25,6cdd53843498f92890544667809f1595,0.0,0.0,0.0,0.0,0.0,0.0,0.0,0.0,6,6,1,0
1621,2017-06-26,6cdd53843498f92890544667809f1595,0.0,0.0,0.0,0.0,0.0,0.0,0.0,0.0,0,6,0,0
1631,2017-06-27,6cdd53843498f92890544667809f1595,0.0,0.0,0.0,0.0,0.0,0.0,0.0,0.0,1,6,0,0
1641,2017-06-28,6cdd53843498f92890544667809f1595,0.0,0.0,0.0,0.0,0.0,0.0,0.0,0.0,2,6,0,0
1651,2017-06-29,6cdd53843498f92890544667809f1595,0.0,0.0,0.0,0.0,0.0,0.0,0.0,0.0,3,6,0,0
1661,2017-06-30,6cdd53843498f92890544667809f1595,0.0,0.0,0.0,0.0,0.0,0.0,0.0,0.0,4,6,0,0
1671,2017-07-01,6cdd53843498f92890544667809f1595,0.0,0.0,0.0,0.0,0.0,0.0,0.0,0.0,5,7,1,0
1681,2017-07-02,6cdd53843498f92890544667809f1595,0.0,0.0,0.0,0.0,0.0,0.0,0.0,0.0,6,7,1,0
1691,2017-07-03,6cdd53843498f92890544667809f1595,0.0,0.0,0.0,0.0,0.0,0.0,0.0,0.0,0,7,0,0
1701,2017-07-04,6cdd53843498f92890544667809f1595,0.0,0.0,0.0,0.0,0.0,0.0,0.0,0.0,1,7,0,0
1711,2017-07-05,6cdd53843498f92890544667809f1595,0.0,0.0,0.0,0.0,0.0,0.0,0.0,0.0,2,7,0,0
1721,2017-07-06,6cdd53843498f92890544667809f1595,0.0,0.0,0.0,0.0,0.0,0.0,0.0,0.0,3,7,0,0
1731,2017-07-07,6cdd53843498f92890544667809f1595,0.0,0.0,0.0,0.0,0.0,0.0,0.0,0.0,4,7,0,0
1741,2017-07-08,6cdd53843498f92890544667809f1595,0.0,0.0,0.0,0.0,0.0,0.0,0.0,0.0,5,7,1,0
1751,2017-07-09,6cdd53843498f92890544667809f1595,0.0,0.0,0.0,0.0,0.0,0.0,0.0,0.0,6,7,1,0
1761,2017-07-10,6cdd53843498f92890544667809f1595,0.0,0.0,0.0,0.0,0.0,0.0,0.0,0.0,0,7,0,0
1771,2017-07-11,6cdd53843498f92890544667809f1595,0.0,0.0,0.0,0.0,0.0,0.0,0.0,0.0,1,7,0,0
1781,2017-07-12,6cdd53843498f92890544667809f1595,0.0,0.0,0.0,0.0,0.0,0.0,0.0,0.0,2,7,0,0
1791,2017-07-13,6cdd53843498f92890544667809f1595,0.0,0.0,0.0,0.0,0.0,0.0,0.0,0.0,3,7,0,0
1801,2017-07-14,6cdd53843498f92890544667809f1595,0.0,0.0,0.0,0.0,0.0,0.0,0.0,0.0,4,7,0,0
1811,2017-07-15,6cdd53843498f92890544667809f1595,0.0,0.0,0.0,0.0,0.0,0.0,0.0,0.0,5,7,1,0
1821,2017-07-16,6cdd53843498f92890544667809f1595,0.0,0.0,0.0,0.0,0.0,0.0,0.0,0.0,6,7,1,0
1831,2017-07-17,6cdd53843498f92890544667809f1595,0.0,0.0,0.0,0.0,0.0,0.0,0.0,0.0,0,7,0,0
1841,2017-07-18,6cdd53843498f92890544667809f1595,0.0,0.0,0.0,0.0,0.0,0.0,0.0,0.0,1,7,0,0
1851,2017-07-19,6cdd53843498f92890544667809f1595,0.0,0.0,0.0,0.0,0.0,0.0,0.0,0.0,2,7,0,0
1861,2017-07-20,6cdd53843498f92890544667809f1595,0.0,0.0,0.0,0.0,0.0,0.0,0.0,0.0,3,7,0,0
1871,2017-07-21,6cdd53843498f92890544667809f1595,0.0,0.0,0.0,0.0,0.0,0.0,0.0,0.0,4,7,0,0
1881,2017-07-22,6cdd53843498f92890544667809f1595,1.0,0.0,0.0,0.0,0.0,0.14285714285714285,0.37796447300922725,1.0,5,7,1,0
1891,2017-07-23,6cdd53843498f92890544667809f1595,0.0,1.0,0.0,0.0,0.0,0.14285714285714285,0.37796447300922725,-1.0,6,7,1,0
1901,2017-07-24,6cdd53843498f92890544667809f1595,0.0,0.0,1.0,0.0,0.0,0.14285714285714285,0.37796447300922725,0.0,0,7,0,0
1911,2017-07-25,6cdd53843498f92890544667809f1595,0.0,0.0,0.0,1.0,0.0,0.14285714285714285,0.37796447300922725,0.0,1,7,0,0
1921,2017-07-26,6cdd53843498f92890544667809f1595,0.0,0.0,0.0,0.0,0.0,0.14285714285714285,0.37796447300922725,0.0,2,7,0,0
1931,2017-07-27,6cdd53843498f92890544667809f1595,0.0,0.0,0.0,0.0,0.0,0.14285714285714285,0.37796447300922725,0.0,3,7,0,0
1941,2017-07-28,6cdd53843498f92890544667809f1595,0.0,0.0,0.0,0.0,0.0,0.14285714285714285,0.37796447300922725,0.0,4,7,0,0
1951,2017-07-29,6cdd53843498f92890544667809f1595,0.0,0.0,0.0,0.0,1.0,0.0,0.0,0.0,5,7,1,0
1961,2017-07-30,6cdd53843498f92890544667809f1595,0.0,0.0,0.0,0.0,0.0,0.0,0.0,0.0,6,7,1,0
1971,2017-07-31,6cdd53843498f92890544667809f1595,0.0,0.0,0.0,0.0,0.0,0.0,0.0,0.0,0,7,0,0
1981,2017-08-01,6cdd53843498f92890544667809f1595,1.0,0.0,0.0,0.0,0.0,0.14285714285714285,0.37796447300922725,1.0,1,8,0,0
1991,2017-08-02,6cdd53843498f92890544667809f1595,0.0,1.0,0.0,0.0,0.0,0.14285714285714285,0.37796447300922725,-1.0,2,8,0,0
2001,2017-08-03,6cdd53843498f92890544667809f1595,0.0,0.0,1.0,0.0,0.0,0.14285714285714285,0.37796447300922725,0.0,3,8,0,0
2011,2017-08-04,6cdd53843498f92890544667809f1595,0.0,0.0,0.0,1.0,0.0,0.14285714285714285,0.37796447300922725,0.0,4,8,0,0
2021,2017-08-05,6cdd53843498f92890544667809f1595,0.0,0.0,0.0,0.0,0.0,0.14285714285714285,0.37796447300922725,0.0,5,8,1,0
2031,2017-08-06,6cdd53843498f92890544667809f1595,0.0,0.0,0.0,0.0,0.0,0.14285714285714285,0.37796447300922725,0.0,6,8,1,0
2041,2017-08-07,6cdd53843498f92890544667809f1595,1.0,0.0,0.0,0.0,0.0,0.2857142857142857,0.4879500364742666,1.0,0,8,0,0
2051,2017-08-08,6cdd53843498f92890544667809f1595,0.0,1.0,0.0,0.0,1.0,0.14285714285714285,0.37796447300922725,-1.0,1,8,0,0
2061,2017-08-09,6cdd53843498f92890544667809f1595,0.0,0.0,1.0,0.0,0.0,0.14285714285714285,0.37796447300922725,0.0,2,8,0,0
2071,2017-08-10,6cdd53843498f92890544667809f1595,0.0,0.0,0.0,1.0,0.0,0.14285714285714285,0.37796447300922725,0.0,3,8,0,0
2081,2017-08-11,6cdd53843498f92890544667809f1595,0.0,0.0,0.0,0.0,0.0,0.14285714285714285,0.37796447300922725,0.0,4,8,0,0
2091,2017-08-12,6cdd53843498f92890544667809f1595,0.0,0.0,0.0,0.0,0.0,0.14285714285714285,0.37796447300922725,0.0,5,8,1,0
2101,2017-08-13,6cdd53843498f92890544667809f1595,0.0,0.0,0.0,0.0,0.0,0.14285714285714285,0.37796447300922725,0.0,6,8,1,0
2111,2017-08-14,6cdd53843498f92890544667809f1595,0.0,0.0,0.0,0.0,1.0,0.0,0.0,0.0,0,8,0,0
2121,2017-08-15,6cdd53843498f92890544667809f1595,0.0,0.0,0.0,0.0,0.0,0.0,0.0,0.0,1,8,0,0
2131,2017-08-16,6cdd53843498f92890544667809f1595,0.0,0.0,0.0,0.0,0.0,0.0,0.0,0.0,2,8,0,0
2141,2017-08-17,6cdd53843498f92890544667809f1595,0.0,0.0,0.0,0.0,0.0,0.0,0.0,0.0,3,8,0,0
2151,2017-08-18,6cdd53843498f92890544667809f1595,0.0,0.0,0.0,0.0,0.0,0.0,0.0,0.0,4,8,0,0
2161,2017-08-19,6cdd53843498f92890544667809f1595,0.0,0.0,0.0,0.0,0.0,0.0,0.0,0.0,5,8,1,0
2171,2017-08-20,6cdd53843498f92890544667809f1595,0.0,0.0,0.0,0.0,0.0,0.0,0.0,0.0,6,8,1,0
2181,2017-08-21,6cdd53843498f92890544667809f1595,1.0,0.0,0.0,0.0,0.0,0.14285714285714285,0.37796447300922725,1.0,0,8,0,0
2191,2017-08-22,6cdd53843498f92890544667809f1595,0.0,1.0,0.0,0.0,0.0,0.14285714285714285,0.37796447300922725,-1.0,1,8,0,0
2201,2017-08-23,6cdd53843498f92890544667809f1595,0.0,0.0,1.0,0.0,0.0,0.14285714285714285,0.37796447300922725,0.0,2,8,0,0
2211,2017-08-24,6cdd53843498f92890544667809f1595,1.0,0.0,0.0,1.0,0.0,0.2857142857142857,0.4879500364742666,1.0,3,8,0,0
2221,2017-08-25,6cdd53843498f92890544667809f1595,1.0,1.0,0.0,0.0,0.0,0.42857142857142855,0.5345224838248488,0.0,4,8,0,0
2231,2017-08-26,6cdd53843498f92890544667809f1595,0.0,1.0,1.0,0.0,0.0,0.42857142857142855,0.5345224838248488,-1.0,5,8,1,0
2241,2017-08-27,6cdd53843498f92890544667809f1595,0.0,0.0,1.0,1.0,0.0,0.42857142857142855,0.5345224838248488,0.0,6,8,1,0
2251,2017-08-28,6cdd53843498f92890544667809f1595,0.0,0.0,0.0,1.0,1.0,0.2857142857142857,0.48795003647426666,0.0,0,8,0,0
2261,2017-08-29,6cdd53843498f92890544667809f1595,0.0,0.0,0.0,0.0,0.0,0.2857142857142857,0.48795003647426666,0.0,1,8,0,0
2271,2017-08-30,6cdd53843498f92890544667809f1595,1.0,0.0,0.0,0.0,0.0,0.42857142857142855,0.5345224838248488,1.0,2,8,0,0
2281,2017-08-31,6cdd53843498f92890544667809f1595,1.0,1.0,0.0,0.0,1.0,0.42857142857142855,0.5345224838248488,0.0,3,8,0,0
2291,2017-09-01,6cdd53843498f92890544667809f1595,0.0,1.0,1.0,0.0,1.0,0.2857142857142857,0.48795003647426666,-1.0,4,9,0,0
2301,2017-09-02,6cdd53843498f92890544667809f1595,0.0,0.0,1.0,1.0,0.0,0.2857142857142857,0.48795003647426666,0.0,5,9,1,0
2311,2017-09-03,6cdd53843498f92890544667809f1595,0.0,0.0,0.0,1.0,0.0,0.2857142857142857,0.48795003647426666,0.0,6,9,1,0
2321,2017-09-04,6cdd53843498f92890544667809f1595,0.0,0.0,0.0,0.0,0.0,0.2857142857142857,0.48795003647426666,0.0,0,9,0,0
2331,2017-09-05,6cdd53843498f92890544667809f1595,0.0,0.0,0.0,0.0,0.0,0.2857142857142857,0.48795003647426666,0.0,1,9,0,0
2341,2017-09-06,6cdd53843498f92890544667809f1595,0.0,0.0,0.0,0.0,1.0,0.14285714285714285,0.3779644730092273,0.0,2,9,0,0
2351,2017-09-07,6cdd53843498f92890544667809f1595,0.0,0.0,0.0,0.0,1.0,0.0,0.0,0.0,3,9,0,0
2361,2017-09-08,6cdd53843498f92890544667809f1595,1.0,0.0,0.0,0.0,0.0,0.14285714285714285,0.37796447300922725,1.0,4,9,0,0
2371,2017-09-09,6cdd53843498f92890544667809f1595,0.0,1.0,0.0,0.0,0.0,0.14285714285714285,0.37796447300922725,-1.0,5,9,1,0
2381,2017-09-10,6cdd53843498f92890544667809f1595,0.0,0.0,1.0,0.0,0.0,0.14285714285714285,0.37796447300922725,0.0,6,9,1,0
2391,2017-09-11,6cdd53843498f92890544667809f1595,0.0,0.0,0.0,1.0,0.0,0.14285714285714285,0.37796447300922725,0.0,0,9,0,0
2401,2017-09-12,6cdd53843498f92890544667809f1595,0.0,0.0,0.0,0.0,0.0,0.14285714285714285,0.37796447300922725,0.0,1,9,0,0
2411,2017-09-13,6cdd53843498f92890544667809f1595,1.0,0.0,0.0,0.0,0.0,0.2857142857142857,0.4879500364742666,1.0,2,9,0,0
2421,2017-09-14,6cdd53843498f92890544667809f1595,0.0,1.0,0.0,0.0,0.0,0.2857142857142857,0.48795003647426666,-1.0,3,9,0,0
2431,2017-09-15,6cdd53843498f92890544667809f1595,1.0,0.0,1.0,0.0,1.0,0.2857142857142857,0.48795003647426666,1.0,4,9,0,0
2441,2017-09-16,6cdd53843498f92890544667809f1595,0.0,1.0,0.0,1.0,0.0,0.2857142857142857,0.48795003647426666,-1.0,5,9,1,0
2451,2017-09-17,6cdd53843498f92890544667809f1595,0.0,0.0,1.0,0.0,0.0,0.2857142857142857,0.48795003647426666,0.0,6,9,1,0
2461,2017-09-18,6cdd53843498f92890544667809f1595,1.0,0.0,0.0,1.0,0.0,0.42857142857142855,0.5345224838248488,1.0,0,9,0,0
2471,2017-09-19,6cdd53843498f92890544667809f1595,0.0,1.0,0.0,0.0,0.0,0.42857142857142855,0.5345224838248488,-1.0,1,9,0,0
2481,2017-09-20,6cdd53843498f92890544667809f1595,0.0,0.0,1.0,0.0,1.0,0.2857142857142857,0.48795003647426666,0.0,2,9,0,0
2491,2017-09-21,6cdd53843498f92890544667809f1595,1.0,0.0,0.0,1.0,0.0,0.42857142857142855,0.5345224838248488,1.0,3,9,0,0
2501,2017-09-22,6cdd53843498f92890544667809f1595,0.0,1.0,0.0,0.0,1.0,0.2857142857142857,0.48795003647426666,-1.0,4,9,0,0
2511,2017-09-23,6cdd53843498f92890544667809f1595,1.0,0.0,1.0,0.0,0.0,0.42857142857142855,0.5345224838248488,1.0,5,9,1,0
2521,2017-09-24,6cdd53843498f92890544667809f1595,0.0,1.0,0.0,1.0,0.0,0.42857142857142855,0.5345224838248488,-1.0,6,9,1,0
2531,2017-09-25,6cdd53843498f92890544667809f1595,0.0,0.0,1.0,0.0,1.0,0.2857142857142857,0.48795003647426666,0.0,0,9,0,0
2541,2017-09-26,6cdd53843498f92890544667809f1595,0.0,0.0,0.0,1.0,0.0,0.2857142857142857,0.48795003647426666,0.0,1,9,0,0
2551,2017-09-27,6cdd53843498f92890544667809f1595,0.0,0.0,0.0,0.0,0.0,0.2857142857142857,0.48795003647426666,0.0,2,9,0,0
2561,2017-09-28,6cdd53843498f92890544667809f1595,1.0,0.0,0.0,0.0,1.0,0.2857142857142857,0.48795003647426666,1.0,3,9,0,0
2571,2017-09-29,6cdd53843498f92890544667809f1595,0.0,1.0,0.0,0.0,0.0,0.2857142857142857,0.48795003647426666,-1.0,4,9,0,0
2581,2017-09-30,6cdd53843498f92890544667809f1595,0.0,0.0,1.0,0.0,1.0,0.14285714285714285,0.3779644730092273,0.0,5,9,1,0
2591,2017-10-01,6cdd53843498f92890544667809f1595,0.0,0.0,0.0,1.0,0.0,0.14285714285714285,0.3779644730092273,0.0,6,10,1,0
2601,2017-10-02,6cdd53843498f92890544667809f1595,0.0,0.0,0.0,0.0,0.0,0.14285714285714285,0.3779644730092273,0.0,0,10,0,0
2611,2017-10-03,6cdd53843498f92890544667809f1595,2.0,0.0,0.0,0.0,0.0,0.42857142857142855,0.7867957924694432,2.0,1,10,0,0
2621,2017-10-04,6cdd53843498f92890544667809f1595,0.0,2.0,0.0,0.0,0.0,0.42857142857142855,0.7867957924694432,-2.0,2,10,0,0
2631,2017-10-05,6cdd53843498f92890544667809f1595,1.0,0.0,2.0,0.0,1.0,0.42857142857142855,0.7867957924694432,1.0,3,10,0,0
2641,2017-10-06,6cdd53843498f92890544667809f1595,0.0,1.0,0.0,2.0,0.0,0.42857142857142855,0.7867957924694432,-1.0,4,10,0,0
2651,2017-10-07,6cdd53843498f92890544667809f1595,0.0,0.0,1.0,0.0,0.0,0.42857142857142855,0.7867957924694432,0.0,5,10,1,0
2661,2017-10-08,6cdd53843498f92890544667809f1595,0.0,0.0,0.0,1.0,0.0,0.42857142857142855,0.7867957924694432,0.0,6,10,1,0
2671,2017-10-09,6cdd53843498f92890544667809f1595,0.0,0.0,0.0,0.0,0.0,0.42857142857142855,0.7867957924694432,0.0,0,10,0,0
2681,2017-10-10,6cdd53843498f92890544667809f1595,0.0,0.0,0.0,0.0,2.0,0.14285714285714285,0.3779644730092275,0.0,1,10,0,0
2691,2017-10-11,6cdd53843498f92890544667809f1595,0.0,0.0,0.0,0.0,0.0,0.14285714285714285,0.3779644730092275,0.0,2,10,0,0
2701,2017-10-12,6cdd53843498f92890544667809f1595,0.0,0.0,0.0,0.0,1.0,0.0,0.0,0.0,3,10,0,0
2711,2017-10-13,6cdd53843498f92890544667809f1595,0.0,0.0,0.0,0.0,0.0,0.0,0.0,0.0,4,10,0,0
2721,2017-10-14,6cdd53843498f92890544667809f1595,0.0,0.0,0.0,0.0,0.0,0.0,0.0,0.0,5,10,1,0
2731,2017-10-15,6cdd53843498f92890544667809f1595,2.0,0.0,0.0,0.0,0.0,0.2857142857142857,0.7559289460184545,2.0,6,10,1,0
2741,2017-10-16,6cdd53843498f92890544667809f1595,1.0,2.0,0.0,0.0,0.0,0.42857142857142855,0.7867957924694432,-1.0,0,10,0,0
2751,2017-10-17,6cdd53843498f92890544667809f1595,0.0,1.0,2.0,0.0,0.0,0.42857142857142855,0.7867957924694432,-1.0,1,10,0,0
2761,2017-10-18,6cdd53843498f92890544667809f1595,1.0,0.0,1.0,2.0,0.0,0.5714285714285714,0.7867957924694432,1.0,2,10,0,0
2771,2017-10-19,6cdd53843498f92890544667809f1595,0.0,1.0,0.0,1.0,0.0,0.5714285714285714,0.7867957924694432,-1.0,3,10,0,0
2781,2017-10-20,6cdd53843498f92890544667809f1595,1.0,0.0,1.0,0.0,0.0,0.7142857142857143,0.7559289460184545,1.0,4,10,0,0
2791,2017-10-21,6cdd53843498f92890544667809f1595,0.0,1.0,0.0,1.0,0.0,0.7142857142857143,0.7559289460184545,-1.0,5,10,1,0
2801,2017-10-22,6cdd53843498f92890544667809f1595,0.0,0.0,1.0,0.0,2.0,0.42857142857142855,0.5345224838248489,0.0,6,10,1,0
2811,2017-10-23,6cdd53843498f92890544667809f1595,0.0,0.0,0.0,1.0,1.0,0.2857142857142857,0.4879500364742667,0.0,0,10,0,0
2821,2017-10-24,6cdd53843498f92890544667809f1595,0.0,0.0,0.0,0.0,0.0,0.2857142857142857,0.4879500364742667,0.0,1,10,0,0
2831,2017-10-25,6cdd53843498f92890544667809f1595,1.0,0.0,0.0,0.0,1.0,0.2857142857142857,0.4879500364742667,1.0,2,10,0,0
2841,2017-10-26,6cdd53843498f92890544667809f1595,0.0,1.0,0.0,0.0,0.0,0.2857142857142857,0.4879500364742667,-1.0,3,10,0,0
2851,2017-10-27,6cdd53843498f92890544667809f1595,0.0,0.0,1.0,0.0,1.0,0.14285714285714285,0.3779644730092274,0.0,4,10,0,0
2861,2017-10-28,6cdd53843498f92890544667809f1595,1.0,0.0,0.0,1.0,0.0,0.2857142857142857,0.4879500364742667,1.0,5,10,1,0
2871,2017-10-29,6cdd53843498f92890544667809f1595,0.0,1.0,0.0,0.0,0.0,0.2857142857142857,0.4879500364742667,-1.0,6,10,1,0
2881,2017-10-30,6cdd53843498f92890544667809f1595,0.0,0.0,1.0,0.0,0.0,0.2857142857142857,0.4879500364742667,0.0,0,10,0,0
2891,2017-10-31,6cdd53843498f92890544667809f1595,0.0,0.0,0.0,1.0,0.0,0.2857142857142857,0.4879500364742667,0.0,1,10,0,0
2901,2017-11-01,6cdd53843498f92890544667809f1595,0.0,0.0,0.0,0.0,1.0,0.14285714285714285,0.3779644730092274,0.0,2,11,0,1
2911,2017-11-02,6cdd53843498f92890544667809f1595,0.0,0.0,0.0,0.0,0.0,0.14285714285714285,0.3779644730092274,0.0,3,11,0,1
2921,2017-11-03,6cdd53843498f92890544667809f1595,0.0,0.0,0.0,0.0,0.0,0.14285714285714285,0.3779644730092274,0.0,4,11,0,1
2931,2017-11-04,6cdd53843498f92890544667809f1595,0.0,0.0,0.0,0.0,1.0,0.0,0.0,0.0,5,11,1,1
2941,2017-11-05,6cdd53843498f92890544667809f1595,0.0,0.0,0.0,0.0,0.0,0.0,0.0,0.0,6,11,1,1
2951,2017-11-06,6cdd53843498f92890544667809f1595,0.0,0.0,0.0,0.0,0.0,0.0,0.0,0.0,0,11,0,1
2961,2017-11-07,6cdd53843498f92890544667809f1595,0.0,0.0,0.0,0.0,0.0,0.0,0.0,0.0,1,11,0,1
2971,2017-11-08,6cdd53843498f92890544667809f1595,0.0,0.0,0.0,0.0,0.0,0.0,0.0,0.0,2,11,0,1
2981,2017-11-09,6cdd53843498f92890544667809f1595,1.0,0.0,0.0,0.0,0.0,0.14285714285714285,0.37796447300922725,1.0,3,11,0,1
2991,2017-11-10,6cdd53843498f92890544667809f1595,0.0,1.0,0.0,0.0,0.0,0.14285714285714285,0.37796447300922725,-1.0,4,11,0,1
3001,2017-11-11,6cdd53843498f92890544667809f1595,0.0,0.0,1.0,0.0,0.0,0.14285714285714285,0.37796447300922725,0.0,5,11,1,1
3011,2017-11-12,6cdd53843498f92890544667809f1595,0.0,0.0,0.0,1.0,0.0,0.14285714285714285,0.37796447300922725,0.0,6,11,1,1
3021,2017-11-13,6cdd53843498f92890544667809f1595,0.0,0.0,0.0,0.0,0.0,0.14285714285714285,0.37796447300922725,0.0,0,11,0,1
3031,2017-11-14,6cdd53843498f92890544667809f1595,0.0,0.0,0.0,0.0,0.0,0.14285714285714285,0.37796447300922725,0.0,1,11,0,1
3041,2017-11-15,6cdd53843498f92890544667809f1595,1.0,0.0,0.0,0.0,0.0,0.2857142857142857,0.4879500364742666,1.0,2,11,0,1
3051,2017-11-16,6cdd53843498f92890544667809f1595,0.0,1.0,0.0,0.0,1.0,0.14285714285714285,0.37796447300922725,-1.0,3,11,0,1
3061,2017-11-17,6cdd53843498f92890544667809f1595,0.0,0.0,1.0,0.0,0.0,0.14285714285714285,0.37796447300922725,0.0,4,11,0,1
3071,2017-11-18,6cdd53843498f92890544667809f1595,1.0,0.0,0.0,1.0,0.0,0.2857142857142857,0.4879500364742666,1.0,5,11,1,1
3081,2017-11-19,6cdd53843498f92890544667809f1595,0.0,1.0,0.0,0.0,0.0,0.2857142857142857,0.48795003647426666,-1.0,6,11,1,1
3091,2017-11-20,6cdd53843498f92890544667809f1595,0.0,0.0,1.0,0.0,0.0,0.2857142857142857,0.48795003647426666,0.0,0,11,0,1
3101,2017-11-21,6cdd53843498f92890544667809f1595,0.0,0.0,0.0,1.0,0.0,0.2857142857142857,0.48795003647426666,0.0,1,11,0,1
3111,2017-11-22,6cdd53843498f92890544667809f1595,0.0,0.0,0.0,0.0,1.0,0.14285714285714285,0.3779644730092273,0.0,2,11,0,1
3121,2017-11-23,6cdd53843498f92890544667809f1595,1.0,0.0,0.0,0.0,0.0,0.2857142857142857,0.48795003647426666,1.0,3,11,0,1
3131,2017-11-24,6cdd53843498f92890544667809f1595,6.0,1.0,0.0,0.0,0.0,1.1428571428571428,2.1930626551751344,5.0,4,11,0,1
3141,2017-11-25,6cdd53843498f92890544667809f1595,0.0,6.0,1.0,0.0,1.0,1.0,2.23606797749979,-6.0,5,11,1,1
3151,2017-11-26,6cdd53843498f92890544667809f1595,0.0,0.0,6.0,1.0,0.0,1.0,2.23606797749979,0.0,6,11,1,1
3161,2017-11-27,6cdd53843498f92890544667809f1595,0.0,0.0,0.0,6.0,0.0,1.0,2.23606797749979,0.0,0,11,0,1
3171,2017-11-28,6cdd53843498f92890544667809f1595,1.0,0.0,0.0,0.0,0.0,1.1428571428571428,2.1930626551751344,1.0,1,11,0,1
3181,2017-11-29,6cdd53843498f92890544667809f1595,0.0,1.0,0.0,0.0,0.0,1.1428571428571428,2.1930626551751344,-1.0,2,11,0,1
3191,2017-11-30,6cdd53843498f92890544667809f1595,0.0,0.0,1.0,0.0,1.0,1.0,2.23606797749979,0.0,3,11,0,1
3201,2017-12-01,6cdd53843498f92890544667809f1595,0.0,0.0,0.0,1.0,6.0,0.14285714285714285,0.377964473009227,0.0,4,12,0,0
3211,2017-12-02,6cdd53843498f92890544667809f1595,0.0,0.0,0.0,0.0,0.0,0.14285714285714285,0.377964473009227,0.0,5,12,1,0
3221,2017-12-03,6cdd53843498f92890544667809f1595,1.0,0.0,0.0,0.0,0.0,0.2857142857142857,0.4879500364742664,1.0,6,12,1,0
3231,2017-12-04,6cdd53843498f92890544667809f1595,0.0,1.0,0.0,0.0,0.0,0.2857142857142857,0.4879500364742664,-1.0,0,12,0,0
3241,2017-12-05,6cdd53843498f92890544667809f1595,0.0,0.0,1.0,0.0,1.0,0.14285714285714285,0.3779644730092269,0.0,1,12,0,0
3251,2017-12-06,6cdd53843498f92890544667809f1595,0.0,0.0,0.0,1.0,0.0,0.14285714285714285,0.3779644730092269,0.0,2,12,0,0
3261,2017-12-07,6cdd53843498f92890544667809f1595,0.0,0.0,0.0,0.0,0.0,0.14285714285714285,0.3779644730092269,0.0,3,12,0,0
3271,2017-12-08,6cdd53843498f92890544667809f1595,0.0,0.0,0.0,0.0,0.0,0.14285714285714285,0.3779644730092269,0.0,4,12,0,0
3281,2017-12-09,6cdd53843498f92890544667809f1595,0.0,0.0,0.0,0.0,0.0,0.14285714285714285,0.3779644730092269,0.0,5,12,1,0
3291,2017-12-10,6cdd53843498f92890544667809f1595,0.0,0.0,0.0,0.0,1.0,0.0,0.0,0.0,6,12,1,0
3301,2017-12-11,6cdd53843498f92890544667809f1595,2.0,0.0,0.0,0.0,0.0,0.2857142857142857,0.7559289460184545,2.0,0,12,0,0
3311,2017-12-12,6cdd53843498f92890544667809f1595,0.0,2.0,0.0,0.0,0.0,0.2857142857142857,0.7559289460184545,-2.0,1,12,0,0
3321,2017-12-13,6cdd53843498f92890544667809f1595,3.0,0.0,2.0,0.0,0.0,0.7142857142857143,1.2535663410560174,3.0,2,12,0,0
3331,2017-12-14,6cdd53843498f92890544667809f1595,1.0,3.0,0.0,2.0,0.0,0.8571428571428571,1.2149857925879117,-2.0,3,12,0,0
3341,2017-12-15,6cdd53843498f92890544667809f1595,0.0,1.0,3.0,0.0,0.0,0.8571428571428571,1.2149857925879117,-1.0,4,12,0,0
3351,2017-12-16,6cdd53843498f92890544667809f1595,0.0,0.0,1.0,3.0,0.0,0.8571428571428571,1.2149857925879117,0.0,5,12,1,0
3361,2017-12-17,6cdd53843498f92890544667809f1595,0.0,0.0,0.0,1.0,0.0,0.8571428571428571,1.2149857925879117,0.0,6,12,1,0
3371,2017-12-18,6cdd53843498f92890544667809f1595,0.0,0.0,0.0,0.0,2.0,0.5714285714285714,1.1338934190276817,0.0,0,12,0,0
3381,2017-12-19,6cdd53843498f92890544667809f1595,0.0,0.0,0.0,0.0,0.0,0.5714285714285714,1.1338934190276817,0.0,1,12,0,0
3391,2017-12-20,6cdd53843498f92890544667809f1595,0.0,0.0,0.0,0.0,3.0,0.14285714285714285,0.37796447300922775,0.0,2,12,0,0
3401,2017-12-21,6cdd53843498f92890544667809f1595,0.0,0.0,0.0,0.0,1.0,0.0,0.0,0.0,3,12,0,0
3411,2017-12-22,6cdd53843498f92890544667809f1595,0.0,0.0,0.0,0.0,0.0,0.0,0.0,0.0,4,12,0,0
3421,2017-12-23,6cdd53843498f92890544667809f1595,0.0,0.0,0.0,0.0,0.0,0.0,0.0,0.0,5,12,1,0
3431,2017-12-24,6cdd53843498f92890544667809f1595,0.0,0.0,0.0,0.0,0.0,0.0,0.0,0.0,6,12,1,0
3441,2017-12-25,6cdd53843498f92890544667809f1595,0.0,0.0,0.0,0.0,0.0,0.0,0.0,0.0,0,12,0,0
3451,2017-12-26,6cdd53843498f92890544667809f1595,0.0,0.0,0.0,0.0,0.0,0.0,0.0,0.0,1,12,0,0
3461,2017-12-27,6cdd53843498f92890544667809f1595,0.0,0.0,0.0,0.0,0.0,0.0,0.0,0.0,2,12,0,0
3471,2017-12-28,6cdd53843498f92890544667809f1595,0.0,0.0,0.0,0.0,0.0,0.0,0.0,0.0,3,12,0,0
3481,2017-12-29,6cdd53843498f92890544667809f1595,0.0,0.0,0.0,0.0,0.0,0.0,0.0,0.0,4,12,0,0
3491,2017-12-30,6cdd53843498f92890544667809f1595,0.0,0.0,0.0,0.0,0.0,0.0,0.0,0.0,5,12,1,0
3501,2017-12-31,6cdd53843498f92890544667809f1595,0.0,0.0,0.0,0.0,0.0,0.0,0.0,0.0,6,12,1,0
3511,2018-01-01,6cdd53843498f92890544667809f1595,0.0,0.0,0.0,0.0,0.0,0.0,0.0,0.0,0,1,0,0
3521,2018-01-02,6cdd53843498f92890544667809f1595,1.0,0.0,0.0,0.0,0.0,0.14285714285714285,0.37796447300922725,1.0,1,1,0,0
3531,2018-01-03,6cdd53843498f92890544667809f1595,0.0,1.0,0.0,0.0,0.0,0.14285714285714285,0.37796447300922725,-1.0,2,1,0,0
3541,2018-01-04,6cdd53843498f92890544667809f1595,1.0,0.0,1.0,0.0,0.0,0.2857142857142857,0.4879500364742666,1.0,3,1,0,0
3551,2018-01-05,6cdd53843498f92890544667809f1595,2.0,1.0,0.0,1.0,0.0,0.5714285714285714,0.7867957924694432,1.0,4,1,0,0
3561,2018-01-06,6cdd53843498f92890544667809f1595,0.0,2.0,1.0,0.0,0.0,0.5714285714285714,0.7867957924694432,-2.0,5,1,1,0
3571,2018-01-07,6cdd53843498f92890544667809f1595,1.0,0.0,2.0,1.0,0.0,0.7142857142857143,0.7559289460184545,1.0,6,1,1,0
3581,2018-01-08,6cdd53843498f92890544667809f1595,0.0,1.0,0.0,2.0,0.0,0.7142857142857143,0.7559289460184545,-1.0,0,1,0,0
3591,2018-01-09,6cdd53843498f92890544667809f1595,0.0,0.0,1.0,0.0,1.0,0.5714285714285714,0.7867957924694432,0.0,1,1,0,0
3601,2018-01-10,6cdd53843498f92890544667809f1595,0.0,0.0,0.0,1.0,0.0,0.5714285714285714,0.7867957924694432,0.0,2,1,0,0
3611,2018-01-11,6cdd53843498f92890544667809f1595,0.0,0.0,0.0,0.0,1.0,0.42857142857142855,0.7867957924694432,0.0,3,1,0,0
3621,2018-01-12,6cdd53843498f92890544667809f1595,0.0,0.0,0.0,0.0,2.0,0.14285714285714285,0.37796447300922725,0.0,4,1,0,0
3631,2018-01-13,6cdd53843498f92890544667809f1595,0.0,0.0,0.0,0.0,0.0,0.14285714285714285,0.37796447300922725,0.0,5,1,1,0
3641,2018-01-14,6cdd53843498f92890544667809f1595,0.0,0.0,0.0,0.0,1.0,0.0,0.0,0.0,6,1,1,0
3651,2018-01-15,6cdd53843498f92890544667809f1595,0.0,0.0,0.0,0.0,0.0,0.0,0.0,0.0,0,1,0,0
3661,2018-01-16,6cdd53843498f92890544667809f1595,0.0,0.0,0.0,0.0,0.0,0.0,0.0,0.0,1,1,0,0
3671,2018-01-17,6cdd53843498f92890544667809f1595,0.0,0.0,0.0,0.0,0.0,0.0,0.0,0.0,2,1,0,0
3681,2018-01-18,6cdd53843498f92890544667809f1595,0.0,0.0,0.0,0.0,0.0,0.0,0.0,0.0,3,1,0,0
3691,2018-01-19,6cdd53843498f92890544667809f1595,0.0,0.0,0.0,0.0,0.0,0.0,0.0,0.0,4,1,0,0
3701,2018-01-20,6cdd53843498f92890544667809f1595,0.0,0.0,0.0,0.0,0.0,0.0,0.0,0.0,5,1,1,0
3711,2018-01-21,6cdd53843498f92890544667809f1595,0.0,0.0,0.0,0.0,0.0,0.0,0.0,0.0,6,1,1,0
3721,2018-01-22,6cdd53843498f92890544667809f1595,0.0,0.0,0.0,0.0,0.0,0.0,0.0,0.0,0,1,0,0
3731,2018-01-23,6cdd53843498f92890544667809f1595,2.0,0.0,0.0,0.0,0.0,0.2857142857142857,0.7559289460184545,2.0,1,1,0,0
3741,2018-01-24,6cdd53843498f92890544667809f1595,0.0,2.0,0.0,0.0,0.0,0.2857142857142857,0.7559289460184545,-2.0,2,1,0,0
3751,2018-01-25,6cdd53843498f92890544667809f1595,0.0,0.0,2.0,0.0,0.0,0.2857142857142857,0.7559289460184545,0.0,3,1,0,0
3761,2018-01-26,6cdd53843498f92890544667809f1595,1.0,0.0,0.0,2.0,0.0,0.42857142857142855,0.7867957924694432,1.0,4,1,0,0
3771,2018-01-27,6cdd53843498f92890544667809f1595,0.0,1.0,0.0,0.0,0.0,0.42857142857142855,0.7867957924694432,-1.0,5,1,1,0
3781,2018-01-28,6cdd53843498f92890544667809f1595,0.0,0.0,1.0,0.0,0.0,0.42857142857142855,0.7867957924694432,0.0,6,1,1,0
3791,2018-01-29,6cdd53843498f92890544667809f1595,3.0,0.0,0.0,1.0,0.0,0.8571428571428571,1.2149857925879117,3.0,0,1,0,0
3801,2018-01-30,6cdd53843498f92890544667809f1595,1.0,3.0,0.0,0.0,2.0,0.7142857142857143,1.1126972805283737,-2.0,1,1,0,0
3811,2018-01-31,6cdd53843498f92890544667809f1595,0.0,1.0,3.0,0.0,0.0,0.7142857142857143,1.1126972805283737,-1.0,2,1,0,0
3821,2018-02-01,6cdd53843498f92890544667809f1595,1.0,0.0,1.0,3.0,0.0,0.8571428571428571,1.0690449676496976,1.0,3,2,0,0
3831,2018-02-02,6cdd53843498f92890544667809f1595,0.0,1.0,0.0,1.0,1.0,0.7142857142857143,1.1126972805283737,-1.0,4,2,0,0
3841,2018-02-03,6cdd53843498f92890544667809f1595,0.0,0.0,1.0,0.0,0.0,0.7142857142857143,1.1126972805283737,0.0,5,2,1,0
3851,2018-02-04,6cdd53843498f92890544667809f1595,1.0,0.0,0.0,1.0,0.0,0.8571428571428571,1.0690449676496976,1.0,6,2,1,0
3861,2018-02-05,6cdd53843498f92890544667809f1595,1.0,1.0,0.0,0.0,3.0,0.5714285714285714,0.5345224838248489,0.0,0,2,0,0
3871,2018-02-06,6cdd53843498f92890544667809f1595,0.0,1.0,1.0,0.0,1.0,0.42857142857142855,0.5345224838248489,-1.0,1,2,0,0
3881,2018-02-07,6cdd53843498f92890544667809f1595,1.0,0.0,1.0,1.0,0.0,0.5714285714285714,0.5345224838248489,1.0,2,2,0,0
3891,2018-02-08,6cdd53843498f92890544667809f1595,2.0,1.0,0.0,1.0,1.0,0.7142857142857143,0.7559289460184546,1.0,3,2,0,0
3901,2018-02-09,6cdd53843498f92890544667809f1595,1.0,2.0,1.0,0.0,0.0,0.8571428571428571,0.6900655593423544,-1.0,4,2,0,0
3911,2018-02-10,6cdd53843498f92890544667809f1595,0.0,1.0,2.0,1.0,0.0,0.8571428571428571,0.6900655593423544,-1.0,5,2,1,0
3921,2018-02-11,6cdd53843498f92890544667809f1595,0.0,0.0,1.0,2.0,1.0,0.7142857142857143,0.7559289460184546,0.0,6,2,1,0
3931,2018-02-12,6cdd53843498f92890544667809f1595,0.0,0.0,0.0,1.0,1.0,0.5714285714285714,0.7867957924694433,0.0,0,2,0,0
3941,2018-02-13,6cdd53843498f92890544667809f1595,0.0,0.0,0.0,0.0,0.0,0.5714285714285714,0.7867957924694433,0.0,1,2,0,0
3951,2018-02-14,6cdd53843498f92890544667809f1595,1.0,0.0,0.0,0.0,1.0,0.5714285714285714,0.7867957924694434,1.0,2,2,0,0
3961,2018-02-15,6cdd53843498f92890544667809f1595,0.0,1.0,0.0,0.0,2.0,0.2857142857142857,0.487950036474267,-1.0,3,2,0,0
3971,2018-02-16,6cdd53843498f92890544667809f1595,1.0,0.0,1.0,0.0,1.0,0.2857142857142857,0.487950036474267,1.0,4,2,0,0
3981,2018-02-17,6cdd53843498f92890544667809f1595,1.0,1.0,0.0,1.0,0.0,0.42857142857142855,0.5345224838248491,0.0,5,2,1,0
3991,2018-02-18,6cdd53843498f92890544667809f1595,0.0,1.0,1.0,0.0,0.0,0.42857142857142855,0.5345224838248491,-1.0,6,2,1,0
4001,2018-02-19,6cdd53843498f92890544667809f1595,0.0,0.0,1.0,1.0,0.0,0.42857142857142855,0.5345224838248491,0.0,0,2,0,0
4011,2018-02-20,6cdd53843498f92890544667809f1595,0.0,0.0,0.0,1.0,0.0,0.42857142857142855,0.5345224838248491,0.0,1,2,0,0
4021,2018-02-21,6cdd53843498f92890544667809f1595,0.0,0.0,0.0,0.0,1.0,0.2857142857142857,0.487950036474267,0.0,2,2,0,0
4031,2018-02-22,6cdd53843498f92890544667809f1595,1.0,0.0,0.0,0.0,0.0,0.42857142857142855,0.5345224838248491,1.0,3,2,0,0
4041,2018-02-23,6cdd53843498f92890544667809f1595,0.0,1.0,0.0,0.0,1.0,0.2857142857142857,0.487950036474267,-1.0,4,2,0,0
4051,2018-02-24,6cdd53843498f92890544667809f1595,0.0,0.0,1.0,0.0,1.0,0.14285714285714285,0.37796447300922786,0.0,5,2,1,0
4061,2018-02-25,6cdd53843498f92890544667809f1595,0.0,0.0,0.0,1.0,0.0,0.14285714285714285,0.37796447300922786,0.0,6,2,1,0
4071,2018-02-26,6cdd53843498f92890544667809f1595,3.0,0.0,0.0,0.0,0.0,0.5714285714285714,1.1338934190276817,3.0,0,2,0,0
4081,2018-02-27,6cdd53843498f92890544667809f1595,1.0,3.0,0.0,0.0,0.0,0.7142857142857143,1.1126972805283737,-2.0,1,2,0,0
4091,2018-02-28,6cdd53843498f92890544667809f1595,0.0,1.0,3.0,0.0,0.0,0.7142857142857143,1.1126972805283737,-1.0,2,2,0,0
4101,2018-03-01,6cdd53843498f92890544667809f1595,1.0,0.0,1.0,3.0,1.0,0.7142857142857143,1.1126972805283737,1.0,3,3,0,0
4111,2018-03-02,6cdd53843498f92890544667809f1595,0.0,1.0,0.0,1.0,0.0,0.7142857142857143,1.1126972805283737,-1.0,4,3,0,0
4121,2018-03-03,6cdd53843498f92890544667809f1595,1.0,0.0,1.0,0.0,0.0,0.8571428571428571,1.0690449676496976,1.0,5,3,1,0
4131,2018-03-04,6cdd53843498f92890544667809f1595,0.0,1.0,0.0,1.0,0.0,0.8571428571428571,1.0690449676496976,-1.0,6,3,1,0
4141,2018-03-05,6cdd53843498f92890544667809f1595,0.0,0.0,1.0,0.0,3.0,0.42857142857142855,0.5345224838248488,0.0,0,3,0,0
4151,2018-03-06,6cdd53843498f92890544667809f1595,0.0,0.0,0.0,1.0,1.0,0.2857142857142857,0.48795003647426666,0.0,1,3,0,0
4161,2018-03-07,6cdd53843498f92890544667809f1595,1.0,0.0,0.0,0.0,0.0,0.42857142857142855,0.5345224838248488,1.0,2,3,0,0
4171,2018-03-08,6cdd53843498f92890544667809f1595,1.0,1.0,0.0,0.0,1.0,0.42857142857142855,0.5345224838248488,0.0,3,3,0,0
4181,2018-03-09,6cdd53843498f92890544667809f1595,0.0,1.0,1.0,0.0,0.0,0.42857142857142855,0.5345224838248488,-1.0,4,3,0,0
4191,2018-03-10,6cdd53843498f92890544667809f1595,2.0,0.0,1.0,1.0,1.0,0.5714285714285714,0.7867957924694431,2.0,5,3,1,0
4201,2018-03-11,6cdd53843498f92890544667809f1595,0.0,2.0,0.0,1.0,0.0,0.5714285714285714,0.7867957924694431,-2.0,6,3,1,0
4211,2018-03-12,6cdd53843498f92890544667809f1595,1.0,0.0,2.0,0.0,0.0,0.7142857142857143,0.7559289460184544,1.0,0,3,0,0
4221,2018-03-13,6cdd53843498f92890544667809f1595,0.0,1.0,0.0,2.0,0.0,0.7142857142857143,0.7559289460184544,-1.0,1,3,0,0
4231,2018-03-14,6cdd53843498f92890544667809f1595,0.0,0.0,1.0,0.0,1.0,0.5714285714285714,0.7867957924694431,0.0,2,3,0,0
4241,2018-03-15,6cdd53843498f92890544667809f1595,1.0,0.0,0.0,1.0,1.0,0.5714285714285714,0.7867957924694431,1.0,3,3,0,0
4251,2018-03-16,6cdd53843498f92890544667809f1595,2.0,1.0,0.0,0.0,0.0,0.8571428571428571,0.8997354108424372,1.0,4,3,0,0
4261,2018-03-17,6cdd53843498f92890544667809f1595,0.0,2.0,1.0,0.0,2.0,0.5714285714285714,0.7867957924694432,-2.0,5,3,1,0
4271,2018-03-18,6cdd53843498f92890544667809f1595,1.0,0.0,2.0,1.0,0.0,0.7142857142857143,0.7559289460184544,1.0,6,3,1,0
4281,2018-03-19,6cdd53843498f92890544667809f1595,0.0,1.0,0.0,2.0,1.0,0.5714285714285714,0.7867957924694432,-1.0,0,3,0,0
4291,2018-03-20,6cdd53843498f92890544667809f1595,2.0,0.0,1.0,0.0,0.0,0.8571428571428571,0.8997354108424372,2.0,1,3,0,0
4301,2018-03-21,6cdd53843498f92890544667809f1595,0.0,2.0,0.0,1.0,0.0,0.8571428571428571,0.8997354108424372,-2.0,2,3,0,0
4311,2018-03-22,6cdd53843498f92890544667809f1595,1.0,0.0,2.0,0.0,1.0,0.8571428571428571,0.8997354108424372,1.0,3,3,0,0
4321,2018-03-23,6cdd53843498f92890544667809f1595,1.0,1.0,0.0,2.0,2.0,0.7142857142857143,0.7559289460184544,0.0,4,3,0,0
4331,2018-03-24,6cdd53843498f92890544667809f1595,0.0,1.0,1.0,0.0,0.0,0.7142857142857143,0.7559289460184544,-1.0,5,3,1,0
4341,2018-03-25,6cdd53843498f92890544667809f1595,1.0,0.0,1.0,1.0,1.0,0.7142857142857143,0.7559289460184544,1.0,6,3,1,0
4351,2018-03-26,6cdd53843498f92890544667809f1595,0.0,1.0,0.0,1.0,0.0,0.7142857142857143,0.7559289460184544,-1.0,0,3,0,0
4361,2018-03-27,6cdd53843498f92890544667809f1595,1.0,0.0,1.0,0.0,2.0,0.5714285714285714,0.5345224838248488,1.0,1,3,0,0
4371,2018-03-28,6cdd53843498f92890544667809f1595,0.0,1.0,0.0,1.0,0.0,0.5714285714285714,0.5345224838248488,-1.0,2,3,0,0
4381,2018-03-29,6cdd53843498f92890544667809f1595,0.0,0.0,1.0,0.0,1.0,0.42857142857142855,0.534522483824849,0.0,3,3,0,0
4391,2018-03-30,6cdd53843498f92890544667809f1595,0.0,0.0,0.0,1.0,1.0,0.2857142857142857,0.48795003647426705,0.0,4,3,0,0
4401,2018-03-31,6cdd53843498f92890544667809f1595,0.0,0.0,0.0,0.0,0.0,0.2857142857142857,0.48795003647426705,0.0,5,3,1,0
4411,2018-04-01,6cdd53843498f92890544667809f1595,0.0,0.0,0.0,0.0,1.0,0.14285714285714285,0.3779644730092281,0.0,6,4,1,0
4421,2018-04-02,6cdd53843498f92890544667809f1595,0.0,0.0,0.0,0.0,0.0,0.14285714285714285,0.3779644730092281,0.0,0,4,0,0
4431,2018-04-03,6cdd53843498f92890544667809f1595,0.0,0.0,0.0,0.0,1.0,0.0,0.0,0.0,1,4,0,0
4441,2018-04-04,6cdd53843498f92890544667809f1595,3.0,0.0,0.0,0.0,0.0,0.42857142857142855,1.1338934190276817,3.0,2,4,0,0
4451,2018-04-05,6cdd53843498f92890544667809f1595,0.0,3.0,0.0,0.0,0.0,0.42857142857142855,1.1338934190276817,-3.0,3,4,0,0
4461,2018-04-06,6cdd53843498f92890544667809f1595,0.0,0.0,3.0,0.0,0.0,0.42857142857142855,1.1338934190276817,0.0,4,4,0,0
4471,2018-04-07,6cdd53843498f92890544667809f1595,0.0,0.0,0.0,3.0,0.0,0.42857142857142855,1.1338934190276817,0.0,5,4,1,0
4481,2018-04-08,6cdd53843498f92890544667809f1595,0.0,0.0,0.0,0.0,0.0,0.42857142857142855,1.1338934190276817,0.0,6,4,1,0
4491,2018-04-09,6cdd53843498f92890544667809f1595,1.0,0.0,0.0,0.0,0.0,0.5714285714285714,1.1338934190276817,1.0,0,4,0,0
4501,2018-04-10,6cdd53843498f92890544667809f1595,1.0,1.0,0.0,0.0,0.0,0.7142857142857143,1.1126972805283737,0.0,1,4,0,0
4511,2018-04-11,6cdd53843498f92890544667809f1595,0.0,1.0,1.0,0.0,3.0,0.2857142857142857,0.4879500364742667,-1.0,2,4,0,0
4521,2018-04-12,6cdd53843498f92890544667809f1595,0.0,0.0,1.0,1.0,0.0,0.2857142857142857,0.4879500364742667,0.0,3,4,0,0
4531,2018-04-13,6cdd53843498f92890544667809f1595,0.0,0.0,0.0,1.0,0.0,0.2857142857142857,0.4879500364742667,0.0,4,4,0,0
4541,2018-04-14,6cdd53843498f92890544667809f1595,0.0,0.0,0.0,0.0,0.0,0.2857142857142857,0.4879500364742667,0.0,5,4,1,0
4551,2018-04-15,6cdd53843498f92890544667809f1595,0.0,0.0,0.0,0.0,0.0,0.2857142857142857,0.4879500364742667,0.0,6,4,1,0
4561,2018-04-16,6cdd53843498f92890544667809f1595,0.0,0.0,0.0,0.0,1.0,0.14285714285714285,0.3779644730092274,0.0,0,4,0,0
4571,2018-04-17,6cdd53843498f92890544667809f1595,0.0,0.0,0.0,0.0,1.0,0.0,0.0,0.0,1,4,0,0
4581,2018-04-18,6cdd53843498f92890544667809f1595,0.0,0.0,0.0,0.0,0.0,0.0,0.0,0.0,2,4,0,0
4591,2018-04-19,6cdd53843498f92890544667809f1595,0.0,0.0,0.0,0.0,0.0,0.0,0.0,0.0,3,4,0,0
4601,2018-04-20,6cdd53843498f92890544667809f1595,0.0,0.0,0.0,0.0,0.0,0.0,0.0,0.0,4,4,0,0
4611,2018-04-21,6cdd53843498f92890544667809f1595,0.0,0.0,0.0,0.0,0.0,0.0,0.0,0.0,5,4,1,0
4621,2018-04-22,6cdd53843498f92890544667809f1595,0.0,0.0,0.0,0.0,0.0,0.0,0.0,0.0,6,4,1,0
4631,2018-04-23,6cdd53843498f92890544667809f1595,0.0,0.0,0.0,0.0,0.0,0.0,0.0,0.0,0,4,0,0
4641,2018-04-24,6cdd53843498f92890544667809f1595,1.0,0.0,0.0,0.0,0.0,0.14285714285714285,0.37796447300922725,1.0,1,4,0,0
4651,2018-04-25,6cdd53843498f92890544667809f1595,1.0,1.0,0.0,0.0,0.0,0.2857142857142857,0.4879500364742666,0.0,2,4,0,0
4661,2018-04-26,6cdd53843498f92890544667809f1595,0.0,1.0,1.0,0.0,0.0,0.2857142857142857,0.48795003647426666,-1.0,3,4,0,0
4671,2018-04-27,6cdd53843498f92890544667809f1595,0.0,0.0,1.0,1.0,0.0,0.2857142857142857,0.48795003647426666,0.0,4,4,0,0
4681,2018-04-28,6cdd53843498f92890544667809f1595,0.0,0.0,0.0,1.0,0.0,0.2857142857142857,0.48795003647426666,0.0,5,4,1,0
4691,2018-04-29,6cdd53843498f92890544667809f1595,0.0,0.0,0.0,0.0,0.0,0.2857142857142857,0.48795003647426666,0.0,6,4,1,0
4701,2018-04-30,6cdd53843498f92890544667809f1595,0.0,0.0,0.0,0.0,0.0,0.2857142857142857,0.48795003647426666,0.0,0,4,0,0
4711,2018-05-01,6cdd53843498f92890544667809f1595,0.0,0.0,0.0,0.0,1.0,0.14285714285714285,0.3779644730092273,0.0,1,5,0,0
4721,2018-05-02,6cdd53843498f92890544667809f1595,0.0,0.0,0.0,0.0,1.0,0.0,0.0,0.0,2,5,0,0
4731,2018-05-03,6cdd53843498f92890544667809f1595,0.0,0.0,0.0,0.0,0.0,0.0,0.0,0.0,3,5,0,0
4741,2018-05-04,6cdd53843498f92890544667809f1595,0.0,0.0,0.0,0.0,0.0,0.0,0.0,0.0,4,5,0,0
4751,2018-05-05,6cdd53843498f92890544667809f1595,0.0,0.0,0.0,0.0,0.0,0.0,0.0,0.0,5,5,1,0
4761,2018-05-06,6cdd53843498f92890544667809f1595,0.0,0.0,0.0,0.0,0.0,0.0,0.0,0.0,6,5,1,0
4771,2018-05-07,6cdd53843498f92890544667809f1595,1.0,0.0,0.0,0.0,0.0,0.14285714285714285,0.37796447300922725,1.0,0,5,0,0
4781,2018-05-08,6cdd53843498f92890544667809f1595,1.0,1.0,0.0,0.0,0.0,0.2857142857142857,0.4879500364742666,0.0,1,5,0,0
4791,2018-05-09,6cdd53843498f92890544667809f1595,0.0,1.0,1.0,0.0,0.0,0.2857142857142857,0.48795003647426666,-1.0,2,5,0,0
4801,2018-05-10,6cdd53843498f92890544667809f1595,0.0,0.0,1.0,1.0,0.0,0.2857142857142857,0.48795003647426666,0.0,3,5,0,0
4811,2018-05-11,6cdd53843498f92890544667809f1595,3.0,0.0,0.0,1.0,0.0,0.7142857142857143,1.1126972805283737,3.0,4,5,0,0
4821,2018-05-12,6cdd53843498f92890544667809f1595,0.0,3.0,0.0,0.0,0.0,0.7142857142857143,1.1126972805283737,-3.0,5,5,1,0
4831,2018-05-13,6cdd53843498f92890544667809f1595,0.0,0.0,3.0,0.0,0.0,0.7142857142857143,1.1126972805283737,0.0,6,5,1,0
4841,2018-05-14,6cdd53843498f92890544667809f1595,0.0,0.0,0.0,3.0,1.0,0.5714285714285714,1.1338934190276817,0.0,0,5,0,0
4851,2018-05-15,6cdd53843498f92890544667809f1595,0.0,0.0,0.0,0.0,1.0,0.42857142857142855,1.1338934190276817,0.0,1,5,0,0
4861,2018-05-16,6cdd53843498f92890544667809f1595,1.0,0.0,0.0,0.0,0.0,0.5714285714285714,1.1338934190276817,1.0,2,5,0,0
4871,2018-05-17,6cdd53843498f92890544667809f1595,3.0,1.0,0.0,0.0,0.0,1.0,1.4142135623730951,2.0,3,5,0,0
4881,2018-05-18,6cdd53843498f92890544667809f1595,0.0,3.0,1.0,0.0,3.0,0.5714285714285714,1.1338934190276817,-3.0,4,5,0,0
4891,2018-05-19,6cdd53843498f92890544667809f1595,0.0,0.0,3.0,1.0,0.0,0.5714285714285714,1.1338934190276817,0.0,5,5,1,0
4901,2018-05-20,6cdd53843498f92890544667809f1595,0.0,0.0,0.0,3.0,0.0,0.5714285714285714,1.1338934190276817,0.0,6,5,1,0
4911,2018-05-21,6cdd53843498f92890544667809f1595,0.0,0.0,0.0,0.0,0.0,0.5714285714285714,1.1338934190276817,0.0,0,5,0,0
4921,2018-05-22,6cdd53843498f92890544667809f1595,0.0,0.0,0.0,0.0,0.0,0.5714285714285714,1.1338934190276817,0.0,1,5,0,0
4931,2018-05-23,6cdd53843498f92890544667809f1595,0.0,0.0,0.0,0.0,1.0,0.42857142857142855,1.1338934190276817,0.0,2,5,0,0
4941,2018-05-24,6cdd53843498f92890544667809f1595,0.0,0.0,0.0,0.0,3.0,0.0,0.0,0.0,3,5,0,0
4951,2018-05-25,6cdd53843498f92890544667809f1595,0.0,0.0,0.0,0.0,0.0,0.0,0.0,0.0,4,5,0,0
4961,2018-05-26,6cdd53843498f92890544667809f1595,1.0,0.0,0.0,0.0,0.0,0.14285714285714285,0.37796447300922725,1.0,5,5,1,0
4971,2018-05-27,6cdd53843498f92890544667809f1595,0.0,1.0,0.0,0.0,0.0,0.14285714285714285,0.37796447300922725,-1.0,6,5,1,0
4981,2018-05-28,6cdd53843498f92890544667809f1595,0.0,0.0,1.0,0.0,0.0,0.14285714285714285,0.37796447300922725,0.0,0,5,0,0
4991,2018-05-29,6cdd53843498f92890544667809f1595,0.0,0.0,0.0,1.0,0.0,0.14285714285714285,0.37796447300922725,0.0,1,5,0,0
5001,2018-05-30,6cdd53843498f92890544667809f1595,0.0,0.0,0.0,0.0,0.0,0.14285714285714285,0.37796447300922725,0.0,2,5,0,0
5011,2018-05-31,6cdd53843498f92890544667809f1595,0.0,0.0,0.0,0.0,0.0,0.14285714285714285,0.37796447300922725,0.0,3,5,0,0
5021,2018-06-01,6cdd53843498f92890544667809f1595,0.0,0.0,0.0,0.0,0.0,0.14285714285714285,0.37796447300922725,0.0,4,6,0,0
5031,2018-06-02,6cdd53843498f92890544667809f1595,0.0,0.0,0.0,0.0,1.0,0.0,0.0,0.0,5,6,1,0
5041,2018-06-03,6cdd53843498f92890544667809f1595,0.0,0.0,0.0,0.0,0.0,0.0,0.0,0.0,6,6,1,0
5051,2018-06-04,6cdd53843498f92890544667809f1595,1.0,0.0,0.0,0.0,0.0,0.14285714285714285,0.37796447300922725,1.0,0,6,0,0
5061,2018-06-05,6cdd53843498f92890544667809f1595,0.0,1.0,0.0,0.0,0.0,0.14285714285714285,0.37796447300922725,-1.0,1,6,0,0
5071,2018-06-06,6cdd53843498f92890544667809f1595,1.0,0.0,1.0,0.0,0.0,0.2857142857142857,0.4879500364742666,1.0,2,6,0,0
5081,2018-06-07,6cdd53843498f92890544667809f1595,1.0,1.0,0.0,1.0,0.0,0.42857142857142855,0.5345224838248488,0.0,3,6,0,0
5091,2018-06-08,6cdd53843498f92890544667809f1595,1.0,1.0,1.0,0.0,0.0,0.5714285714285714,0.5345224838248488,0.0,4,6,0,0
5101,2018-06-09,6cdd53843498f92890544667809f1595,0.0,1.0,1.0,1.0,0.0,0.5714285714285714,0.5345224838248488,-1.0,5,6,1,0
5111,2018-06-10,6cdd53843498f92890544667809f1595,1.0,0.0,1.0,1.0,0.0,0.7142857142857143,0.48795003647426666,1.0,6,6,1,0
5121,2018-06-11,6cdd53843498f92890544667809f1595,0.0,1.0,0.0,1.0,1.0,0.5714285714285714,0.5345224838248489,-1.0,0,6,0,0
5131,2018-06-12,6cdd53843498f92890544667809f1595,0.0,0.0,1.0,0.0,0.0,0.5714285714285714,0.5345224838248489,0.0,1,6,0,0
5141,2018-06-13,6cdd53843498f92890544667809f1595,4.0,0.0,0.0,1.0,1.0,1.0,1.4142135623730951,4.0,2,6,0,0
5151,2018-06-14,6cdd53843498f92890544667809f1595,0.0,4.0,0.0,0.0,1.0,0.8571428571428571,1.4638501094227998,-4.0,3,6,0,0
5161,2018-06-15,6cdd53843498f92890544667809f1595,0.0,0.0,4.0,0.0,1.0,0.7142857142857143,1.4960264830861913,0.0,4,6,0,0
5171,2018-06-16,6cdd53843498f92890544667809f1595,0.0,0.0,0.0,4.0,0.0,0.7142857142857143,1.4960264830861913,0.0,5,6,1,0
5181,2018-06-17,6cdd53843498f92890544667809f1595,0.0,0.0,0.0,0.0,1.0,0.5714285714285714,1.511857892036909,0.0,6,6,1,0
5191,2018-06-18,6cdd53843498f92890544667809f1595,0.0,0.0,0.0,0.0,0.0,0.5714285714285714,1.511857892036909,0.0,0,6,0,0
5201,2018-06-19,6cdd53843498f92890544667809f1595,1.0,0.0,0.0,0.0,0.0,0.7142857142857143,1.4960264830861913,1.0,1,6,0,0
5211,2018-06-20,6cdd53843498f92890544667809f1595,0.0,1.0,0.0,0.0,4.0,0.14285714285714285,0.37796447300922775,-1.0,2,6,0,0
5221,2018-06-21,6cdd53843498f92890544667809f1595,0.0,0.0,1.0,0.0,0.0,0.14285714285714285,0.37796447300922775,0.0,3,6,0,0
5231,2018-06-22,6cdd53843498f92890544667809f1595,0.0,0.0,0.0,1.0,0.0,0.14285714285714285,0.37796447300922775,0.0,4,6,0,0
5241,2018-06-23,6cdd53843498f92890544667809f1595,1.0,0.0,0.0,0.0,0.0,0.2857142857142857,0.487950036474267,1.0,5,6,1,0
5251,2018-06-24,6cdd53843498f92890544667809f1595,0.0,1.0,0.0,0.0,0.0,0.2857142857142857,0.487950036474267,-1.0,6,6,1,0
5261,2018-06-25,6cdd53843498f92890544667809f1595,0.0,0.0,1.0,0.0,0.0,0.2857142857142857,0.487950036474267,0.0,0,6,0,0
5271,2018-06-26,6cdd53843498f92890544667809f1595,0.0,0.0,0.0,1.0,1.0,0.14285714285714285,0.37796447300922775,0.0,1,6,0,0
5281,2018-06-27,6cdd53843498f92890544667809f1595,0.0,0.0,0.0,0.0,0.0,0.14285714285714285,0.37796447300922775,0.0,2,6,0,0
5291,2018-06-28,6cdd53843498f92890544667809f1595,0.0,0.0,0.0,0.0,0.0,0.14285714285714285,0.37796447300922775,0.0,3,6,0,0
5301,2018-06-29,6cdd53843498f92890544667809f1595,0.0,0.0,0.0,0.0,0.0,0.14285714285714285,0.37796447300922775,0.0,4,6,0,0
5311,2018-06-30,6cdd53843498f92890544667809f1595,0.0,0.0,0.0,0.0,1.0,0.0,0.0,0.0,5,6,1,0
5321,2018-07-01,6cdd53843498f92890544667809f1595,0.0,0.0,0.0,0.0,0.0,0.0,0.0,0.0,6,7,1,0
5331,2018-07-02,6cdd53843498f92890544667809f1595,0.0,0.0,0.0,0.0,0.0,0.0,0.0,0.0,0,7,0,0
5341,2018-07-03,6cdd53843498f92890544667809f1595,2.0,0.0,0.0,0.0,0.0,0.2857142857142857,0.7559289460184545,2.0,1,7,0,0
5351,2018-07-04,6cdd53843498f92890544667809f1595,0.0,2.0,0.0,0.0,0.0,0.2857142857142857,0.7559289460184545,-2.0,2,7,0,0
5361,2018-07-05,6cdd53843498f92890544667809f1595,0.0,0.0,2.0,0.0,0.0,0.2857142857142857,0.7559289460184545,0.0,3,7,0,0
5371,2018-07-06,6cdd53843498f92890544667809f1595,0.0,0.0,0.0,2.0,0.0,0.2857142857142857,0.7559289460184545,0.0,4,7,0,0
5381,2018-07-07,6cdd53843498f92890544667809f1595,0.0,0.0,0.0,0.0,0.0,0.2857142857142857,0.7559289460184545,0.0,5,7,1,0
5391,2018-07-08,6cdd53843498f92890544667809f1595,0.0,0.0,0.0,0.0,0.0,0.2857142857142857,0.7559289460184545,0.0,6,7,1,0
5401,2018-07-09,6cdd53843498f92890544667809f1595,0.0,0.0,0.0,0.0,0.0,0.2857142857142857,0.7559289460184545,0.0,0,7,0,0
5411,2018-07-10,6cdd53843498f92890544667809f1595,0.0,0.0,0.0,0.0,2.0,0.0,0.0,0.0,1,7,0,0
5421,2018-07-11,6cdd53843498f92890544667809f1595,0.0,0.0,0.0,0.0,0.0,0.0,0.0,0.0,2,7,0,0
5431,2018-07-12,6cdd53843498f92890544667809f1595,0.0,0.0,0.0,0.0,0.0,0.0,0.0,0.0,3,7,0,0
5441,2018-07-13,6cdd53843498f92890544667809f1595,2.0,0.0,0.0,0.0,0.0,0.2857142857142857,0.7559289460184545,2.0,4,7,0,0
5451,2018-07-14,6cdd53843498f92890544667809f1595,0.0,2.0,0.0,0.0,0.0,0.2857142857142857,0.7559289460184545,-2.0,5,7,1,0
5461,2018-07-15,6cdd53843498f92890544667809f1595,0.0,0.0,2.0,0.0,0.0,0.2857142857142857,0.7559289460184545,0.0,6,7,1,0
5471,2018-07-16,6cdd53843498f92890544667809f1595,1.0,0.0,0.0,2.0,0.0,0.42857142857142855,0.7867957924694432,1.0,0,7,0,0
5481,2018-07-17,6cdd53843498f92890544667809f1595,1.0,1.0,0.0,0.0,0.0,0.5714285714285714,0.7867957924694432,0.0,1,7,0,0
5491,2018-07-18,6cdd53843498f92890544667809f1595,0.0,1.0,1.0,0.0,0.0,0.5714285714285714,0.7867957924694432,-1.0,2,7,0,0
5501,2018-07-19,6cdd53843498f92890544667809f1595,2.0,0.0,1.0,1.0,0.0,0.8571428571428571,0.8997354108424375,2.0,3,7,0,0
5511,2018-07-20,6cdd53843498f92890544667809f1595,0.0,2.0,0.0,1.0,2.0,0.5714285714285714,0.7867957924694432,-2.0,4,7,0,0
5521,2018-07-21,6cdd53843498f92890544667809f1595,0.0,0.0,2.0,0.0,0.0,0.5714285714285714,0.7867957924694432,0.0,5,7,1,0
5531,2018-07-22,6cdd53843498f92890544667809f1595,0.0,0.0,0.0,2.0,0.0,0.5714285714285714,0.7867957924694432,0.0,6,7,1,0
5541,2018-07-23,6cdd53843498f92890544667809f1595,0.0,0.0,0.0,0.0,1.0,0.42857142857142855,0.7867957924694432,0.0,0,7,0,0
5551,2018-07-24,6cdd53843498f92890544667809f1595,3.0,0.0,0.0,0.0,1.0,0.7142857142857143,1.2535663410560176,3.0,1,7,0,0
5561,2018-07-25,6cdd53843498f92890544667809f1595,0.0,3.0,0.0,0.0,0.0,0.7142857142857143,1.2535663410560176,-3.0,2,7,0,0
5571,2018-07-26,6cdd53843498f92890544667809f1595,0.0,0.0,3.0,0.0,2.0,0.42857142857142855,1.133893419027682,0.0,3,7,0,0
5581,2018-07-27,6cdd53843498f92890544667809f1595,0.0,0.0,0.0,3.0,0.0,0.42857142857142855,1.133893419027682,0.0,4,7,0,0
5591,2018-07-28,6cdd53843498f92890544667809f1595,0.0,0.0,0.0,0.0,0.0,0.42857142857142855,1.133893419027682,0.0,5,7,1,0
5601,2018-07-29,6cdd53843498f92890544667809f1595,0.0,0.0,0.0,0.0,0.0,0.42857142857142855,1.133893419027682,0.0,6,7,1,0
5611,2018-07-30,6cdd53843498f92890544667809f1595,0.0,0.0,0.0,0.0,0.0,0.42857142857142855,1.133893419027682,0.0,0,7,0,0
5621,2018-07-31,6cdd53843498f92890544667809f1595,0.0,0.0,0.0,0.0,3.0,0.0,0.0,0.0,1,7,0,0
5631,2018-08-01,6cdd53843498f92890544667809f1595,0.0,0.0,0.0,0.0,0.0,0.0,0.0,0.0,2,8,0,0
5641,2018-08-02,6cdd53843498f92890544667809f1595,0.0,0.0,0.0,0.0,0.0,0.0,0.0,0.0,3,8,0,0
5651,2018-08-03,6cdd53843498f92890544667809f1595,0.0,0.0,0.0,0.0,0.0,0.0,0.0,0.0,4,8,0,0
5661,2018-08-04,6cdd53843498f92890544667809f1595,1.0,0.0,0.0,0.0,0.0,0.14285714285714285,0.37796447300922725,1.0,5,8,1,0
5671,2018-08-05,6cdd53843498f92890544667809f1595,1.0,1.0,0.0,0.0,0.0,0.2857142857142857,0.4879500364742666,0.0,6,8,1,0
5681,2018-08-06,6cdd53843498f92890544667809f1595,0.0,1.0,1.0,0.0,0.0,0.2857142857142857,0.48795003647426666,-1.0,0,8,0,0
5691,2018-08-07,6cdd53843498f92890544667809f1595,0.0,0.0,1.0,1.0,0.0,0.2857142857142857,0.48795003647426666,0.0,1,8,0,0
5701,2018-08-08,6cdd53843498f92890544667809f1595,0.0,0.0,0.0,1.0,0.0,0.2857142857142857,0.48795003647426666,0.0,2,8,0,0
5711,2018-08-09,6cdd53843498f92890544667809f1595,0.0,0.0,0.0,0.0,0.0,0.2857142857142857,0.48795003647426666,0.0,3,8,0,0
5721,2018-08-10,6cdd53843498f92890544667809f1595,0.0,0.0,0.0,0.0,0.0,0.2857142857142857,0.48795003647426666,0.0,4,8,0,0
5731,2018-08-11,6cdd53843498f92890544667809f1595,0.0,0.0,0.0,0.0,1.0,0.14285714285714285,0.3779644730092273,0.0,5,8,1,0
5741,2018-08-12,6cdd53843498f92890544667809f1595,1.0,0.0,0.0,0.0,1.0,0.14285714285714285,0.37796447300922725,1.0,6,8,1,0
5751,2018-08-13,6cdd53843498f92890544667809f1595,1.0,1.0,0.0,0.0,0.0,0.2857142857142857,0.4879500364742666,0.0,0,8,0,0
5761,2018-08-14,6cdd53843498f92890544667809f1595,1.0,1.0,1.0,0.0,0.0,0.42857142857142855,0.5345224838248488,0.0,1,8,0,0
5771,2018-08-15,6cdd53843498f92890544667809f1595,0.0,1.0,1.0,1.0,0.0,0.42857142857142855,0.5345224838248488,-1.0,2,8,0,0
5781,2018-08-16,6cdd53843498f92890544667809f1595,1.0,0.0,1.0,1.0,0.0,0.5714285714285714,0.5345224838248488,1.0,3,8,0,0
5791,2018-08-17,6cdd53843498f92890544667809f1595,1.0,1.0,0.0,1.0,0.0,0.7142857142857143,0.48795003647426666,0.0,4,8,0,0
5801,2018-08-18,6cdd53843498f92890544667809f1595,0.0,1.0,1.0,0.0,0.0,0.7142857142857143,0.48795003647426666,-1.0,5,8,1,0
5811,2018-08-19,6cdd53843498f92890544667809f1595,0.0,0.0,1.0,1.0,1.0,0.5714285714285714,0.5345224838248489,0.0,6,8,1,0
5821,2018-08-20,6cdd53843498f92890544667809f1595,0.0,0.0,0.0,1.0,1.0,0.42857142857142855,0.5345224838248489,0.0,0,8,0,0
5831,2018-08-21,6cdd53843498f92890544667809f1595,2.0,0.0,0.0,0.0,1.0,0.5714285714285714,0.7867957924694432,2.0,1,8,0,0
5841,2018-08-22,6cdd53843498f92890544667809f1595,0.0,2.0,0.0,0.0,0.0,0.5714285714285714,0.7867957924694432,-2.0,2,8,0,0
5851,2018-08-23,6cdd53843498f92890544667809f1595,0.0,0.0,2.0,0.0,1.0,0.42857142857142855,0.7867957924694432,0.0,3,8,0,0
5861,2018-08-24,6cdd53843498f92890544667809f1595,0.0,0.0,0.0,2.0,1.0,0.2857142857142857,0.7559289460184546,0.0,4,8,0,0
5871,2018-08-25,6cdd53843498f92890544667809f1595,0.0,0.0,0.0,0.0,0.0,0.2857142857142857,0.7559289460184546,0.0,5,8,1,0
5881,2018-08-26,6cdd53843498f92890544667809f1595,0.0,0.0,0.0,0.0,0.0,0.2857142857142857,0.7559289460184546,0.0,6,8,1,0
74,2017-01-22,99a4788cb24856965c36a24e339b6058,0.0,0.0,0.0,0.0,0.0,0.0,0.0,0.0,6,1,1,0
84,2017-01-23,99a4788cb24856965c36a24e339b6058,0.0,0.0,0.0,0.0,0.0,0.0,0.0,0.0,0,1,0,0
94,2017-01-24,99a4788cb24856965c36a24e339b6058,0.0,0.0,0.0,0.0,0.0,0.0,0.0,0.0,1,1,0,0
104,2017-01-25,99a4788cb24856965c36a24e339b6058,0.0,0.0,0.0,0.0,0.0,0.0,0.0,0.0,2,1,0,0
114,2017-01-26,99a4788cb24856965c36a24e339b6058,0.0,0.0,0.0,0.0,0.0,0.0,0.0,0.0,3,1,0,0
124,2017-01-27,99a4788cb24856965c36a24e339b6058,0.0,0.0,0.0,0.0,0.0,0.0,0.0,0.0,4,1,0,0
134,2017-01-28,99a4788cb24856965c36a24e339b6058,0.0,0.0,0.0,0.0,0.0,0.0,0.0,0.0,5,1,1,0
144,2017-01-29,99a4788cb24856965c36a24e339b6058,0.0,0.0,0.0,0.0,0.0,0.0,0.0,0.0,6,1,1,0
154,2017-01-30,99a4788cb24856965c36a24e339b6058,0.0,0.0,0.0,0.0,0.0,0.0,0.0,0.0,0,1,0,0
164,2017-01-31,99a4788cb24856965c36a24e339b6058,0.0,0.0,0.0,0.0,0.0,0.0,0.0,0.0,1,1,0,0
174,2017-02-01,99a4788cb24856965c36a24e339b6058,0.0,0.0,0.0,0.0,0.0,0.0,0.0,0.0,2,2,0,0
184,2017-02-02,99a4788cb24856965c36a24e339b6058,0.0,0.0,0.0,0.0,0.0,0.0,0.0,0.0,3,2,0,0
194,2017-02-03,99a4788cb24856965c36a24e339b6058,0.0,0.0,0.0,0.0,0.0,0.0,0.0,0.0,4,2,0,0
204,2017-02-04,99a4788cb24856965c36a24e339b6058,0.0,0.0,0.0,0.0,0.0,0.0,0.0,0.0,5,2,1,0
214,2017-02-05,99a4788cb24856965c36a24e339b6058,0.0,0.0,0.0,0.0,0.0,0.0,0.0,0.0,6,2,1,0
224,2017-02-06,99a4788cb24856965c36a24e339b6058,0.0,0.0,0.0,0.0,0.0,0.0,0.0,0.0,0,2,0,0
234,2017-02-07,99a4788cb24856965c36a24e339b6058,0.0,0.0,0.0,0.0,0.0,0.0,0.0,0.0,1,2,0,0
244,2017-02-08,99a4788cb24856965c36a24e339b6058,0.0,0.0,0.0,0.0,0.0,0.0,0.0,0.0,2,2,0,0
254,2017-02-09,99a4788cb24856965c36a24e339b6058,0.0,0.0,0.0,0.0,0.0,0.0,0.0,0.0,3,2,0,0
264,2017-02-10,99a4788cb24856965c36a24e339b6058,0.0,0.0,0.0,0.0,0.0,0.0,0.0,0.0,4,2,0,0
274,2017-02-11,99a4788cb24856965c36a24e339b6058,0.0,0.0,0.0,0.0,0.0,0.0,0.0,0.0,5,2,1,0
284,2017-02-12,99a4788cb24856965c36a24e339b6058,0.0,0.0,0.0,0.0,0.0,0.0,0.0,0.0,6,2,1,0
294,2017-02-13,99a4788cb24856965c36a24e339b6058,0.0,0.0,0.0,0.0,0.0,0.0,0.0,0.0,0,2,0,0
304,2017-02-14,99a4788cb24856965c36a24e339b6058,0.0,0.0,0.0,0.0,0.0,0.0,0.0,0.0,1,2,0,0
314,2017-02-15,99a4788cb24856965c36a24e339b6058,0.0,0.0,0.0,0.0,0.0,0.0,0.0,0.0,2,2,0,0
324,2017-02-16,99a4788cb24856965c36a24e339b6058,0.0,0.0,0.0,0.0,0.0,0.0,0.0,0.0,3,2,0,0
334,2017-02-17,99a4788cb24856965c36a24e339b6058,0.0,0.0,0.0,0.0,0.0,0.0,0.0,0.0,4,2,0,0
344,2017-02-18,99a4788cb24856965c36a24e339b6058,0.0,0.0,0.0,0.0,0.0,0.0,0.0,0.0,5,2,1,0
354,2017-02-19,99a4788cb24856965c36a24e339b6058,0.0,0.0,0.0,0.0,0.0,0.0,0.0,0.0,6,2,1,0
364,2017-02-20,99a4788cb24856965c36a24e339b6058,0.0,0.0,0.0,0.0,0.0,0.0,0.0,0.0,0,2,0,0
374,2017-02-21,99a4788cb24856965c36a24e339b6058,0.0,0.0,0.0,0.0,0.0,0.0,0.0,0.0,1,2,0,0
384,2017-02-22,99a4788cb24856965c36a24e339b6058,0.0,0.0,0.0,0.0,0.0,0.0,0.0,0.0,2,2,0,0
394,2017-02-23,99a4788cb24856965c36a24e339b6058,0.0,0.0,0.0,0.0,0.0,0.0,0.0,0.0,3,2,0,0
404,2017-02-24,99a4788cb24856965c36a24e339b6058,0.0,0.0,0.0,0.0,0.0,0.0,0.0,0.0,4,2,0,0
414,2017-02-25,99a4788cb24856965c36a24e339b6058,0.0,0.0,0.0,0.0,0.0,0.0,0.0,0.0,5,2,1,0
424,2017-02-26,99a4788cb24856965c36a24e339b6058,0.0,0.0,0.0,0.0,0.0,0.0,0.0,0.0,6,2,1,0
434,2017-02-27,99a4788cb24856965c36a24e339b6058,0.0,0.0,0.0,0.0,0.0,0.0,0.0,0.0,0,2,0,0
444,2017-02-28,99a4788cb24856965c36a24e339b6058,2.0,0.0,0.0,0.0,0.0,0.2857142857142857,0.7559289460184545,2.0,1,2,0,0
454,2017-03-01,99a4788cb24856965c36a24e339b6058,1.0,2.0,0.0,0.0,0.0,0.42857142857142855,0.7867957924694432,-1.0,2,3,0,0
464,2017-03-02,99a4788cb24856965c36a24e339b6058,1.0,1.0,2.0,0.0,0.0,0.5714285714285714,0.7867957924694432,0.0,3,3,0,0
474,2017-03-03,99a4788cb24856965c36a24e339b6058,0.0,1.0,1.0,2.0,0.0,0.5714285714285714,0.7867957924694432,-1.0,4,3,0,0
484,2017-03-04,99a4788cb24856965c36a24e339b6058,1.0,0.0,1.0,1.0,0.0,0.7142857142857143,0.7559289460184545,1.0,5,3,1,0
494,2017-03-05,99a4788cb24856965c36a24e339b6058,2.0,1.0,0.0,1.0,0.0,1.0,0.816496580927726,1.0,6,3,1,0
504,2017-03-06,99a4788cb24856965c36a24e339b6058,2.0,2.0,1.0,0.0,0.0,1.2857142857142858,0.7559289460184544,0.0,0,3,0,0
514,2017-03-07,99a4788cb24856965c36a24e339b6058,0.0,2.0,2.0,1.0,2.0,1.0,0.816496580927726,-2.0,1,3,0,0
524,2017-03-08,99a4788cb24856965c36a24e339b6058,1.0,0.0,2.0,2.0,1.0,1.0,0.816496580927726,1.0,2,3,0,0
534,2017-03-09,99a4788cb24856965c36a24e339b6058,1.0,1.0,0.0,2.0,1.0,1.0,0.816496580927726,0.0,3,3,0,0
544,2017-03-10,99a4788cb24856965c36a24e339b6058,0.0,1.0,1.0,0.0,0.0,1.0,0.816496580927726,-1.0,4,3,0,0
554,2017-03-11,99a4788cb24856965c36a24e339b6058,1.0,0.0,1.0,1.0,1.0,1.0,0.816496580927726,1.0,5,3,1,0
564,2017-03-12,99a4788cb24856965c36a24e339b6058,0.0,1.0,0.0,1.0,2.0,0.7142857142857143,0.7559289460184545,-1.0,6,3,1,0
574,2017-03-13,99a4788cb24856965c36a24e339b6058,2.0,0.0,1.0,0.0,2.0,0.7142857142857143,0.7559289460184545,2.0,0,3,0,0
584,2017-03-14,99a4788cb24856965c36a24e339b6058,0.0,2.0,0.0,1.0,0.0,0.7142857142857143,0.7559289460184545,-2.0,1,3,0,0
594,2017-03-15,99a4788cb24856965c36a24e339b6058,0.0,0.0,2.0,0.0,1.0,0.5714285714285714,0.7867957924694432,0.0,2,3,0,0
604,2017-03-16,99a4788cb24856965c36a24e339b6058,2.0,0.0,0.0,2.0,1.0,0.7142857142857143,0.9511897312113419,2.0,3,3,0,0
614,2017-03-17,99a4788cb24856965c36a24e339b6058,0.0,2.0,0.0,0.0,0.0,0.7142857142857143,0.9511897312113419,-2.0,4,3,0,0
624,2017-03-18,99a4788cb24856965c36a24e339b6058,0.0,0.0,2.0,0.0,1.0,0.5714285714285714,0.9759000729485333,0.0,5,3,1,0
634,2017-03-19,99a4788cb24856965c36a24e339b6058,0.0,0.0,0.0,2.0,0.0,0.5714285714285714,0.9759000729485333,0.0,6,3,1,0
644,2017-03-20,99a4788cb24856965c36a24e339b6058,2.0,0.0,0.0,0.0,2.0,0.5714285714285714,0.9759000729485333,2.0,0,3,0,0
654,2017-03-21,99a4788cb24856965c36a24e339b6058,0.0,2.0,0.0,0.0,0.0,0.5714285714285714,0.9759000729485333,-2.0,1,3,0,0
664,2017-03-22,99a4788cb24856965c36a24e339b6058,0.0,0.0,2.0,0.0,0.0,0.5714285714285714,0.9759000729485333,0.0,2,3,0,0
674,2017-03-23,99a4788cb24856965c36a24e339b6058,2.0,0.0,0.0,2.0,2.0,0.5714285714285714,0.9759000729485333,2.0,3,3,0,0
684,2017-03-24,99a4788cb24856965c36a24e339b6058,0.0,2.0,0.0,0.0,0.0,0.5714285714285714,0.9759000729485333,-2.0,4,3,0,0
694,2017-03-25,99a4788cb24856965c36a24e339b6058,0.0,0.0,2.0,0.0,0.0,0.5714285714285714,0.9759000729485333,0.0,5,3,1,0
704,2017-03-26,99a4788cb24856965c36a24e339b6058,0.0,0.0,0.0,2.0,0.0,0.5714285714285714,0.9759000729485333,0.0,6,3,1,0
714,2017-03-27,99a4788cb24856965c36a24e339b6058,2.0,0.0,0.0,0.0,2.0,0.5714285714285714,0.9759000729485333,2.0,0,3,0,0
724,2017-03-28,99a4788cb24856965c36a24e339b6058,0.0,2.0,0.0,0.0,0.0,0.5714285714285714,0.9759000729485333,-2.0,1,3,0,0
734,2017-03-29,99a4788cb24856965c36a24e339b6058,0.0,0.0,2.0,0.0,0.0,0.5714285714285714,0.9759000729485333,0.0,2,3,0,0
744,2017-03-30,99a4788cb24856965c36a24e339b6058,1.0,0.0,0.0,2.0,2.0,0.42857142857142855,0.7867957924694432,1.0,3,3,0,0
754,2017-03-31,99a4788cb24856965c36a24e339b6058,1.0,1.0,0.0,0.0,0.0,0.5714285714285714,0.7867957924694432,0.0,4,3,0,0
764,2017-04-01,99a4788cb24856965c36a24e339b6058,2.0,1.0,1.0,0.0,0.0,0.8571428571428571,0.8997354108424372,1.0,5,4,1,0
774,2017-04-02,99a4788cb24856965c36a24e339b6058,0.0,2.0,1.0,1.0,0.0,0.8571428571428571,0.8997354108424372,-2.0,6,4,1,0
784,2017-04-03,99a4788cb24856965c36a24e339b6058,1.0,0.0,2.0,1.0,2.0,0.7142857142857143,0.7559289460184545,1.0,0,4,0,0
794,2017-04-04,99a4788cb24856965c36a24e339b6058,2.0,1.0,0.0,2.0,0.0,1.0,0.8164965809277259,1.0,1,4,0,0
804,2017-04-05,99a4788cb24856965c36a24e339b6058,0.0,2.0,1.0,0.0,0.0,1.0,0.8164965809277259,-2.0,2,4,0,0
814,2017-04-06,99a4788cb24856965c36a24e339b6058,2.0,0.0,2.0,1.0,1.0,1.1428571428571428,0.8997354108424372,2.0,3,4,0,0
824,2017-04-07,99a4788cb24856965c36a24e339b6058,2.0,2.0,0.0,2.0,1.0,1.2857142857142858,0.9511897312113418,0.0,4,4,0,0
834,2017-04-08,99a4788cb24856965c36a24e339b6058,0.0,2.0,2.0,0.0,2.0,1.0,1.0,-2.0,5,4,1,0
844,2017-04-09,99a4788cb24856965c36a24e339b6058,0.0,0.0,2.0,2.0,0.0,1.0,1.0,0.0,6,4,1,0
854,2017-04-10,99a4788cb24856965c36a24e339b6058,0.0,0.0,0.0,2.0,1.0,0.8571428571428571,1.0690449676496978,0.0,0,4,0,0
864,2017-04-11,99a4788cb24856965c36a24e339b6058,1.0,0.0,0.0,0.0,2.0,0.7142857142857143,0.9511897312113423,1.0,1,4,0,0
874,2017-04-12,99a4788cb24856965c36a24e339b6058,1.0,1.0,0.0,0.0,0.0,0.8571428571428571,0.8997354108424377,0.0,2,4,0,0
884,2017-04-13,99a4788cb24856965c36a24e339b6058,0.0,1.0,1.0,0.0,2.0,0.5714285714285714,0.7867957924694438,-1.0,3,4,0,0
894,2017-04-14,99a4788cb24856965c36a24e339b6058,0.0,0.0,1.0,1.0,2.0,0.2857142857142857,0.4879500364742681,0.0,4,4,0,0
904,2017-04-15,99a4788cb24856965c36a24e339b6058,2.0,0.0,0.0,1.0,0.0,0.5714285714285714,0.7867957924694438,2.0,5,4,1,0
914,2017-04-16,99a4788cb24856965c36a24e339b6058,1.0,2.0,0.0,0.0,0.0,0.7142857142857143,0.755928946018455,-1.0,6,4,1,0
924,2017-04-17,99a4788cb24856965c36a24e339b6058,1.0,1.0,2.0,0.0,0.0,0.8571428571428571,0.6900655593423547,0.0,0,4,0,0
934,2017-04-18,99a4788cb24856965c36a24e339b6058,3.0,1.0,1.0,2.0,1.0,1.1428571428571428,1.0690449676496976,2.0,1,4,0,0
944,2017-04-19,99a4788cb24856965c36a24e339b6058,1.0,3.0,1.0,1.0,1.0,1.1428571428571428,1.0690449676496976,-2.0,2,4,0,0
954,2017-04-20,99a4788cb24856965c36a24e339b6058,3.0,1.0,3.0,1.0,0.0,1.5714285714285714,1.1338934190276813,2.0,3,4,0,0
964,2017-04-21,99a4788cb24856965c36a24e339b6058,1.0,3.0,1.0,3.0,0.0,1.7142857142857142,0.9511897312113413,-2.0,4,4,0,0
974,2017-04-22,99a4788cb24856965c36a24e339b6058,3.0,1.0,3.0,1.0,2.0,1.8571428571428572,1.069044967649697,2.0,5,4,1,0
984,2017-04-23,99a4788cb24856965c36a24e339b6058,1.0,3.0,1.0,3.0,1.0,1.8571428571428572,1.069044967649697,-2.0,6,4,1,0
994,2017-04-24,99a4788cb24856965c36a24e339b6058,3.0,1.0,3.0,1.0,1.0,2.142857142857143,1.0690449676496967,2.0,0,4,0,0
1004,2017-04-25,99a4788cb24856965c36a24e339b6058,1.0,3.0,1.0,3.0,3.0,1.8571428571428572,1.069044967649697,-2.0,1,4,0,0
1014,2017-04-26,99a4788cb24856965c36a24e339b6058,0.0,1.0,3.0,1.0,1.0,1.7142857142857142,1.2535663410560172,-1.0,2,4,0,0
1024,2017-04-27,99a4788cb24856965c36a24e339b6058,1.0,0.0,1.0,3.0,3.0,1.4285714285714286,1.1338934190276815,1.0,3,4,0,0
1034,2017-04-28,99a4788cb24856965c36a24e339b6058,1.0,1.0,0.0,1.0,1.0,1.4285714285714286,1.1338934190276815,0.0,4,4,0,0
1044,2017-04-29,99a4788cb24856965c36a24e339b6058,0.0,1.0,1.0,0.0,3.0,1.0,1.0,-1.0,5,4,1,0
1054,2017-04-30,99a4788cb24856965c36a24e339b6058,1.0,0.0,1.0,1.0,1.0,1.0,1.0,1.0,6,4,1,0
1064,2017-05-01,99a4788cb24856965c36a24e339b6058,3.0,1.0,0.0,1.0,3.0,1.0,1.0,2.0,0,5,0,0
1074,2017-05-02,99a4788cb24856965c36a24e339b6058,1.0,3.0,1.0,0.0,1.0,1.0,1.0,-2.0,1,5,0,0
1084,2017-05-03,99a4788cb24856965c36a24e339b6058,2.0,1.0,3.0,1.0,0.0,1.2857142857142858,0.9511897312113418,1.0,2,5,0,0
1094,2017-05-04,99a4788cb24856965c36a24e339b6058,2.0,2.0,1.0,3.0,1.0,1.4285714285714286,0.9759000729485331,0.0,3,5,0,0
1104,2017-05-05,99a4788cb24856965c36a24e339b6058,1.0,2.0,2.0,1.0,1.0,1.4285714285714286,0.9759000729485331,-1.0,4,5,0,0
1114,2017-05-06,99a4788cb24856965c36a24e339b6058,0.0,1.0,2.0,2.0,0.0,1.4285714285714286,0.9759000729485331,-1.0,5,5,1,0
1124,2017-05-07,99a4788cb24856965c36a24e339b6058,1.0,0.0,1.0,2.0,1.0,1.4285714285714286,0.9759000729485331,1.0,6,5,1,0
1134,2017-05-08,99a4788cb24856965c36a24e339b6058,3.0,1.0,0.0,1.0,3.0,1.4285714285714286,0.9759000729485331,2.0,0,5,0,0
1144,2017-05-09,99a4788cb24856965c36a24e339b6058,1.0,3.0,1.0,0.0,1.0,1.4285714285714286,0.9759000729485331,-2.0,1,5,0,0
1154,2017-05-10,99a4788cb24856965c36a24e339b6058,1.0,1.0,3.0,1.0,2.0,1.2857142857142858,0.9511897312113418,0.0,2,5,0,0
1164,2017-05-11,99a4788cb24856965c36a24e339b6058,1.0,1.0,1.0,3.0,2.0,1.1428571428571428,0.8997354108424375,0.0,3,5,0,0
1174,2017-05-12,99a4788cb24856965c36a24e339b6058,5.0,1.0,1.0,1.0,1.0,1.7142857142857142,1.704336206492693,4.0,4,5,0,0
1184,2017-05-13,99a4788cb24856965c36a24e339b6058,4.0,5.0,1.0,1.0,0.0,2.2857142857142856,1.704336206492693,-1.0,5,5,1,0
1194,2017-05-14,99a4788cb24856965c36a24e339b6058,2.0,4.0,5.0,1.0,1.0,2.4285714285714284,1.6183471874253736,-2.0,6,5,1,0
1204,2017-05-15,99a4788cb24856965c36a24e339b6058,2.0,2.0,4.0,5.0,3.0,2.2857142857142856,1.6035674514745457,0.0,0,5,0,0
1214,2017-05-16,99a4788cb24856965c36a24e339b6058,3.0,2.0,2.0,4.0,1.0,2.5714285714285716,1.5118578920369083,1.0,1,5,0,0
1224,2017-05-17,99a4788cb24856965c36a24e339b6058,2.0,3.0,2.0,2.0,1.0,2.7142857142857144,1.3801311186847076,-1.0,2,5,0,0
1234,2017-05-18,99a4788cb24856965c36a24e339b6058,0.0,2.0,3.0,2.0,1.0,2.5714285714285716,1.6183471874253736,-2.0,3,5,0,0
1244,2017-05-19,99a4788cb24856965c36a24e339b6058,2.0,0.0,2.0,3.0,5.0,2.142857142857143,1.214985792587911,2.0,4,5,0,0
1254,2017-05-20,99a4788cb24856965c36a24e339b6058,0.0,2.0,0.0,2.0,4.0,1.5714285714285714,1.133893419027681,-2.0,5,5,1,0
1264,2017-05-21,99a4788cb24856965c36a24e339b6058,3.0,0.0,2.0,0.0,2.0,1.7142857142857142,1.253566341056017,3.0,6,5,1,0
1274,2017-05-22,99a4788cb24856965c36a24e339b6058,2.0,3.0,0.0,2.0,2.0,1.7142857142857142,1.253566341056017,-1.0,0,5,0,0
1284,2017-05-23,99a4788cb24856965c36a24e339b6058,2.0,2.0,3.0,0.0,3.0,1.5714285714285714,1.133893419027681,0.0,1,5,0,0
1294,2017-05-24,99a4788cb24856965c36a24e339b6058,1.0,2.0,2.0,3.0,2.0,1.4285714285714286,1.133893419027681,-1.0,2,5,0,0
1304,2017-05-25,99a4788cb24856965c36a24e339b6058,0.0,1.0,2.0,2.0,0.0,1.4285714285714286,1.133893419027681,-1.0,3,5,0,0
1314,2017-05-26,99a4788cb24856965c36a24e339b6058,0.0,0.0,1.0,2.0,2.0,1.1428571428571428,1.2149857925879113,0.0,4,5,0,0
1324,2017-05-27,99a4788cb24856965c36a24e339b6058,3.0,0.0,0.0,1.0,0.0,1.5714285714285714,1.272418020560703,3.0,5,5,1,0
1334,2017-05-28,99a4788cb24856965c36a24e339b6058,5.0,3.0,0.0,0.0,3.0,1.8571428571428572,1.7728105208558362,2.0,6,5,1,0
1344,2017-05-29,99a4788cb24856965c36a24e339b6058,4.0,5.0,3.0,0.0,2.0,2.142857142857143,1.951800145897066,-1.0,0,5,0,0
1354,2017-05-30,99a4788cb24856965c36a24e339b6058,0.0,4.0,5.0,3.0,2.0,1.8571428571428572,2.115700942049815,-4.0,1,5,0,0
1364,2017-05-31,99a4788cb24856965c36a24e339b6058,2.0,0.0,4.0,5.0,1.0,2.0,2.081665999466132,2.0,2,5,0,0
1374,2017-06-01,99a4788cb24856965c36a24e339b6058,1.0,2.0,0.0,4.0,0.0,2.142857142857143,1.951800145897066,-1.0,3,6,0,0
1384,2017-06-02,99a4788cb24856965c36a24e339b6058,1.0,1.0,2.0,0.0,0.0,2.2857142857142856,1.799470821684874,0.0,4,6,0,0
1394,2017-06-03,99a4788cb24856965c36a24e339b6058,0.0,1.0,1.0,2.0,3.0,1.8571428571428572,1.951800145897066,-1.0,5,6,1,0
1404,2017-06-04,99a4788cb24856965c36a24e339b6058,0.0,0.0,1.0,1.0,5.0,1.1428571428571428,1.4638501094227994,0.0,6,6,1,0
1414,2017-06-05,99a4788cb24856965c36a24e339b6058,7.0,0.0,0.0,1.0,4.0,1.5714285714285714,2.5071326821120343,7.0,0,6,0,0
1424,2017-06-06,99a4788cb24856965c36a24e339b6058,2.0,7.0,0.0,0.0,0.0,1.8571428571428572,2.410295378065478,-5.0,1,6,0,0
1434,2017-06-07,99a4788cb24856965c36a24e339b6058,3.0,2.0,7.0,0.0,2.0,2.0,2.4494897427831774,1.0,2,6,0,0
1444,2017-06-08,99a4788cb24856965c36a24e339b6058,1.0,3.0,2.0,7.0,1.0,2.0,2.4494897427831774,-2.0,3,6,0,0
1454,2017-06-09,99a4788cb24856965c36a24e339b6058,2.0,1.0,3.0,2.0,1.0,2.142857142857143,2.410295378065478,1.0,4,6,0,0
1464,2017-06-10,99a4788cb24856965c36a24e339b6058,0.0,2.0,1.0,3.0,0.0,2.142857142857143,2.410295378065478,-2.0,5,6,1,0
1474,2017-06-11,99a4788cb24856965c36a24e339b6058,1.0,0.0,2.0,1.0,0.0,2.2857142857142856,2.288688541085316,1.0,6,6,1,0
1484,2017-06-12,99a4788cb24856965c36a24e339b6058,1.0,1.0,0.0,2.0,7.0,1.4285714285714286,0.9759000729485318,0.0,0,6,0,0
1494,2017-06-13,99a4788cb24856965c36a24e339b6058,0.0,1.0,1.0,0.0,2.0,1.1428571428571428,1.0690449676496965,-1.0,1,6,0,0
1504,2017-06-14,99a4788cb24856965c36a24e339b6058,3.0,0.0,1.0,1.0,3.0,1.1428571428571428,1.0690449676496965,3.0,2,6,0,0
1514,2017-06-15,99a4788cb24856965c36a24e339b6058,3.0,3.0,0.0,1.0,1.0,1.4285714285714286,1.2724180205607025,0.0,3,6,0,0
1524,2017-06-16,99a4788cb24856965c36a24e339b6058,0.0,3.0,3.0,0.0,2.0,1.1428571428571428,1.3451854182690977,-3.0,4,6,0,0
1534,2017-06-17,99a4788cb24856965c36a24e339b6058,2.0,0.0,3.0,3.0,0.0,1.4285714285714286,1.2724180205607025,2.0,5,6,1,0
1544,2017-06-18,99a4788cb24856965c36a24e339b6058,0.0,2.0,0.0,3.0,1.0,1.2857142857142858,1.3801311186847076,-2.0,6,6,1,0
1554,2017-06-19,99a4788cb24856965c36a24e339b6058,3.0,0.0,2.0,0.0,1.0,1.5714285714285714,1.511857892036908,3.0,0,6,0,0
1564,2017-06-20,99a4788cb24856965c36a24e339b6058,2.0,3.0,0.0,2.0,0.0,1.8571428571428572,1.3451854182690974,-1.0,1,6,0,0
1574,2017-06-21,99a4788cb24856965c36a24e339b6058,1.0,2.0,3.0,0.0,3.0,1.5714285714285714,1.2724180205607025,-1.0,2,6,0,0
1584,2017-06-22,99a4788cb24856965c36a24e339b6058,2.0,1.0,2.0,3.0,3.0,1.4285714285714286,1.1338934190276806,1.0,3,6,0,0
1594,2017-06-23,99a4788cb24856965c36a24e339b6058,2.0,2.0,1.0,2.0,0.0,1.7142857142857142,0.9511897312113403,0.0,4,6,0,0
1604,2017-06-24,99a4788cb24856965c36a24e339b6058,4.0,2.0,2.0,1.0,2.0,2.0,1.2909944487358045,2.0,5,6,1,0
1614,2017-06-25,99a4788cb24856965c36a24e339b6058,1.0,4.0,2.0,2.0,0.0,2.142857142857143,1.069044967649696,-3.0,6,6,1,0
1624,2017-06-26,99a4788cb24856965c36a24e339b6058,1.0,1.0,4.0,2.0,3.0,1.8571428571428572,1.0690449676496963,0.0,0,6,0,0
1634,2017-06-27,99a4788cb24856965c36a24e339b6058,0.0,1.0,1.0,4.0,2.0,1.5714285714285714,1.2724180205607025,-1.0,1,6,0,0
1644,2017-06-28,99a4788cb24856965c36a24e339b6058,2.0,0.0,1.0,1.0,1.0,1.7142857142857142,1.2535663410560163,2.0,2,6,0,0
1654,2017-06-29,99a4788cb24856965c36a24e339b6058,5.0,2.0,0.0,1.0,2.0,2.142857142857143,1.7728105208558358,3.0,3,6,0,0
1664,2017-06-30,99a4788cb24856965c36a24e339b6058,1.0,5.0,2.0,0.0,2.0,2.0,1.825741858350553,-4.0,4,6,0,0
1674,2017-07-01,99a4788cb24856965c36a24e339b6058,2.0,1.0,5.0,2.0,4.0,1.7142857142857142,1.6035674514745455,1.0,5,7,1,0
1684,2017-07-02,99a4788cb24856965c36a24e339b6058,1.0,2.0,1.0,5.0,1.0,1.7142857142857142,1.6035674514745455,-1.0,6,7,1,0
1694,2017-07-03,99a4788cb24856965c36a24e339b6058,4.0,1.0,2.0,1.0,1.0,2.142857142857143,1.7728105208558358,3.0,0,7,0,0
1704,2017-07-04,99a4788cb24856965c36a24e339b6058,0.0,4.0,1.0,2.0,0.0,2.142857142857143,1.7728105208558358,-4.0,1,7,0,0
1714,2017-07-05,99a4788cb24856965c36a24e339b6058,0.0,0.0,4.0,1.0,2.0,1.8571428571428572,1.9518001458970655,0.0,2,7,0,0
1724,2017-07-06,99a4788cb24856965c36a24e339b6058,3.0,0.0,0.0,4.0,5.0,1.5714285714285714,1.5118578920369081,3.0,3,7,0,0
1734,2017-07-07,99a4788cb24856965c36a24e339b6058,5.0,3.0,0.0,0.0,1.0,2.142857142857143,1.9518001458970655,2.0,4,7,0,0
1744,2017-07-08,99a4788cb24856965c36a24e339b6058,2.0,5.0,3.0,0.0,2.0,2.142857142857143,1.9518001458970655,-3.0,5,7,1,0
1754,2017-07-09,99a4788cb24856965c36a24e339b6058,3.0,2.0,5.0,3.0,1.0,2.4285714285714284,1.9023794624226829,1.0,6,7,1,0
1764,2017-07-10,99a4788cb24856965c36a24e339b6058,2.0,3.0,2.0,5.0,4.0,2.142857142857143,1.7728105208558358,-1.0,0,7,0,0
1774,2017-07-11,99a4788cb24856965c36a24e339b6058,2.0,2.0,3.0,2.0,0.0,2.4285714285714284,1.511857892036908,0.0,1,7,0,0
1784,2017-07-12,99a4788cb24856965c36a24e339b6058,2.0,2.0,2.0,3.0,0.0,2.7142857142857144,1.112697280528372,0.0,2,7,0,0
1794,2017-07-13,99a4788cb24856965c36a24e339b6058,4.0,2.0,2.0,2.0,3.0,2.857142857142857,1.2149857925879102,2.0,3,7,0,0
1804,2017-07-14,99a4788cb24856965c36a24e339b6058,4.0,4.0,2.0,2.0,5.0,2.7142857142857144,0.9511897312113398,0.0,4,7,0,0
1814,2017-07-15,99a4788cb24856965c36a24e339b6058,2.0,4.0,4.0,2.0,2.0,2.7142857142857144,0.9511897312113398,-2.0,5,7,1,0
1824,2017-07-16,99a4788cb24856965c36a24e339b6058,3.0,2.0,4.0,4.0,3.0,2.7142857142857144,0.9511897312113398,1.0,6,7,1,0
1834,2017-07-17,99a4788cb24856965c36a24e339b6058,3.0,3.0,2.0,4.0,2.0,2.857142857142857,0.899735410842435,0.0,0,7,0,0
1844,2017-07-18,99a4788cb24856965c36a24e339b6058,1.0,3.0,3.0,2.0,2.0,2.7142857142857144,1.112697280528372,-2.0,1,7,0,0
1854,2017-07-19,99a4788cb24856965c36a24e339b6058,0.0,1.0,3.0,3.0,2.0,2.4285714285714284,1.511857892036908,-1.0,2,7,0,0
1864,2017-07-20,99a4788cb24856965c36a24e339b6058,4.0,0.0,1.0,3.0,4.0,2.4285714285714284,1.511857892036908,4.0,3,7,0,0
1874,2017-07-21,99a4788cb24856965c36a24e339b6058,1.0,4.0,0.0,1.0,4.0,2.0,1.414213562373094,-3.0,4,7,0,0
1884,2017-07-22,99a4788cb24856965c36a24e339b6058,0.0,1.0,4.0,0.0,2.0,1.7142857142857142,1.6035674514745455,-1.0,5,7,1,0
1894,2017-07-23,99a4788cb24856965c36a24e339b6058,2.0,0.0,1.0,4.0,3.0,1.5714285714285714,1.5118578920369081,2.0,6,7,1,0
1904,2017-07-24,99a4788cb24856965c36a24e339b6058,0.0,2.0,0.0,1.0,3.0,1.1428571428571428,1.4638501094227991,-2.0,0,7,0,0
1914,2017-07-25,99a4788cb24856965c36a24e339b6058,2.0,0.0,2.0,0.0,1.0,1.2857142857142858,1.4960264830861905,2.0,1,7,0,0
1924,2017-07-26,99a4788cb24856965c36a24e339b6058,0.0,2.0,0.0,2.0,0.0,1.2857142857142858,1.4960264830861905,-2.0,2,7,0,0
1934,2017-07-27,99a4788cb24856965c36a24e339b6058,3.0,0.0,2.0,0.0,4.0,1.1428571428571428,1.214985792587911,3.0,3,7,0,0
1944,2017-07-28,99a4788cb24856965c36a24e339b6058,0.0,3.0,0.0,2.0,1.0,1.0,1.2909944487358052,-3.0,4,7,0,0
1954,2017-07-29,99a4788cb24856965c36a24e339b6058,3.0,0.0,3.0,0.0,0.0,1.4285714285714286,1.397276262011543,3.0,5,7,1,0
1964,2017-07-30,99a4788cb24856965c36a24e339b6058,1.0,3.0,0.0,3.0,2.0,1.2857142857142858,1.3801311186847078,-2.0,6,7,1,0
1974,2017-07-31,99a4788cb24856965c36a24e339b6058,1.0,1.0,3.0,0.0,0.0,1.4285714285714286,1.2724180205607027,0.0,0,7,0,0
1984,2017-08-01,99a4788cb24856965c36a24e339b6058,1.0,1.0,1.0,3.0,2.0,1.2857142857142858,1.2535663410560167,0.0,1,8,0,0
1994,2017-08-02,99a4788cb24856965c36a24e339b6058,1.0,1.0,1.0,1.0,0.0,1.4285714285714286,1.1338934190276808,0.0,2,8,0,0
2004,2017-08-03,99a4788cb24856965c36a24e339b6058,1.0,1.0,1.0,1.0,3.0,1.1428571428571428,0.8997354108424365,0.0,3,8,0,0
2014,2017-08-04,99a4788cb24856965c36a24e339b6058,3.0,1.0,1.0,1.0,0.0,1.5714285714285714,0.9759000729485321,2.0,4,8,0,0
2024,2017-08-05,99a4788cb24856965c36a24e339b6058,0.0,3.0,1.0,1.0,3.0,1.1428571428571428,0.8997354108424365,-3.0,5,8,1,0
2034,2017-08-06,99a4788cb24856965c36a24e339b6058,1.0,0.0,3.0,1.0,1.0,1.1428571428571428,0.8997354108424365,1.0,6,8,1,0
2044,2017-08-07,99a4788cb24856965c36a24e339b6058,0.0,1.0,0.0,3.0,1.0,1.0,0.9999999999999993,-1.0,0,8,0,0
2054,2017-08-08,99a4788cb24856965c36a24e339b6058,6.0,0.0,1.0,0.0,1.0,1.7142857142857142,2.1380899352993943,6.0,1,8,0,0
2064,2017-08-09,99a4788cb24856965c36a24e339b6058,0.0,6.0,0.0,1.0,1.0,1.5714285714285714,2.2253945610567465,-6.0,2,8,0,0
2074,2017-08-10,99a4788cb24856965c36a24e339b6058,1.0,0.0,6.0,0.0,1.0,1.5714285714285714,2.2253945610567465,1.0,3,8,0,0
2084,2017-08-11,99a4788cb24856965c36a24e339b6058,5.0,1.0,0.0,6.0,3.0,1.8571428571428572,2.5448360411214064,4.0,4,8,0,0
2094,2017-08-12,99a4788cb24856965c36a24e339b6058,0.0,5.0,1.0,0.0,0.0,1.8571428571428572,2.5448360411214064,-5.0,5,8,1,0
2104,2017-08-13,99a4788cb24856965c36a24e339b6058,1.0,0.0,5.0,1.0,1.0,1.8571428571428572,2.5448360411214064,1.0,6,8,1,0
2114,2017-08-14,99a4788cb24856965c36a24e339b6058,0.0,1.0,0.0,5.0,0.0,1.8571428571428572,2.5448360411214064,-1.0,0,8,0,0
2124,2017-08-15,99a4788cb24856965c36a24e339b6058,1.0,0.0,1.0,0.0,6.0,1.1428571428571428,1.772810520855836,1.0,1,8,0,0
2134,2017-08-16,99a4788cb24856965c36a24e339b6058,2.0,1.0,0.0,1.0,0.0,1.4285714285714286,1.7182493859684482,1.0,2,8,0,0
2144,2017-08-17,99a4788cb24856965c36a24e339b6058,0.0,2.0,1.0,0.0,1.0,1.2857142857142858,1.799470821684874,-2.0,3,8,0,0
2154,2017-08-18,99a4788cb24856965c36a24e339b6058,2.0,0.0,2.0,1.0,5.0,0.8571428571428571,0.8997354108424361,2.0,4,8,0,0
2164,2017-08-19,99a4788cb24856965c36a24e339b6058,5.0,2.0,0.0,2.0,0.0,1.5714285714285714,1.7182493859684482,3.0,5,8,1,0
2174,2017-08-20,99a4788cb24856965c36a24e339b6058,1.0,5.0,2.0,0.0,1.0,1.5714285714285714,1.7182493859684482,-4.0,6,8,1,0
2184,2017-08-21,99a4788cb24856965c36a24e339b6058,0.0,1.0,5.0,2.0,0.0,1.5714285714285714,1.7182493859684482,-1.0,0,8,0,0
2194,2017-08-22,99a4788cb24856965c36a24e339b6058,0.0,0.0,1.0,5.0,1.0,1.4285714285714286,1.8126539343499306,0.0,1,8,0,0
2204,2017-08-23,99a4788cb24856965c36a24e339b6058,2.0,0.0,0.0,1.0,2.0,1.4285714285714286,1.8126539343499306,2.0,2,8,0,0
2214,2017-08-24,99a4788cb24856965c36a24e339b6058,1.0,2.0,0.0,0.0,0.0,1.5714285714285714,1.7182493859684482,-1.0,3,8,0,0
2224,2017-08-25,99a4788cb24856965c36a24e339b6058,1.0,1.0,2.0,0.0,2.0,1.4285714285714286,1.7182493859684482,0.0,4,8,0,0
2234,2017-08-26,99a4788cb24856965c36a24e339b6058,1.0,1.0,1.0,2.0,5.0,0.8571428571428571,0.6900655593423526,0.0,5,8,1,0
2244,2017-08-27,99a4788cb24856965c36a24e339b6058,0.0,1.0,1.0,1.0,1.0,0.7142857142857143,0.7559289460184531,-1.0,6,8,1,0
2254,2017-08-28,99a4788cb24856965c36a24e339b6058,1.0,0.0,1.0,1.0,0.0,0.8571428571428571,0.6900655593423526,1.0,0,8,0,0
2264,2017-08-29,99a4788cb24856965c36a24e339b6058,0.0,1.0,0.0,1.0,0.0,0.8571428571428571,0.6900655593423526,-1.0,1,8,0,0
2274,2017-08-30,99a4788cb24856965c36a24e339b6058,0.0,0.0,1.0,0.0,2.0,0.5714285714285714,0.5345224838248469,0.0,2,8,0,0
2284,2017-08-31,99a4788cb24856965c36a24e339b6058,0.0,0.0,0.0,1.0,1.0,0.42857142857142855,0.5345224838248471,0.0,3,8,0,0
2294,2017-09-01,99a4788cb24856965c36a24e339b6058,1.0,0.0,0.0,0.0,1.0,0.42857142857142855,0.5345224838248471,1.0,4,9,0,0
2304,2017-09-02,99a4788cb24856965c36a24e339b6058,2.0,1.0,0.0,0.0,1.0,0.5714285714285714,0.786795792469442,1.0,5,9,1,0
2314,2017-09-03,99a4788cb24856965c36a24e339b6058,0.0,2.0,1.0,0.0,0.0,0.5714285714285714,0.786795792469442,-2.0,6,9,1,0
2324,2017-09-04,99a4788cb24856965c36a24e339b6058,0.0,0.0,2.0,1.0,1.0,0.42857142857142855,0.7867957924694421,0.0,0,9,0,0
2334,2017-09-05,99a4788cb24856965c36a24e339b6058,1.0,0.0,0.0,2.0,0.0,0.5714285714285714,0.786795792469442,1.0,1,9,0,0
2344,2017-09-06,99a4788cb24856965c36a24e339b6058,0.0,1.0,0.0,0.0,0.0,0.5714285714285714,0.786795792469442,-1.0,2,9,0,0
2354,2017-09-07,99a4788cb24856965c36a24e339b6058,0.0,0.0,1.0,0.0,0.0,0.5714285714285714,0.786795792469442,0.0,3,9,0,0
2364,2017-09-08,99a4788cb24856965c36a24e339b6058,0.0,0.0,0.0,1.0,1.0,0.42857142857142855,0.7867957924694421,0.0,4,9,0,0
2374,2017-09-09,99a4788cb24856965c36a24e339b6058,0.0,0.0,0.0,0.0,2.0,0.14285714285714285,0.3779644730092256,0.0,5,9,1,0
2384,2017-09-10,99a4788cb24856965c36a24e339b6058,0.0,0.0,0.0,0.0,0.0,0.14285714285714285,0.3779644730092256,0.0,6,9,1,0
2394,2017-09-11,99a4788cb24856965c36a24e339b6058,0.0,0.0,0.0,0.0,0.0,0.14285714285714285,0.3779644730092256,0.0,0,9,0,0
2404,2017-09-12,99a4788cb24856965c36a24e339b6058,2.0,0.0,0.0,0.0,1.0,0.2857142857142857,0.7559289460184545,2.0,1,9,0,0
2414,2017-09-13,99a4788cb24856965c36a24e339b6058,1.0,2.0,0.0,0.0,0.0,0.42857142857142855,0.7867957924694432,-1.0,2,9,0,0
2424,2017-09-14,99a4788cb24856965c36a24e339b6058,1.0,1.0,2.0,0.0,0.0,0.5714285714285714,0.7867957924694432,0.0,3,9,0,0
2434,2017-09-15,99a4788cb24856965c36a24e339b6058,0.0,1.0,1.0,2.0,0.0,0.5714285714285714,0.7867957924694432,-1.0,4,9,0,0
2444,2017-09-16,99a4788cb24856965c36a24e339b6058,3.0,0.0,1.0,1.0,0.0,1.0,1.1547005383792515,3.0,5,9,1,0
2454,2017-09-17,99a4788cb24856965c36a24e339b6058,2.0,3.0,0.0,1.0,0.0,1.2857142857142858,1.1126972805283735,-1.0,6,9,1,0
2464,2017-09-18,99a4788cb24856965c36a24e339b6058,2.0,2.0,3.0,0.0,0.0,1.5714285714285714,0.9759000729485331,0.0,0,9,0,0
2474,2017-09-19,99a4788cb24856965c36a24e339b6058,1.0,2.0,2.0,3.0,2.0,1.4285714285714286,0.9759000729485331,-1.0,1,9,0,0
2484,2017-09-20,99a4788cb24856965c36a24e339b6058,2.0,1.0,2.0,2.0,1.0,1.5714285714285714,0.9759000729485331,1.0,2,9,0,0
2494,2017-09-21,99a4788cb24856965c36a24e339b6058,0.0,2.0,1.0,2.0,1.0,1.4285714285714286,1.1338934190276817,-2.0,3,9,0,0
2504,2017-09-22,99a4788cb24856965c36a24e339b6058,2.0,0.0,2.0,1.0,0.0,1.7142857142857142,0.9511897312113418,2.0,4,9,0,0
2514,2017-09-23,99a4788cb24856965c36a24e339b6058,3.0,2.0,0.0,2.0,3.0,1.7142857142857142,0.9511897312113418,1.0,5,9,1,0
2524,2017-09-24,99a4788cb24856965c36a24e339b6058,0.0,3.0,2.0,0.0,2.0,1.4285714285714286,1.1338934190276817,-3.0,6,9,1,0
2534,2017-09-25,99a4788cb24856965c36a24e339b6058,0.0,0.0,3.0,2.0,2.0,1.1428571428571428,1.2149857925879117,0.0,0,9,0,0
2544,2017-09-26,99a4788cb24856965c36a24e339b6058,0.0,0.0,0.0,3.0,1.0,1.0,1.2909944487358054,0.0,1,9,0,0
2554,2017-09-27,99a4788cb24856965c36a24e339b6058,0.0,0.0,0.0,0.0,2.0,0.7142857142857143,1.2535663410560172,0.0,2,9,0,0
2564,2017-09-28,99a4788cb24856965c36a24e339b6058,0.0,0.0,0.0,0.0,0.0,0.7142857142857143,1.2535663410560172,0.0,3,9,0,0
2574,2017-09-29,99a4788cb24856965c36a24e339b6058,0.0,0.0,0.0,0.0,2.0,0.42857142857142855,1.1338934190276813,0.0,4,9,0,0
2584,2017-09-30,99a4788cb24856965c36a24e339b6058,0.0,0.0,0.0,0.0,3.0,0.0,0.0,0.0,5,9,1,0
2594,2017-10-01,99a4788cb24856965c36a24e339b6058,1.0,0.0,0.0,0.0,0.0,0.14285714285714285,0.37796447300922725,1.0,6,10,1,0
2604,2017-10-02,99a4788cb24856965c36a24e339b6058,0.0,1.0,0.0,0.0,0.0,0.14285714285714285,0.37796447300922725,-1.0,0,10,0,0
2614,2017-10-03,99a4788cb24856965c36a24e339b6058,1.0,0.0,1.0,0.0,0.0,0.2857142857142857,0.4879500364742666,1.0,1,10,0,0
2624,2017-10-04,99a4788cb24856965c36a24e339b6058,0.0,1.0,0.0,1.0,0.0,0.2857142857142857,0.48795003647426666,-1.0,2,10,0,0
2634,2017-10-05,99a4788cb24856965c36a24e339b6058,0.0,0.0,1.0,0.0,0.0,0.2857142857142857,0.48795003647426666,0.0,3,10,0,0
2644,2017-10-06,99a4788cb24856965c36a24e339b6058,0.0,0.0,0.0,1.0,0.0,0.2857142857142857,0.48795003647426666,0.0,4,10,0,0
2654,2017-10-07,99a4788cb24856965c36a24e339b6058,0.0,0.0,0.0,0.0,0.0,0.2857142857142857,0.48795003647426666,0.0,5,10,1,0
2664,2017-10-08,99a4788cb24856965c36a24e339b6058,0.0,0.0,0.0,0.0,1.0,0.14285714285714285,0.3779644730092273,0.0,6,10,1,0
2674,2017-10-09,99a4788cb24856965c36a24e339b6058,0.0,0.0,0.0,0.0,0.0,0.14285714285714285,0.3779644730092273,0.0,0,10,0,0
2684,2017-10-10,99a4788cb24856965c36a24e339b6058,0.0,0.0,0.0,0.0,1.0,0.0,0.0,0.0,1,10,0,0
2694,2017-10-11,99a4788cb24856965c36a24e339b6058,1.0,0.0,0.0,0.0,0.0,0.14285714285714285,0.37796447300922725,1.0,2,10,0,0
2704,2017-10-12,99a4788cb24856965c36a24e339b6058,0.0,1.0,0.0,0.0,0.0,0.14285714285714285,0.37796447300922725,-1.0,3,10,0,0
2714,2017-10-13,99a4788cb24856965c36a24e339b6058,0.0,0.0,1.0,0.0,0.0,0.14285714285714285,0.37796447300922725,0.0,4,10,0,0
2724,2017-10-14,99a4788cb24856965c36a24e339b6058,0.0,0.0,0.0,1.0,0.0,0.14285714285714285,0.37796447300922725,0.0,5,10,1,0
2734,2017-10-15,99a4788cb24856965c36a24e339b6058,2.0,0.0,0.0,0.0,0.0,0.42857142857142855,0.7867957924694432,2.0,6,10,1,0
2744,2017-10-16,99a4788cb24856965c36a24e339b6058,1.0,2.0,0.0,0.0,0.0,0.5714285714285714,0.7867957924694432,-1.0,0,10,0,0
2754,2017-10-17,99a4788cb24856965c36a24e339b6058,0.0,1.0,2.0,0.0,0.0,0.5714285714285714,0.7867957924694432,-1.0,1,10,0,0
2764,2017-10-18,99a4788cb24856965c36a24e339b6058,0.0,0.0,1.0,2.0,1.0,0.42857142857142855,0.7867957924694432,0.0,2,10,0,0
2774,2017-10-19,99a4788cb24856965c36a24e339b6058,2.0,0.0,0.0,1.0,0.0,0.7142857142857143,0.9511897312113419,2.0,3,10,0,0
2784,2017-10-20,99a4788cb24856965c36a24e339b6058,0.0,2.0,0.0,0.0,0.0,0.7142857142857143,0.9511897312113419,-2.0,4,10,0,0
2794,2017-10-21,99a4788cb24856965c36a24e339b6058,0.0,0.0,2.0,0.0,0.0,0.7142857142857143,0.9511897312113419,0.0,5,10,1,0
2804,2017-10-22,99a4788cb24856965c36a24e339b6058,1.0,0.0,0.0,2.0,2.0,0.5714285714285714,0.7867957924694432,1.0,6,10,1,0
2814,2017-10-23,99a4788cb24856965c36a24e339b6058,1.0,1.0,0.0,0.0,1.0,0.5714285714285714,0.7867957924694432,0.0,0,10,0,0
2824,2017-10-24,99a4788cb24856965c36a24e339b6058,1.0,1.0,1.0,0.0,0.0,0.7142857142857143,0.7559289460184545,0.0,1,10,0,0
2834,2017-10-25,99a4788cb24856965c36a24e339b6058,0.0,1.0,1.0,1.0,0.0,0.7142857142857143,0.7559289460184545,-1.0,2,10,0,0
2844,2017-10-26,99a4788cb24856965c36a24e339b6058,0.0,0.0,1.0,1.0,2.0,0.42857142857142855,0.5345224838248488,0.0,3,10,0,0
2854,2017-10-27,99a4788cb24856965c36a24e339b6058,1.0,0.0,0.0,1.0,0.0,0.5714285714285714,0.5345224838248488,1.0,4,10,0,0
2864,2017-10-28,99a4788cb24856965c36a24e339b6058,0.0,1.0,0.0,0.0,0.0,0.5714285714285714,0.5345224838248488,-1.0,5,10,1,0
2874,2017-10-29,99a4788cb24856965c36a24e339b6058,0.0,0.0,1.0,0.0,1.0,0.42857142857142855,0.5345224838248488,0.0,6,10,1,0
2884,2017-10-30,99a4788cb24856965c36a24e339b6058,1.0,0.0,0.0,1.0,1.0,0.42857142857142855,0.5345224838248488,1.0,0,10,0,0
2894,2017-10-31,99a4788cb24856965c36a24e339b6058,1.0,1.0,0.0,0.0,1.0,0.42857142857142855,0.5345224838248488,0.0,1,10,0,0
2904,2017-11-01,99a4788cb24856965c36a24e339b6058,5.0,1.0,1.0,0.0,0.0,1.1428571428571428,1.7728105208558367,4.0,2,11,0,1
2914,2017-11-02,99a4788cb24856965c36a24e339b6058,2.0,5.0,1.0,1.0,0.0,1.4285714285714286,1.7182493859684491,-3.0,3,11,0,1
2924,2017-11-03,99a4788cb24856965c36a24e339b6058,1.0,2.0,5.0,1.0,1.0,1.4285714285714286,1.7182493859684491,-1.0,4,11,0,1
2934,2017-11-04,99a4788cb24856965c36a24e339b6058,1.0,1.0,2.0,5.0,0.0,1.5714285714285714,1.618347187425374,0.0,5,11,1,1
2944,2017-11-05,99a4788cb24856965c36a24e339b6058,0.0,1.0,1.0,2.0,0.0,1.5714285714285714,1.618347187425374,-1.0,6,11,1,1
2954,2017-11-06,99a4788cb24856965c36a24e339b6058,0.0,0.0,1.0,1.0,1.0,1.4285714285714286,1.7182493859684491,0.0,0,11,0,1
2964,2017-11-07,99a4788cb24856965c36a24e339b6058,2.0,0.0,0.0,1.0,1.0,1.5714285714285714,1.7182493859684491,2.0,1,11,0,1
2974,2017-11-08,99a4788cb24856965c36a24e339b6058,0.0,2.0,0.0,0.0,5.0,0.8571428571428571,0.8997354108424372,-2.0,2,11,0,1
2984,2017-11-09,99a4788cb24856965c36a24e339b6058,1.0,0.0,2.0,0.0,2.0,0.7142857142857143,0.7559289460184544,1.0,3,11,0,1
2994,2017-11-10,99a4788cb24856965c36a24e339b6058,0.0,1.0,0.0,2.0,1.0,0.5714285714285714,0.786795792469443,-1.0,4,11,0,1
3004,2017-11-11,99a4788cb24856965c36a24e339b6058,1.0,0.0,1.0,0.0,1.0,0.5714285714285714,0.786795792469443,1.0,5,11,1,1
3014,2017-11-12,99a4788cb24856965c36a24e339b6058,0.0,1.0,0.0,1.0,0.0,0.5714285714285714,0.786795792469443,-1.0,6,11,1,1
3024,2017-11-13,99a4788cb24856965c36a24e339b6058,0.0,0.0,1.0,0.0,0.0,0.5714285714285714,0.786795792469443,0.0,0,11,0,1
3034,2017-11-14,99a4788cb24856965c36a24e339b6058,0.0,0.0,0.0,1.0,2.0,0.2857142857142857,0.4879500364742661,0.0,1,11,0,1
3044,2017-11-15,99a4788cb24856965c36a24e339b6058,0.0,0.0,0.0,0.0,0.0,0.2857142857142857,0.4879500364742661,0.0,2,11,0,1
3054,2017-11-16,99a4788cb24856965c36a24e339b6058,0.0,0.0,0.0,0.0,1.0,0.14285714285714285,0.3779644730092264,0.0,3,11,0,1
3064,2017-11-17,99a4788cb24856965c36a24e339b6058,0.0,0.0,0.0,0.0,0.0,0.14285714285714285,0.3779644730092264,0.0,4,11,0,1
3074,2017-11-18,99a4788cb24856965c36a24e339b6058,0.0,0.0,0.0,0.0,1.0,0.0,0.0,0.0,5,11,1,1
3084,2017-11-19,99a4788cb24856965c36a24e339b6058,2.0,0.0,0.0,0.0,0.0,0.2857142857142857,0.7559289460184545,2.0,6,11,1,1
3094,2017-11-20,99a4788cb24856965c36a24e339b6058,0.0,2.0,0.0,0.0,0.0,0.2857142857142857,0.7559289460184545,-2.0,0,11,0,1
3104,2017-11-21,99a4788cb24856965c36a24e339b6058,0.0,0.0,2.0,0.0,0.0,0.2857142857142857,0.7559289460184545,0.0,1,11,0,1
3114,2017-11-22,99a4788cb24856965c36a24e339b6058,1.0,0.0,0.0,2.0,0.0,0.42857142857142855,0.7867957924694432,1.0,2,11,0,1
3124,2017-11-23,99a4788cb24856965c36a24e339b6058,1.0,1.0,0.0,0.0,0.0,0.5714285714285714,0.7867957924694432,0.0,3,11,0,1
3134,2017-11-24,99a4788cb24856965c36a24e339b6058,12.0,1.0,1.0,0.0,0.0,2.2857142857142856,4.347960660443228,11.0,4,11,0,1
3144,2017-11-25,99a4788cb24856965c36a24e339b6058,0.0,12.0,1.0,1.0,0.0,2.2857142857142856,4.347960660443228,-12.0,5,11,1,1
3154,2017-11-26,99a4788cb24856965c36a24e339b6058,5.0,0.0,12.0,1.0,2.0,2.7142857142857144,4.46147530585589,5.0,6,11,1,1
3164,2017-11-27,99a4788cb24856965c36a24e339b6058,3.0,5.0,0.0,12.0,0.0,3.142857142857143,4.29839394148448,-2.0,0,11,0,1
3174,2017-11-28,99a4788cb24856965c36a24e339b6058,0.0,3.0,5.0,0.0,0.0,3.142857142857143,4.29839394148448,-3.0,1,11,0,1
3184,2017-11-29,99a4788cb24856965c36a24e339b6058,2.0,0.0,3.0,5.0,1.0,3.2857142857142856,4.231401884099631,2.0,2,11,0,1
3194,2017-11-30,99a4788cb24856965c36a24e339b6058,1.0,2.0,0.0,3.0,1.0,3.2857142857142856,4.231401884099631,-1.0,3,11,0,1
3204,2017-12-01,99a4788cb24856965c36a24e339b6058,1.0,1.0,2.0,0.0,12.0,1.7142857142857142,1.7994708216848745,0.0,4,12,0,0
3214,2017-12-02,99a4788cb24856965c36a24e339b6058,0.0,1.0,1.0,2.0,0.0,1.7142857142857142,1.7994708216848745,-1.0,5,12,1,0
3224,2017-12-03,99a4788cb24856965c36a24e339b6058,3.0,0.0,1.0,1.0,5.0,1.4285714285714286,1.272418020560703,3.0,6,12,1,0
3234,2017-12-04,99a4788cb24856965c36a24e339b6058,3.0,3.0,0.0,1.0,3.0,1.4285714285714286,1.272418020560703,0.0,0,12,0,0
3244,2017-12-05,99a4788cb24856965c36a24e339b6058,0.0,3.0,3.0,0.0,0.0,1.4285714285714286,1.272418020560703,-3.0,1,12,0,0
3254,2017-12-06,99a4788cb24856965c36a24e339b6058,3.0,0.0,3.0,3.0,2.0,1.5714285714285714,1.3972762620115435,3.0,2,12,0,0
3264,2017-12-07,99a4788cb24856965c36a24e339b6058,0.0,3.0,0.0,3.0,1.0,1.4285714285714286,1.5118578920369086,-3.0,3,12,0,0
3274,2017-12-08,99a4788cb24856965c36a24e339b6058,0.0,0.0,3.0,0.0,1.0,1.2857142857142858,1.603567451474546,0.0,4,12,0,0
3284,2017-12-09,99a4788cb24856965c36a24e339b6058,0.0,0.0,0.0,3.0,0.0,1.2857142857142858,1.603567451474546,0.0,5,12,1,0
3294,2017-12-10,99a4788cb24856965c36a24e339b6058,0.0,0.0,0.0,0.0,3.0,0.8571428571428571,1.4638501094227991,0.0,6,12,1,0
3304,2017-12-11,99a4788cb24856965c36a24e339b6058,1.0,0.0,0.0,0.0,3.0,0.5714285714285714,1.1338934190276808,1.0,0,12,0,0
3314,2017-12-12,99a4788cb24856965c36a24e339b6058,0.0,1.0,0.0,0.0,0.0,0.5714285714285714,1.1338934190276808,-1.0,1,12,0,0
3324,2017-12-13,99a4788cb24856965c36a24e339b6058,0.0,0.0,1.0,0.0,3.0,0.14285714285714285,0.3779644730092236,0.0,2,12,0,0
3334,2017-12-14,99a4788cb24856965c36a24e339b6058,0.0,0.0,0.0,1.0,0.0,0.14285714285714285,0.3779644730092236,0.0,3,12,0,0
3344,2017-12-15,99a4788cb24856965c36a24e339b6058,0.0,0.0,0.0,0.0,0.0,0.14285714285714285,0.3779644730092236,0.0,4,12,0,0
3354,2017-12-16,99a4788cb24856965c36a24e339b6058,0.0,0.0,0.0,0.0,0.0,0.14285714285714285,0.3779644730092236,0.0,5,12,1,0
3364,2017-12-17,99a4788cb24856965c36a24e339b6058,1.0,0.0,0.0,0.0,0.0,0.2857142857142857,0.487950036474264,1.0,6,12,1,0
3374,2017-12-18,99a4788cb24856965c36a24e339b6058,1.0,1.0,0.0,0.0,1.0,0.2857142857142857,0.487950036474264,0.0,0,12,0,0
3384,2017-12-19,99a4788cb24856965c36a24e339b6058,0.0,1.0,1.0,0.0,0.0,0.2857142857142857,0.487950036474264,-1.0,1,12,0,0
3394,2017-12-20,99a4788cb24856965c36a24e339b6058,1.0,0.0,1.0,1.0,0.0,0.42857142857142855,0.5345224838248466,1.0,2,12,0,0
3404,2017-12-21,99a4788cb24856965c36a24e339b6058,0.0,1.0,0.0,1.0,0.0,0.42857142857142855,0.5345224838248466,-1.0,3,12,0,0
3414,2017-12-22,99a4788cb24856965c36a24e339b6058,0.0,0.0,1.0,0.0,0.0,0.42857142857142855,0.5345224838248466,0.0,4,12,0,0
3424,2017-12-23,99a4788cb24856965c36a24e339b6058,0.0,0.0,0.0,1.0,0.0,0.42857142857142855,0.5345224838248466,0.0,5,12,1,0
3434,2017-12-24,99a4788cb24856965c36a24e339b6058,0.0,0.0,0.0,0.0,1.0,0.2857142857142857,0.487950036474264,0.0,6,12,1,0
3444,2017-12-25,99a4788cb24856965c36a24e339b6058,0.0,0.0,0.0,0.0,1.0,0.14285714285714285,0.37796447300922364,0.0,0,12,0,0
3454,2017-12-26,99a4788cb24856965c36a24e339b6058,1.0,0.0,0.0,0.0,0.0,0.2857142857142857,0.487950036474264,1.0,1,12,0,0
3464,2017-12-27,99a4788cb24856965c36a24e339b6058,1.0,1.0,0.0,0.0,1.0,0.2857142857142857,0.487950036474264,0.0,2,12,0,0
3474,2017-12-28,99a4788cb24856965c36a24e339b6058,0.0,1.0,1.0,0.0,0.0,0.2857142857142857,0.487950036474264,-1.0,3,12,0,0
3484,2017-12-29,99a4788cb24856965c36a24e339b6058,1.0,0.0,1.0,1.0,0.0,0.42857142857142855,0.5345224838248466,1.0,4,12,0,0
3494,2017-12-30,99a4788cb24856965c36a24e339b6058,0.0,1.0,0.0,1.0,0.0,0.42857142857142855,0.5345224838248466,-1.0,5,12,1,0
3504,2017-12-31,99a4788cb24856965c36a24e339b6058,1.0,0.0,1.0,0.0,0.0,0.5714285714285714,0.5345224838248467,1.0,6,12,1,0
3514,2018-01-01,99a4788cb24856965c36a24e339b6058,1.0,1.0,0.0,1.0,0.0,0.7142857142857143,0.48795003647426455,0.0,0,1,0,0
3524,2018-01-02,99a4788cb24856965c36a24e339b6058,0.0,1.0,1.0,0.0,1.0,0.5714285714285714,0.5345224838248467,-1.0,1,1,0,0
3534,2018-01-03,99a4788cb24856965c36a24e339b6058,1.0,0.0,1.0,1.0,1.0,0.5714285714285714,0.5345224838248467,1.0,2,1,0,0
3544,2018-01-04,99a4788cb24856965c36a24e339b6058,2.0,1.0,0.0,1.0,0.0,0.8571428571428571,0.690065559342353,1.0,3,1,0,0
3554,2018-01-05,99a4788cb24856965c36a24e339b6058,0.0,2.0,1.0,0.0,1.0,0.7142857142857143,0.7559289460184532,-2.0,4,1,0,0
3564,2018-01-06,99a4788cb24856965c36a24e339b6058,2.0,0.0,2.0,1.0,0.0,1.0,0.8164965809277251,2.0,5,1,1,0
3574,2018-01-07,99a4788cb24856965c36a24e339b6058,0.0,2.0,0.0,2.0,1.0,0.8571428571428571,0.8997354108424365,-2.0,6,1,1,0
3584,2018-01-08,99a4788cb24856965c36a24e339b6058,3.0,0.0,2.0,0.0,1.0,1.1428571428571428,1.2149857925879113,3.0,0,1,0,0
3594,2018-01-09,99a4788cb24856965c36a24e339b6058,0.0,3.0,0.0,2.0,0.0,1.1428571428571428,1.2149857925879113,-3.0,1,1,0,0
3604,2018-01-10,99a4788cb24856965c36a24e339b6058,0.0,0.0,3.0,0.0,1.0,1.0,1.2909944487358052,0.0,2,1,0,0
3614,2018-01-11,99a4788cb24856965c36a24e339b6058,1.0,0.0,0.0,3.0,2.0,0.8571428571428571,1.2149857925879113,1.0,3,1,0,0
3624,2018-01-12,99a4788cb24856965c36a24e339b6058,0.0,1.0,0.0,0.0,0.0,0.8571428571428571,1.2149857925879113,-1.0,4,1,0,0
3634,2018-01-13,99a4788cb24856965c36a24e339b6058,1.0,0.0,1.0,0.0,2.0,0.7142857142857143,1.1126972805283728,1.0,5,1,1,0
3644,2018-01-14,99a4788cb24856965c36a24e339b6058,0.0,1.0,0.0,1.0,0.0,0.7142857142857143,1.1126972805283728,-1.0,6,1,1,0
3654,2018-01-15,99a4788cb24856965c36a24e339b6058,0.0,0.0,1.0,0.0,3.0,0.2857142857142857,0.4879500364742642,0.0,0,1,0,0
3664,2018-01-16,99a4788cb24856965c36a24e339b6058,1.0,0.0,0.0,1.0,0.0,0.42857142857142855,0.5345224838248468,1.0,1,1,0,0
3674,2018-01-17,99a4788cb24856965c36a24e339b6058,1.0,1.0,0.0,0.0,0.0,0.5714285714285714,0.534522483824847,0.0,2,1,0,0
3684,2018-01-18,99a4788cb24856965c36a24e339b6058,0.0,1.0,1.0,0.0,1.0,0.42857142857142855,0.5345224838248467,-1.0,3,1,0,0
3694,2018-01-19,99a4788cb24856965c36a24e339b6058,0.0,0.0,1.0,1.0,0.0,0.42857142857142855,0.5345224838248467,0.0,4,1,0,0
3704,2018-01-20,99a4788cb24856965c36a24e339b6058,0.0,0.0,0.0,1.0,1.0,0.2857142857142857,0.4879500364742641,0.0,5,1,1,0
3714,2018-01-21,99a4788cb24856965c36a24e339b6058,0.0,0.0,0.0,0.0,0.0,0.2857142857142857,0.4879500364742641,0.0,6,1,1,0
3724,2018-01-22,99a4788cb24856965c36a24e339b6058,0.0,0.0,0.0,0.0,0.0,0.2857142857142857,0.4879500364742641,0.0,0,1,0,0
3734,2018-01-23,99a4788cb24856965c36a24e339b6058,0.0,0.0,0.0,0.0,1.0,0.14285714285714285,0.37796447300922364,0.0,1,1,0,0
3744,2018-01-24,99a4788cb24856965c36a24e339b6058,0.0,0.0,0.0,0.0,1.0,0.0,0.0,0.0,2,1,0,0
3754,2018-01-25,99a4788cb24856965c36a24e339b6058,1.0,0.0,0.0,0.0,0.0,0.14285714285714285,0.37796447300922725,1.0,3,1,0,0
3764,2018-01-26,99a4788cb24856965c36a24e339b6058,0.0,1.0,0.0,0.0,0.0,0.14285714285714285,0.37796447300922725,-1.0,4,1,0,0
3774,2018-01-27,99a4788cb24856965c36a24e339b6058,0.0,0.0,1.0,0.0,0.0,0.14285714285714285,0.37796447300922725,0.0,5,1,1,0
3784,2018-01-28,99a4788cb24856965c36a24e339b6058,0.0,0.0,0.0,1.0,0.0,0.14285714285714285,0.37796447300922725,0.0,6,1,1,0
3794,2018-01-29,99a4788cb24856965c36a24e339b6058,1.0,0.0,0.0,0.0,0.0,0.2857142857142857,0.4879500364742666,1.0,0,1,0,0
3804,2018-01-30,99a4788cb24856965c36a24e339b6058,1.0,1.0,0.0,0.0,0.0,0.42857142857142855,0.5345224838248488,0.0,1,1,0,0
3814,2018-01-31,99a4788cb24856965c36a24e339b6058,1.0,1.0,1.0,0.0,0.0,0.5714285714285714,0.5345224838248488,0.0,2,1,0,0
3824,2018-02-01,99a4788cb24856965c36a24e339b6058,0.0,1.0,1.0,1.0,1.0,0.42857142857142855,0.5345224838248488,-1.0,3,2,0,0
3834,2018-02-02,99a4788cb24856965c36a24e339b6058,0.0,0.0,1.0,1.0,0.0,0.42857142857142855,0.5345224838248488,0.0,4,2,0,0
3844,2018-02-03,99a4788cb24856965c36a24e339b6058,1.0,0.0,0.0,1.0,0.0,0.5714285714285714,0.5345224838248488,1.0,5,2,1,0
3854,2018-02-04,99a4788cb24856965c36a24e339b6058,1.0,1.0,0.0,0.0,0.0,0.7142857142857143,0.48795003647426666,0.0,6,2,1,0
3864,2018-02-05,99a4788cb24856965c36a24e339b6058,3.0,1.0,1.0,0.0,1.0,1.0,1.0,2.0,0,2,0,0
3874,2018-02-06,99a4788cb24856965c36a24e339b6058,2.0,3.0,1.0,1.0,1.0,1.1428571428571428,1.0690449676496976,-1.0,1,2,0,0
3884,2018-02-07,99a4788cb24856965c36a24e339b6058,2.0,2.0,3.0,1.0,1.0,1.2857142857142858,1.1126972805283737,0.0,2,2,0,0
3894,2018-02-08,99a4788cb24856965c36a24e339b6058,1.0,2.0,2.0,3.0,0.0,1.4285714285714286,0.9759000729485333,-1.0,3,2,0,0
3904,2018-02-09,99a4788cb24856965c36a24e339b6058,1.0,1.0,2.0,2.0,0.0,1.5714285714285714,0.7867957924694434,0.0,4,2,0,0
3914,2018-02-10,99a4788cb24856965c36a24e339b6058,2.0,1.0,1.0,2.0,1.0,1.7142857142857142,0.7559289460184547,1.0,5,2,1,0
3924,2018-02-11,99a4788cb24856965c36a24e339b6058,1.0,2.0,1.0,1.0,1.0,1.7142857142857142,0.7559289460184546,-1.0,6,2,1,0
3934,2018-02-12,99a4788cb24856965c36a24e339b6058,0.0,1.0,2.0,1.0,3.0,1.2857142857142858,0.7559289460184546,-1.0,0,2,0,0
3944,2018-02-13,99a4788cb24856965c36a24e339b6058,1.0,0.0,1.0,2.0,2.0,1.1428571428571428,0.6900655593423545,1.0,1,2,0,0
3954,2018-02-14,99a4788cb24856965c36a24e339b6058,1.0,1.0,0.0,1.0,2.0,1.0,0.5773502691896262,0.0,2,2,0,0
3964,2018-02-15,99a4788cb24856965c36a24e339b6058,0.0,1.0,1.0,0.0,1.0,0.8571428571428571,0.6900655593423546,-1.0,3,2,0,0
3974,2018-02-16,99a4788cb24856965c36a24e339b6058,1.0,0.0,1.0,1.0,1.0,0.8571428571428571,0.6900655593423546,1.0,4,2,0,0
3984,2018-02-17,99a4788cb24856965c36a24e339b6058,0.0,1.0,0.0,1.0,2.0,0.5714285714285714,0.5345224838248493,-1.0,5,2,1,0
3994,2018-02-18,99a4788cb24856965c36a24e339b6058,1.0,0.0,1.0,0.0,1.0,0.5714285714285714,0.5345224838248493,1.0,6,2,1,0
4004,2018-02-19,99a4788cb24856965c36a24e339b6058,0.0,1.0,0.0,1.0,0.0,0.5714285714285714,0.5345224838248493,-1.0,0,2,0,0
4014,2018-02-20,99a4788cb24856965c36a24e339b6058,1.0,0.0,1.0,0.0,1.0,0.5714285714285714,0.5345224838248493,1.0,1,2,0,0
4024,2018-02-21,99a4788cb24856965c36a24e339b6058,0.0,1.0,0.0,1.0,1.0,0.42857142857142855,0.5345224838248495,-1.0,2,2,0,0
4034,2018-02-22,99a4788cb24856965c36a24e339b6058,0.0,0.0,1.0,0.0,0.0,0.42857142857142855,0.5345224838248495,0.0,3,2,0,0
4044,2018-02-23,99a4788cb24856965c36a24e339b6058,1.0,0.0,0.0,1.0,1.0,0.42857142857142855,0.5345224838248495,1.0,4,2,0,0
4054,2018-02-24,99a4788cb24856965c36a24e339b6058,0.0,1.0,0.0,0.0,0.0,0.42857142857142855,0.5345224838248495,-1.0,5,2,1,0
4064,2018-02-25,99a4788cb24856965c36a24e339b6058,0.0,0.0,1.0,0.0,1.0,0.2857142857142857,0.4879500364742674,0.0,6,2,1,0
4074,2018-02-26,99a4788cb24856965c36a24e339b6058,3.0,0.0,0.0,1.0,0.0,0.7142857142857143,1.112697280528374,3.0,0,2,0,0
4084,2018-02-27,99a4788cb24856965c36a24e339b6058,0.0,3.0,0.0,0.0,1.0,0.5714285714285714,1.133893419027682,-3.0,1,2,0,0
4094,2018-02-28,99a4788cb24856965c36a24e339b6058,0.0,0.0,3.0,0.0,0.0,0.5714285714285714,1.133893419027682,0.0,2,2,0,0
4104,2018-03-01,99a4788cb24856965c36a24e339b6058,0.0,0.0,0.0,3.0,0.0,0.5714285714285714,1.133893419027682,0.0,3,3,0,0
4114,2018-03-02,99a4788cb24856965c36a24e339b6058,0.0,0.0,0.0,0.0,1.0,0.42857142857142855,1.133893419027682,0.0,4,3,0,0
4124,2018-03-03,99a4788cb24856965c36a24e339b6058,1.0,0.0,0.0,0.0,0.0,0.5714285714285714,1.133893419027682,1.0,5,3,1,0
4134,2018-03-04,99a4788cb24856965c36a24e339b6058,0.0,1.0,0.0,0.0,0.0,0.5714285714285714,1.133893419027682,-1.0,6,3,1,0
4144,2018-03-05,99a4788cb24856965c36a24e339b6058,2.0,0.0,1.0,0.0,3.0,0.42857142857142855,0.7867957924694436,2.0,0,3,0,0
4154,2018-03-06,99a4788cb24856965c36a24e339b6058,1.0,2.0,0.0,1.0,0.0,0.5714285714285714,0.7867957924694436,-1.0,1,3,0,0
4164,2018-03-07,99a4788cb24856965c36a24e339b6058,0.0,1.0,2.0,0.0,0.0,0.5714285714285714,0.7867957924694436,-1.0,2,3,0,0
4174,2018-03-08,99a4788cb24856965c36a24e339b6058,0.0,0.0,1.0,2.0,0.0,0.5714285714285714,0.7867957924694436,0.0,3,3,0,0
4184,2018-03-09,99a4788cb24856965c36a24e339b6058,3.0,0.0,0.0,1.0,0.0,1.0,1.1547005383792517,3.0,4,3,0,0
4194,2018-03-10,99a4788cb24856965c36a24e339b6058,0.0,3.0,0.0,0.0,1.0,0.8571428571428571,1.2149857925879122,-3.0,5,3,1,0
4204,2018-03-11,99a4788cb24856965c36a24e339b6058,1.0,0.0,3.0,0.0,0.0,1.0,1.1547005383792517,1.0,6,3,1,0
4214,2018-03-12,99a4788cb24856965c36a24e339b6058,0.0,1.0,0.0,3.0,2.0,0.7142857142857143,1.112697280528374,-1.0,0,3,0,0
4224,2018-03-13,99a4788cb24856965c36a24e339b6058,0.0,0.0,1.0,0.0,1.0,0.5714285714285714,1.1338934190276821,0.0,1,3,0,0
4234,2018-03-14,99a4788cb24856965c36a24e339b6058,0.0,0.0,0.0,1.0,0.0,0.5714285714285714,1.1338934190276821,0.0,2,3,0,0
4244,2018-03-15,99a4788cb24856965c36a24e339b6058,1.0,0.0,0.0,0.0,0.0,0.7142857142857143,1.112697280528374,1.0,3,3,0,0
4254,2018-03-16,99a4788cb24856965c36a24e339b6058,0.0,1.0,0.0,0.0,3.0,0.2857142857142857,0.48795003647426743,-1.0,4,3,0,0
4264,2018-03-17,99a4788cb24856965c36a24e339b6058,1.0,0.0,1.0,0.0,0.0,0.42857142857142855,0.5345224838248496,1.0,5,3,1,0
4274,2018-03-18,99a4788cb24856965c36a24e339b6058,1.0,1.0,0.0,1.0,1.0,0.42857142857142855,0.5345224838248495,0.0,6,3,1,0
4284,2018-03-19,99a4788cb24856965c36a24e339b6058,2.0,1.0,1.0,0.0,0.0,0.7142857142857143,0.7559289460184548,1.0,0,3,0,0
4294,2018-03-20,99a4788cb24856965c36a24e339b6058,0.0,2.0,1.0,1.0,0.0,0.7142857142857143,0.7559289460184548,-2.0,1,3,0,0
4304,2018-03-21,99a4788cb24856965c36a24e339b6058,1.0,0.0,2.0,1.0,0.0,0.8571428571428571,0.6900655593423546,1.0,2,3,0,0
4314,2018-03-22,99a4788cb24856965c36a24e339b6058,0.0,1.0,0.0,2.0,1.0,0.7142857142857143,0.7559289460184548,-1.0,3,3,0,0
4324,2018-03-23,99a4788cb24856965c36a24e339b6058,0.0,0.0,1.0,0.0,0.0,0.7142857142857143,0.7559289460184548,0.0,4,3,0,0
4334,2018-03-24,99a4788cb24856965c36a24e339b6058,1.0,0.0,0.0,1.0,1.0,0.7142857142857143,0.7559289460184548,1.0,5,3,1,0
4344,2018-03-25,99a4788cb24856965c36a24e339b6058,0.0,1.0,0.0,0.0,1.0,0.5714285714285714,0.7867957924694435,-1.0,6,3,1,0
4354,2018-03-26,99a4788cb24856965c36a24e339b6058,0.0,0.0,1.0,0.0,2.0,0.2857142857142857,0.4879500364742672,0.0,0,3,0,0
4364,2018-03-27,99a4788cb24856965c36a24e339b6058,0.0,0.0,0.0,1.0,0.0,0.2857142857142857,0.4879500364742672,0.0,1,3,0,0
4374,2018-03-28,99a4788cb24856965c36a24e339b6058,1.0,0.0,0.0,0.0,1.0,0.2857142857142857,0.4879500364742672,1.0,2,3,0,0
4384,2018-03-29,99a4788cb24856965c36a24e339b6058,1.0,1.0,0.0,0.0,0.0,0.42857142857142855,0.5345224838248493,0.0,3,3,0,0
4394,2018-03-30,99a4788cb24856965c36a24e339b6058,0.0,1.0,1.0,0.0,0.0,0.42857142857142855,0.5345224838248493,-1.0,4,3,0,0
4404,2018-03-31,99a4788cb24856965c36a24e339b6058,0.0,0.0,1.0,1.0,1.0,0.2857142857142857,0.4879500364742672,0.0,5,3,1,0
4414,2018-04-01,99a4788cb24856965c36a24e339b6058,0.0,0.0,0.0,1.0,0.0,0.2857142857142857,0.4879500364742672,0.0,6,4,1,0
4424,2018-04-02,99a4788cb24856965c36a24e339b6058,0.0,0.0,0.0,0.0,0.0,0.2857142857142857,0.4879500364742672,0.0,0,4,0,0
4434,2018-04-03,99a4788cb24856965c36a24e339b6058,0.0,0.0,0.0,0.0,0.0,0.2857142857142857,0.4879500364742672,0.0,1,4,0,0
4444,2018-04-04,99a4788cb24856965c36a24e339b6058,0.0,0.0,0.0,0.0,1.0,0.14285714285714285,0.3779644730092282,0.0,2,4,0,0
4454,2018-04-05,99a4788cb24856965c36a24e339b6058,0.0,0.0,0.0,0.0,1.0,0.0,0.0,0.0,3,4,0,0
4464,2018-04-06,99a4788cb24856965c36a24e339b6058,0.0,0.0,0.0,0.0,0.0,0.0,0.0,0.0,4,4,0,0
4474,2018-04-07,99a4788cb24856965c36a24e339b6058,0.0,0.0,0.0,0.0,0.0,0.0,0.0,0.0,5,4,1,0
4484,2018-04-08,99a4788cb24856965c36a24e339b6058,0.0,0.0,0.0,0.0,0.0,0.0,0.0,0.0,6,4,1,0
4494,2018-04-09,99a4788cb24856965c36a24e339b6058,0.0,0.0,0.0,0.0,0.0,0.0,0.0,0.0,0,4,0,0
4504,2018-04-10,99a4788cb24856965c36a24e339b6058,0.0,0.0,0.0,0.0,0.0,0.0,0.0,0.0,1,4,0,0
4514,2018-04-11,99a4788cb24856965c36a24e339b6058,1.0,0.0,0.0,0.0,0.0,0.14285714285714285,0.37796447300922725,1.0,2,4,0,0
4524,2018-04-12,99a4788cb24856965c36a24e339b6058,0.0,1.0,0.0,0.0,0.0,0.14285714285714285,0.37796447300922725,-1.0,3,4,0,0
4534,2018-04-13,99a4788cb24856965c36a24e339b6058,0.0,0.0,1.0,0.0,0.0,0.14285714285714285,0.37796447300922725,0.0,4,4,0,0
4544,2018-04-14,99a4788cb24856965c36a24e339b6058,0.0,0.0,0.0,1.0,0.0,0.14285714285714285,0.37796447300922725,0.0,5,4,1,0
4554,2018-04-15,99a4788cb24856965c36a24e339b6058,0.0,0.0,0.0,0.0,0.0,0.14285714285714285,0.37796447300922725,0.0,6,4,1,0
4564,2018-04-16,99a4788cb24856965c36a24e339b6058,0.0,0.0,0.0,0.0,0.0,0.14285714285714285,0.37796447300922725,0.0,0,4,0,0
4574,2018-04-17,99a4788cb24856965c36a24e339b6058,1.0,0.0,0.0,0.0,0.0,0.2857142857142857,0.4879500364742666,1.0,1,4,0,0
4584,2018-04-18,99a4788cb24856965c36a24e339b6058,0.0,1.0,0.0,0.0,1.0,0.14285714285714285,0.37796447300922725,-1.0,2,4,0,0
4594,2018-04-19,99a4788cb24856965c36a24e339b6058,1.0,0.0,1.0,0.0,0.0,0.2857142857142857,0.4879500364742666,1.0,3,4,0,0
4604,2018-04-20,99a4788cb24856965c36a24e339b6058,0.0,1.0,0.0,1.0,0.0,0.2857142857142857,0.48795003647426666,-1.0,4,4,0,0
4614,2018-04-21,99a4788cb24856965c36a24e339b6058,0.0,0.0,1.0,0.0,0.0,0.2857142857142857,0.48795003647426666,0.0,5,4,1,0
4624,2018-04-22,99a4788cb24856965c36a24e339b6058,0.0,0.0,0.0,1.0,0.0,0.2857142857142857,0.48795003647426666,0.0,6,4,1,0
4634,2018-04-23,99a4788cb24856965c36a24e339b6058,0.0,0.0,0.0,0.0,0.0,0.2857142857142857,0.48795003647426666,0.0,0,4,0,0
4644,2018-04-24,99a4788cb24856965c36a24e339b6058,0.0,0.0,0.0,0.0,1.0,0.14285714285714285,0.3779644730092273,0.0,1,4,0,0
4654,2018-04-25,99a4788cb24856965c36a24e339b6058,0.0,0.0,0.0,0.0,0.0,0.14285714285714285,0.3779644730092273,0.0,2,4,0,0
4664,2018-04-26,99a4788cb24856965c36a24e339b6058,0.0,0.0,0.0,0.0,1.0,0.0,0.0,0.0,3,4,0,0
4674,2018-04-27,99a4788cb24856965c36a24e339b6058,0.0,0.0,0.0,0.0,0.0,0.0,0.0,0.0,4,4,0,0
4684,2018-04-28,99a4788cb24856965c36a24e339b6058,0.0,0.0,0.0,0.0,0.0,0.0,0.0,0.0,5,4,1,0
4694,2018-04-29,99a4788cb24856965c36a24e339b6058,1.0,0.0,0.0,0.0,0.0,0.14285714285714285,0.37796447300922725,1.0,6,4,1,0
4704,2018-04-30,99a4788cb24856965c36a24e339b6058,2.0,1.0,0.0,0.0,0.0,0.42857142857142855,0.7867957924694432,1.0,0,4,0,0
4714,2018-05-01,99a4788cb24856965c36a24e339b6058,1.0,2.0,1.0,0.0,0.0,0.5714285714285714,0.7867957924694432,-1.0,1,5,0,0
4724,2018-05-02,99a4788cb24856965c36a24e339b6058,0.0,1.0,2.0,1.0,0.0,0.5714285714285714,0.7867957924694432,-1.0,2,5,0,0
4734,2018-05-03,99a4788cb24856965c36a24e339b6058,2.0,0.0,1.0,2.0,0.0,0.8571428571428571,0.8997354108424375,2.0,3,5,0,0
4744,2018-05-04,99a4788cb24856965c36a24e339b6058,3.0,2.0,0.0,1.0,0.0,1.2857142857142858,1.1126972805283737,1.0,4,5,0,0
4754,2018-05-05,99a4788cb24856965c36a24e339b6058,0.0,3.0,2.0,0.0,0.0,1.2857142857142858,1.1126972805283737,-3.0,5,5,1,0
4764,2018-05-06,99a4788cb24856965c36a24e339b6058,0.0,0.0,3.0,2.0,1.0,1.1428571428571428,1.2149857925879117,0.0,6,5,1,0
4774,2018-05-07,99a4788cb24856965c36a24e339b6058,0.0,0.0,0.0,3.0,2.0,0.8571428571428571,1.2149857925879117,0.0,0,5,0,0
4784,2018-05-08,99a4788cb24856965c36a24e339b6058,0.0,0.0,0.0,0.0,1.0,0.7142857142857143,1.2535663410560174,0.0,1,5,0,0
4794,2018-05-09,99a4788cb24856965c36a24e339b6058,3.0,0.0,0.0,0.0,0.0,1.1428571428571428,1.4638501094227998,3.0,2,5,0,0
4804,2018-05-10,99a4788cb24856965c36a24e339b6058,0.0,3.0,0.0,0.0,2.0,0.8571428571428571,1.4638501094227998,-3.0,3,5,0,0
4814,2018-05-11,99a4788cb24856965c36a24e339b6058,1.0,0.0,3.0,0.0,3.0,0.5714285714285714,1.1338934190276815,1.0,4,5,0,0
4824,2018-05-12,99a4788cb24856965c36a24e339b6058,0.0,1.0,0.0,3.0,0.0,0.5714285714285714,1.1338934190276815,-1.0,5,5,1,0
4834,2018-05-13,99a4788cb24856965c36a24e339b6058,1.0,0.0,1.0,0.0,0.0,0.7142857142857143,1.1126972805283735,1.0,6,5,1,0
4844,2018-05-14,99a4788cb24856965c36a24e339b6058,0.0,1.0,0.0,1.0,0.0,0.7142857142857143,1.1126972805283735,-1.0,0,5,0,0
4854,2018-05-15,99a4788cb24856965c36a24e339b6058,2.0,0.0,1.0,0.0,0.0,1.0,1.1547005383792515,2.0,1,5,0,0
4864,2018-05-16,99a4788cb24856965c36a24e339b6058,2.0,2.0,0.0,1.0,3.0,0.8571428571428571,0.8997354108424372,0.0,2,5,0,0
4874,2018-05-17,99a4788cb24856965c36a24e339b6058,1.0,2.0,2.0,0.0,0.0,1.0,0.8164965809277259,-1.0,3,5,0,0
4884,2018-05-18,99a4788cb24856965c36a24e339b6058,0.0,1.0,2.0,2.0,1.0,0.8571428571428571,0.8997354108424372,-1.0,4,5,0,0
4894,2018-05-19,99a4788cb24856965c36a24e339b6058,1.0,0.0,1.0,2.0,0.0,1.0,0.8164965809277259,1.0,5,5,1,0
4904,2018-05-20,99a4788cb24856965c36a24e339b6058,0.0,1.0,0.0,1.0,1.0,0.8571428571428571,0.8997354108424372,-1.0,6,5,1,0
4914,2018-05-21,99a4788cb24856965c36a24e339b6058,1.0,0.0,1.0,0.0,0.0,1.0,0.8164965809277259,1.0,0,5,0,0
4924,2018-05-22,99a4788cb24856965c36a24e339b6058,0.0,1.0,0.0,1.0,2.0,0.7142857142857143,0.7559289460184543,-1.0,1,5,0,0
4934,2018-05-23,99a4788cb24856965c36a24e339b6058,0.0,0.0,1.0,0.0,2.0,0.42857142857142855,0.5345224838248483,0.0,2,5,0,0
4944,2018-05-24,99a4788cb24856965c36a24e339b6058,2.0,0.0,0.0,1.0,1.0,0.5714285714285714,0.786795792469443,2.0,3,5,0,0
4954,2018-05-25,99a4788cb24856965c36a24e339b6058,1.0,2.0,0.0,0.0,0.0,0.7142857142857143,0.7559289460184544,-1.0,4,5,0,0
4964,2018-05-26,99a4788cb24856965c36a24e339b6058,2.0,1.0,2.0,0.0,1.0,0.8571428571428571,0.8997354108424372,1.0,5,5,1,0
4974,2018-05-27,99a4788cb24856965c36a24e339b6058,1.0,2.0,1.0,2.0,0.0,1.0,0.816496580927726,-1.0,6,5,1,0
4984,2018-05-28,99a4788cb24856965c36a24e339b6058,0.0,1.0,2.0,1.0,1.0,0.8571428571428571,0.8997354108424372,-1.0,0,5,0,0
4994,2018-05-29,99a4788cb24856965c36a24e339b6058,0.0,0.0,1.0,2.0,0.0,0.8571428571428571,0.8997354108424372,0.0,1,5,0,0
5004,2018-05-30,99a4788cb24856965c36a24e339b6058,0.0,0.0,0.0,1.0,0.0,0.8571428571428571,0.8997354108424372,0.0,2,5,0,0
5014,2018-05-31,99a4788cb24856965c36a24e339b6058,2.0,0.0,0.0,0.0,2.0,0.8571428571428571,0.8997354108424372,2.0,3,5,0,0
5024,2018-06-01,99a4788cb24856965c36a24e339b6058,0.0,2.0,0.0,0.0,1.0,0.7142857142857143,0.9511897312113418,-2.0,4,6,0,0
5034,2018-06-02,99a4788cb24856965c36a24e339b6058,0.0,0.0,2.0,0.0,2.0,0.42857142857142855,0.786795792469443,0.0,5,6,1,0
5044,2018-06-03,99a4788cb24856965c36a24e339b6058,0.0,0.0,0.0,2.0,1.0,0.2857142857142857,0.7559289460184542,0.0,6,6,1,0
5054,2018-06-04,99a4788cb24856965c36a24e339b6058,0.0,0.0,0.0,0.0,0.0,0.2857142857142857,0.7559289460184542,0.0,0,6,0,0
5064,2018-06-05,99a4788cb24856965c36a24e339b6058,1.0,0.0,0.0,0.0,0.0,0.42857142857142855,0.786795792469443,1.0,1,6,0,0
5074,2018-06-06,99a4788cb24856965c36a24e339b6058,0.0,1.0,0.0,0.0,0.0,0.42857142857142855,0.786795792469443,-1.0,2,6,0,0
5084,2018-06-07,99a4788cb24856965c36a24e339b6058,0.0,0.0,1.0,0.0,2.0,0.14285714285714285,0.37796447300922653,0.0,3,6,0,0
5094,2018-06-08,99a4788cb24856965c36a24e339b6058,1.0,0.0,0.0,1.0,0.0,0.2857142857142857,0.48795003647426616,1.0,4,6,0,0
5104,2018-06-09,99a4788cb24856965c36a24e339b6058,2.0,1.0,0.0,0.0,0.0,0.5714285714285714,0.786795792469443,1.0,5,6,1,0
5114,2018-06-10,99a4788cb24856965c36a24e339b6058,3.0,2.0,1.0,0.0,0.0,1.0,1.1547005383792515,1.0,6,6,1,0
5124,2018-06-11,99a4788cb24856965c36a24e339b6058,3.0,3.0,2.0,1.0,0.0,1.4285714285714286,1.2724180205607036,0.0,0,6,0,0
5134,2018-06-12,99a4788cb24856965c36a24e339b6058,0.0,3.0,3.0,2.0,1.0,1.2857142857142858,1.3801311186847085,-3.0,1,6,0,0
5144,2018-06-13,99a4788cb24856965c36a24e339b6058,1.0,0.0,3.0,3.0,0.0,1.4285714285714286,1.2724180205607036,1.0,2,6,0,0
5154,2018-06-14,99a4788cb24856965c36a24e339b6058,2.0,1.0,0.0,3.0,0.0,1.7142857142857142,1.1126972805283737,1.0,3,6,0,0
5164,2018-06-15,99a4788cb24856965c36a24e339b6058,1.0,2.0,1.0,0.0,1.0,1.7142857142857142,1.1126972805283737,-1.0,4,6,0,0
5174,2018-06-16,99a4788cb24856965c36a24e339b6058,0.0,1.0,2.0,1.0,2.0,1.4285714285714286,1.2724180205607036,-1.0,5,6,1,0
5184,2018-06-17,99a4788cb24856965c36a24e339b6058,0.0,0.0,1.0,2.0,3.0,1.0,1.1547005383792515,0.0,6,6,1,0
5194,2018-06-18,99a4788cb24856965c36a24e339b6058,1.0,0.0,0.0,1.0,3.0,0.7142857142857143,0.7559289460184544,1.0,0,6,0,0
5204,2018-06-19,99a4788cb24856965c36a24e339b6058,1.0,1.0,0.0,0.0,0.0,0.8571428571428571,0.6900655593423541,0.0,1,6,0,0
5214,2018-06-20,99a4788cb24856965c36a24e339b6058,0.0,1.0,1.0,0.0,1.0,0.7142857142857143,0.7559289460184544,-1.0,2,6,0,0
5224,2018-06-21,99a4788cb24856965c36a24e339b6058,1.0,0.0,1.0,1.0,2.0,0.5714285714285714,0.5345224838248487,1.0,3,6,0,0
5234,2018-06-22,99a4788cb24856965c36a24e339b6058,3.0,1.0,0.0,1.0,1.0,0.8571428571428571,1.0690449676496976,2.0,4,6,0,0
5244,2018-06-23,99a4788cb24856965c36a24e339b6058,0.0,3.0,1.0,0.0,0.0,0.8571428571428571,1.0690449676496976,-3.0,5,6,1,0
5254,2018-06-24,99a4788cb24856965c36a24e339b6058,0.0,0.0,3.0,1.0,0.0,0.8571428571428571,1.0690449676496976,0.0,6,6,1,0
5264,2018-06-25,99a4788cb24856965c36a24e339b6058,0.0,0.0,0.0,3.0,1.0,0.7142857142857143,1.1126972805283735,0.0,0,6,0,0
5274,2018-06-26,99a4788cb24856965c36a24e339b6058,2.0,0.0,0.0,0.0,1.0,0.8571428571428571,1.2149857925879117,2.0,1,6,0,0
5284,2018-06-27,99a4788cb24856965c36a24e339b6058,1.0,2.0,0.0,0.0,0.0,1.0,1.1547005383792515,-1.0,2,6,0,0
5294,2018-06-28,99a4788cb24856965c36a24e339b6058,0.0,1.0,2.0,0.0,1.0,0.8571428571428571,1.2149857925879117,-1.0,3,6,0,0
5304,2018-06-29,99a4788cb24856965c36a24e339b6058,0.0,0.0,1.0,2.0,3.0,0.42857142857142855,0.7867957924694428,0.0,4,6,0,0
5314,2018-06-30,99a4788cb24856965c36a24e339b6058,0.0,0.0,0.0,1.0,0.0,0.42857142857142855,0.7867957924694428,0.0,5,6,1,0
5324,2018-07-01,99a4788cb24856965c36a24e339b6058,0.0,0.0,0.0,0.0,0.0,0.42857142857142855,0.7867957924694428,0.0,6,7,1,0
5334,2018-07-02,99a4788cb24856965c36a24e339b6058,2.0,0.0,0.0,0.0,0.0,0.7142857142857143,0.9511897312113416,2.0,0,7,0,0
5344,2018-07-03,99a4788cb24856965c36a24e339b6058,1.0,2.0,0.0,0.0,2.0,0.5714285714285714,0.7867957924694428,-1.0,1,7,0,0
5354,2018-07-04,99a4788cb24856965c36a24e339b6058,3.0,1.0,2.0,0.0,1.0,0.8571428571428571,1.2149857925879117,2.0,2,7,0,0
5364,2018-07-05,99a4788cb24856965c36a24e339b6058,1.0,3.0,1.0,2.0,0.0,1.0,1.1547005383792515,-2.0,3,7,0,0
5374,2018-07-06,99a4788cb24856965c36a24e339b6058,0.0,1.0,3.0,1.0,0.0,1.0,1.1547005383792515,-1.0,4,7,0,0
5384,2018-07-07,99a4788cb24856965c36a24e339b6058,0.0,0.0,1.0,3.0,0.0,1.0,1.1547005383792515,0.0,5,7,1,0
5394,2018-07-08,99a4788cb24856965c36a24e339b6058,0.0,0.0,0.0,1.0,0.0,1.0,1.1547005383792515,0.0,6,7,1,0
5404,2018-07-09,99a4788cb24856965c36a24e339b6058,0.0,0.0,0.0,0.0,2.0,0.7142857142857143,1.1126972805283735,0.0,0,7,0,0
5414,2018-07-10,99a4788cb24856965c36a24e339b6058,0.0,0.0,0.0,0.0,1.0,0.5714285714285714,1.1338934190276815,0.0,1,7,0,0
5424,2018-07-11,99a4788cb24856965c36a24e339b6058,0.0,0.0,0.0,0.0,3.0,0.14285714285714285,0.37796447300922614,0.0,2,7,0,0
5434,2018-07-12,99a4788cb24856965c36a24e339b6058,0.0,0.0,0.0,0.0,1.0,0.0,0.0,0.0,3,7,0,0
5444,2018-07-13,99a4788cb24856965c36a24e339b6058,0.0,0.0,0.0,0.0,0.0,0.0,0.0,0.0,4,7,0,0
5454,2018-07-14,99a4788cb24856965c36a24e339b6058,0.0,0.0,0.0,0.0,0.0,0.0,0.0,0.0,5,7,1,0
5464,2018-07-15,99a4788cb24856965c36a24e339b6058,0.0,0.0,0.0,0.0,0.0,0.0,0.0,0.0,6,7,1,0
5474,2018-07-16,99a4788cb24856965c36a24e339b6058,0.0,0.0,0.0,0.0,0.0,0.0,0.0,0.0,0,7,0,0
5484,2018-07-17,99a4788cb24856965c36a24e339b6058,0.0,0.0,0.0,0.0,0.0,0.0,0.0,0.0,1,7,0,0
5494,2018-07-18,99a4788cb24856965c36a24e339b6058,0.0,0.0,0.0,0.0,0.0,0.0,0.0,0.0,2,7,0,0
5504,2018-07-19,99a4788cb24856965c36a24e339b6058,0.0,0.0,0.0,0.0,0.0,0.0,0.0,0.0,3,7,0,0
5514,2018-07-20,99a4788cb24856965c36a24e339b6058,0.0,0.0,0.0,0.0,0.0,0.0,0.0,0.0,4,7,0,0
5524,2018-07-21,99a4788cb24856965c36a24e339b6058,0.0,0.0,0.0,0.0,0.0,0.0,0.0,0.0,5,7,1,0
5534,2018-07-22,99a4788cb24856965c36a24e339b6058,0.0,0.0,0.0,0.0,0.0,0.0,0.0,0.0,6,7,1,0
5544,2018-07-23,99a4788cb24856965c36a24e339b6058,0.0,0.0,0.0,0.0,0.0,0.0,0.0,0.0,0,7,0,0
5554,2018-07-24,99a4788cb24856965c36a24e339b6058,1.0,0.0,0.0,0.0,0.0,0.14285714285714285,0.37796447300922725,1.0,1,7,0,0
5564,2018-07-25,99a4788cb24856965c36a24e339b6058,0.0,1.0,0.0,0.0,0.0,0.14285714285714285,0.37796447300922725,-1.0,2,7,0,0
5574,2018-07-26,99a4788cb24856965c36a24e339b6058,1.0,0.0,1.0,0.0,0.0,0.2857142857142857,0.4879500364742666,1.0,3,7,0,0
5584,2018-07-27,99a4788cb24856965c36a24e339b6058,0.0,1.0,0.0,1.0,0.0,0.2857142857142857,0.48795003647426666,-1.0,4,7,0,0
5594,2018-07-28,99a4788cb24856965c36a24e339b6058,0.0,0.0,1.0,0.0,0.0,0.2857142857142857,0.48795003647426666,0.0,5,7,1,0
5604,2018-07-29,99a4788cb24856965c36a24e339b6058,0.0,0.0,0.0,1.0,0.0,0.2857142857142857,0.48795003647426666,0.0,6,7,1,0
5614,2018-07-30,99a4788cb24856965c36a24e339b6058,0.0,0.0,0.0,0.0,0.0,0.2857142857142857,0.48795003647426666,0.0,0,7,0,0
5624,2018-07-31,99a4788cb24856965c36a24e339b6058,1.0,0.0,0.0,0.0,1.0,0.2857142857142857,0.48795003647426666,1.0,1,7,0,0
5634,2018-08-01,99a4788cb24856965c36a24e339b6058,0.0,1.0,0.0,0.0,0.0,0.2857142857142857,0.48795003647426666,-1.0,2,8,0,0
5644,2018-08-02,99a4788cb24856965c36a24e339b6058,0.0,0.0,1.0,0.0,1.0,0.14285714285714285,0.3779644730092273,0.0,3,8,0,0
5654,2018-08-03,99a4788cb24856965c36a24e339b6058,0.0,0.0,0.0,1.0,0.0,0.14285714285714285,0.3779644730092273,0.0,4,8,0,0
5664,2018-08-04,99a4788cb24856965c36a24e339b6058,0.0,0.0,0.0,0.0,0.0,0.14285714285714285,0.3779644730092273,0.0,5,8,1,0
5674,2018-08-05,99a4788cb24856965c36a24e339b6058,1.0,0.0,0.0,0.0,0.0,0.2857142857142857,0.48795003647426666,1.0,6,8,1,0
5684,2018-08-06,99a4788cb24856965c36a24e339b6058,1.0,1.0,0.0,0.0,0.0,0.42857142857142855,0.5345224838248488,0.0,0,8,0,0
5694,2018-08-07,99a4788cb24856965c36a24e339b6058,0.0,1.0,1.0,0.0,1.0,0.2857142857142857,0.48795003647426666,-1.0,1,8,0,0
5704,2018-08-08,99a4788cb24856965c36a24e339b6058,0.0,0.0,1.0,1.0,0.0,0.2857142857142857,0.48795003647426666,0.0,2,8,0,0
5714,2018-08-09,99a4788cb24856965c36a24e339b6058,0.0,0.0,0.0,1.0,0.0,0.2857142857142857,0.48795003647426666,0.0,3,8,0,0
5724,2018-08-10,99a4788cb24856965c36a24e339b6058,0.0,0.0,0.0,0.0,0.0,0.2857142857142857,0.48795003647426666,0.0,4,8,0,0
5734,2018-08-11,99a4788cb24856965c36a24e339b6058,0.0,0.0,0.0,0.0,0.0,0.2857142857142857,0.48795003647426666,0.0,5,8,1,0
5744,2018-08-12,99a4788cb24856965c36a24e339b6058,0.0,0.0,0.0,0.0,1.0,0.14285714285714285,0.3779644730092273,0.0,6,8,1,0
5754,2018-08-13,99a4788cb24856965c36a24e339b6058,4.0,0.0,0.0,0.0,1.0,0.5714285714285714,1.511857892036909,4.0,0,8,0,0
5764,2018-08-14,99a4788cb24856965c36a24e339b6058,0.0,4.0,0.0,0.0,0.0,0.5714285714285714,1.511857892036909,-4.0,1,8,0,0
5774,2018-08-15,99a4788cb24856965c36a24e339b6058,0.0,0.0,4.0,0.0,0.0,0.5714285714285714,1.511857892036909,0.0,2,8,0,0
5784,2018-08-16,99a4788cb24856965c36a24e339b6058,0.0,0.0,0.0,4.0,0.0,0.5714285714285714,1.511857892036909,0.0,3,8,0,0
5794,2018-08-17,99a4788cb24856965c36a24e339b6058,0.0,0.0,0.0,0.0,0.0,0.5714285714285714,1.511857892036909,0.0,4,8,0,0
5804,2018-08-18,99a4788cb24856965c36a24e339b6058,0.0,0.0,0.0,0.0,0.0,0.5714285714285714,1.511857892036909,0.0,5,8,1,0
5814,2018-08-19,99a4788cb24856965c36a24e339b6058,1.0,0.0,0.0,0.0,0.0,0.7142857142857143,1.4960264830861913,1.0,6,8,1,0
5824,2018-08-20,99a4788cb24856965c36a24e339b6058,0.0,1.0,0.0,0.0,4.0,0.14285714285714285,0.37796447300922775,-1.0,0,8,0,0
5834,2018-08-21,99a4788cb24856965c36a24e339b6058,0.0,0.0,1.0,0.0,0.0,0.14285714285714285,0.37796447300922775,0.0,1,8,0,0
5844,2018-08-22,99a4788cb24856965c36a24e339b6058,0.0,0.0,0.0,1.0,0.0,0.14285714285714285,0.37796447300922775,0.0,2,8,0,0
5854,2018-08-23,99a4788cb24856965c36a24e339b6058,0.0,0.0,0.0,0.0,0.0,0.14285714285714285,0.37796447300922775,0.0,3,8,0,0
5864,2018-08-24,99a4788cb24856965c36a24e339b6058,0.0,0.0,0.0,0.0,0.0,0.14285714285714285,0.37796447300922775,0.0,4,8,0,0
5874,2018-08-25,99a4788cb24856965c36a24e339b6058,0.0,0.0,0.0,0.0,0.0,0.14285714285714285,0.37796447300922775,0.0,5,8,1,0
5884,2018-08-26,99a4788cb24856965c36a24e339b6058,0.0,0.0,0.0,0.0,1.0,0.0,0.0,0.0,6,8,1,0
79,2017-01-22,aca2eb7d00ea1a7b8ebd4e68314663af,0.0,0.0,0.0,0.0,0.0,0.0,0.0,0.0,6,1,1,0
89,2017-01-23,aca2eb7d00ea1a7b8ebd4e68314663af,0.0,0.0,0.0,0.0,0.0,0.0,0.0,0.0,0,1,0,0
99,2017-01-24,aca2eb7d00ea1a7b8ebd4e68314663af,0.0,0.0,0.0,0.0,0.0,0.0,0.0,0.0,1,1,0,0
109,2017-01-25,aca2eb7d00ea1a7b8ebd4e68314663af,0.0,0.0,0.0,0.0,0.0,0.0,0.0,0.0,2,1,0,0
119,2017-01-26,aca2eb7d00ea1a7b8ebd4e68314663af,0.0,0.0,0.0,0.0,0.0,0.0,0.0,0.0,3,1,0,0
129,2017-01-27,aca2eb7d00ea1a7b8ebd4e68314663af,0.0,0.0,0.0,0.0,0.0,0.0,0.0,0.0,4,1,0,0
139,2017-01-28,aca2eb7d00ea1a7b8ebd4e68314663af,0.0,0.0,0.0,0.0,0.0,0.0,0.0,0.0,5,1,1,0
149,2017-01-29,aca2eb7d00ea1a7b8ebd4e68314663af,0.0,0.0,0.0,0.0,0.0,0.0,0.0,0.0,6,1,1,0
159,2017-01-30,aca2eb7d00ea1a7b8ebd4e68314663af,0.0,0.0,0.0,0.0,0.0,0.0,0.0,0.0,0,1,0,0
169,2017-01-31,aca2eb7d00ea1a7b8ebd4e68314663af,0.0,0.0,0.0,0.0,0.0,0.0,0.0,0.0,1,1,0,0
179,2017-02-01,aca2eb7d00ea1a7b8ebd4e68314663af,0.0,0.0,0.0,0.0,0.0,0.0,0.0,0.0,2,2,0,0
189,2017-02-02,aca2eb7d00ea1a7b8ebd4e68314663af,0.0,0.0,0.0,0.0,0.0,0.0,0.0,0.0,3,2,0,0
199,2017-02-03,aca2eb7d00ea1a7b8ebd4e68314663af,0.0,0.0,0.0,0.0,0.0,0.0,0.0,0.0,4,2,0,0
209,2017-02-04,aca2eb7d00ea1a7b8ebd4e68314663af,0.0,0.0,0.0,0.0,0.0,0.0,0.0,0.0,5,2,1,0
219,2017-02-05,aca2eb7d00ea1a7b8ebd4e68314663af,0.0,0.0,0.0,0.0,0.0,0.0,0.0,0.0,6,2,1,0
229,2017-02-06,aca2eb7d00ea1a7b8ebd4e68314663af,0.0,0.0,0.0,0.0,0.0,0.0,0.0,0.0,0,2,0,0
239,2017-02-07,aca2eb7d00ea1a7b8ebd4e68314663af,0.0,0.0,0.0,0.0,0.0,0.0,0.0,0.0,1,2,0,0
249,2017-02-08,aca2eb7d00ea1a7b8ebd4e68314663af,0.0,0.0,0.0,0.0,0.0,0.0,0.0,0.0,2,2,0,0
259,2017-02-09,aca2eb7d00ea1a7b8ebd4e68314663af,0.0,0.0,0.0,0.0,0.0,0.0,0.0,0.0,3,2,0,0
269,2017-02-10,aca2eb7d00ea1a7b8ebd4e68314663af,0.0,0.0,0.0,0.0,0.0,0.0,0.0,0.0,4,2,0,0
279,2017-02-11,aca2eb7d00ea1a7b8ebd4e68314663af,0.0,0.0,0.0,0.0,0.0,0.0,0.0,0.0,5,2,1,0
289,2017-02-12,aca2eb7d00ea1a7b8ebd4e68314663af,0.0,0.0,0.0,0.0,0.0,0.0,0.0,0.0,6,2,1,0
299,2017-02-13,aca2eb7d00ea1a7b8ebd4e68314663af,0.0,0.0,0.0,0.0,0.0,0.0,0.0,0.0,0,2,0,0
309,2017-02-14,aca2eb7d00ea1a7b8ebd4e68314663af,0.0,0.0,0.0,0.0,0.0,0.0,0.0,0.0,1,2,0,0
319,2017-02-15,aca2eb7d00ea1a7b8ebd4e68314663af,0.0,0.0,0.0,0.0,0.0,0.0,0.0,0.0,2,2,0,0
329,2017-02-16,aca2eb7d00ea1a7b8ebd4e68314663af,0.0,0.0,0.0,0.0,0.0,0.0,0.0,0.0,3,2,0,0
339,2017-02-17,aca2eb7d00ea1a7b8ebd4e68314663af,0.0,0.0,0.0,0.0,0.0,0.0,0.0,0.0,4,2,0,0
349,2017-02-18,aca2eb7d00ea1a7b8ebd4e68314663af,0.0,0.0,0.0,0.0,0.0,0.0,0.0,0.0,5,2,1,0
359,2017-02-19,aca2eb7d00ea1a7b8ebd4e68314663af,0.0,0.0,0.0,0.0,0.0,0.0,0.0,0.0,6,2,1,0
369,2017-02-20,aca2eb7d00ea1a7b8ebd4e68314663af,0.0,0.0,0.0,0.0,0.0,0.0,0.0,0.0,0,2,0,0
379,2017-02-21,aca2eb7d00ea1a7b8ebd4e68314663af,0.0,0.0,0.0,0.0,0.0,0.0,0.0,0.0,1,2,0,0
389,2017-02-22,aca2eb7d00ea1a7b8ebd4e68314663af,0.0,0.0,0.0,0.0,0.0,0.0,0.0,0.0,2,2,0,0
399,2017-02-23,aca2eb7d00ea1a7b8ebd4e68314663af,0.0,0.0,0.0,0.0,0.0,0.0,0.0,0.0,3,2,0,0
409,2017-02-24,aca2eb7d00ea1a7b8ebd4e68314663af,0.0,0.0,0.0,0.0,0.0,0.0,0.0,0.0,4,2,0,0
419,2017-02-25,aca2eb7d00ea1a7b8ebd4e68314663af,0.0,0.0,0.0,0.0,0.0,0.0,0.0,0.0,5,2,1,0
429,2017-02-26,aca2eb7d00ea1a7b8ebd4e68314663af,0.0,0.0,0.0,0.0,0.0,0.0,0.0,0.0,6,2,1,0
439,2017-02-27,aca2eb7d00ea1a7b8ebd4e68314663af,0.0,0.0,0.0,0.0,0.0,0.0,0.0,0.0,0,2,0,0
449,2017-02-28,aca2eb7d00ea1a7b8ebd4e68314663af,0.0,0.0,0.0,0.0,0.0,0.0,0.0,0.0,1,2,0,0
459,2017-03-01,aca2eb7d00ea1a7b8ebd4e68314663af,0.0,0.0,0.0,0.0,0.0,0.0,0.0,0.0,2,3,0,0
469,2017-03-02,aca2eb7d00ea1a7b8ebd4e68314663af,0.0,0.0,0.0,0.0,0.0,0.0,0.0,0.0,3,3,0,0
479,2017-03-03,aca2eb7d00ea1a7b8ebd4e68314663af,0.0,0.0,0.0,0.0,0.0,0.0,0.0,0.0,4,3,0,0
489,2017-03-04,aca2eb7d00ea1a7b8ebd4e68314663af,0.0,0.0,0.0,0.0,0.0,0.0,0.0,0.0,5,3,1,0
499,2017-03-05,aca2eb7d00ea1a7b8ebd4e68314663af,0.0,0.0,0.0,0.0,0.0,0.0,0.0,0.0,6,3,1,0
509,2017-03-06,aca2eb7d00ea1a7b8ebd4e68314663af,0.0,0.0,0.0,0.0,0.0,0.0,0.0,0.0,0,3,0,0
519,2017-03-07,aca2eb7d00ea1a7b8ebd4e68314663af,0.0,0.0,0.0,0.0,0.0,0.0,0.0,0.0,1,3,0,0
529,2017-03-08,aca2eb7d00ea1a7b8ebd4e68314663af,0.0,0.0,0.0,0.0,0.0,0.0,0.0,0.0,2,3,0,0
539,2017-03-09,aca2eb7d00ea1a7b8ebd4e68314663af,0.0,0.0,0.0,0.0,0.0,0.0,0.0,0.0,3,3,0,0
549,2017-03-10,aca2eb7d00ea1a7b8ebd4e68314663af,0.0,0.0,0.0,0.0,0.0,0.0,0.0,0.0,4,3,0,0
559,2017-03-11,aca2eb7d00ea1a7b8ebd4e68314663af,0.0,0.0,0.0,0.0,0.0,0.0,0.0,0.0,5,3,1,0
569,2017-03-12,aca2eb7d00ea1a7b8ebd4e68314663af,0.0,0.0,0.0,0.0,0.0,0.0,0.0,0.0,6,3,1,0
579,2017-03-13,aca2eb7d00ea1a7b8ebd4e68314663af,0.0,0.0,0.0,0.0,0.0,0.0,0.0,0.0,0,3,0,0
589,2017-03-14,aca2eb7d00ea1a7b8ebd4e68314663af,0.0,0.0,0.0,0.0,0.0,0.0,0.0,0.0,1,3,0,0
599,2017-03-15,aca2eb7d00ea1a7b8ebd4e68314663af,0.0,0.0,0.0,0.0,0.0,0.0,0.0,0.0,2,3,0,0
609,2017-03-16,aca2eb7d00ea1a7b8ebd4e68314663af,0.0,0.0,0.0,0.0,0.0,0.0,0.0,0.0,3,3,0,0
619,2017-03-17,aca2eb7d00ea1a7b8ebd4e68314663af,0.0,0.0,0.0,0.0,0.0,0.0,0.0,0.0,4,3,0,0
629,2017-03-18,aca2eb7d00ea1a7b8ebd4e68314663af,0.0,0.0,0.0,0.0,0.0,0.0,0.0,0.0,5,3,1,0
639,2017-03-19,aca2eb7d00ea1a7b8ebd4e68314663af,0.0,0.0,0.0,0.0,0.0,0.0,0.0,0.0,6,3,1,0
649,2017-03-20,aca2eb7d00ea1a7b8ebd4e68314663af,0.0,0.0,0.0,0.0,0.0,0.0,0.0,0.0,0,3,0,0
659,2017-03-21,aca2eb7d00ea1a7b8ebd4e68314663af,0.0,0.0,0.0,0.0,0.0,0.0,0.0,0.0,1,3,0,0
669,2017-03-22,aca2eb7d00ea1a7b8ebd4e68314663af,0.0,0.0,0.0,0.0,0.0,0.0,0.0,0.0,2,3,0,0
679,2017-03-23,aca2eb7d00ea1a7b8ebd4e68314663af,0.0,0.0,0.0,0.0,0.0,0.0,0.0,0.0,3,3,0,0
689,2017-03-24,aca2eb7d00ea1a7b8ebd4e68314663af,0.0,0.0,0.0,0.0,0.0,0.0,0.0,0.0,4,3,0,0
699,2017-03-25,aca2eb7d00ea1a7b8ebd4e68314663af,0.0,0.0,0.0,0.0,0.0,0.0,0.0,0.0,5,3,1,0
709,2017-03-26,aca2eb7d00ea1a7b8ebd4e68314663af,0.0,0.0,0.0,0.0,0.0,0.0,0.0,0.0,6,3,1,0
719,2017-03-27,aca2eb7d00ea1a7b8ebd4e68314663af,0.0,0.0,0.0,0.0,0.0,0.0,0.0,0.0,0,3,0,0
729,2017-03-28,aca2eb7d00ea1a7b8ebd4e68314663af,0.0,0.0,0.0,0.0,0.0,0.0,0.0,0.0,1,3,0,0
739,2017-03-29,aca2eb7d00ea1a7b8ebd4e68314663af,0.0,0.0,0.0,0.0,0.0,0.0,0.0,0.0,2,3,0,0
749,2017-03-30,aca2eb7d00ea1a7b8ebd4e68314663af,0.0,0.0,0.0,0.0,0.0,0.0,0.0,0.0,3,3,0,0
759,2017-03-31,aca2eb7d00ea1a7b8ebd4e68314663af,0.0,0.0,0.0,0.0,0.0,0.0,0.0,0.0,4,3,0,0
769,2017-04-01,aca2eb7d00ea1a7b8ebd4e68314663af,0.0,0.0,0.0,0.0,0.0,0.0,0.0,0.0,5,4,1,0
779,2017-04-02,aca2eb7d00ea1a7b8ebd4e68314663af,0.0,0.0,0.0,0.0,0.0,0.0,0.0,0.0,6,4,1,0
789,2017-04-03,aca2eb7d00ea1a7b8ebd4e68314663af,0.0,0.0,0.0,0.0,0.0,0.0,0.0,0.0,0,4,0,0
799,2017-04-04,aca2eb7d00ea1a7b8ebd4e68314663af,0.0,0.0,0.0,0.0,0.0,0.0,0.0,0.0,1,4,0,0
809,2017-04-05,aca2eb7d00ea1a7b8ebd4e68314663af,0.0,0.0,0.0,0.0,0.0,0.0,0.0,0.0,2,4,0,0
819,2017-04-06,aca2eb7d00ea1a7b8ebd4e68314663af,0.0,0.0,0.0,0.0,0.0,0.0,0.0,0.0,3,4,0,0
829,2017-04-07,aca2eb7d00ea1a7b8ebd4e68314663af,0.0,0.0,0.0,0.0,0.0,0.0,0.0,0.0,4,4,0,0
839,2017-04-08,aca2eb7d00ea1a7b8ebd4e68314663af,0.0,0.0,0.0,0.0,0.0,0.0,0.0,0.0,5,4,1,0
849,2017-04-09,aca2eb7d00ea1a7b8ebd4e68314663af,0.0,0.0,0.0,0.0,0.0,0.0,0.0,0.0,6,4,1,0
859,2017-04-10,aca2eb7d00ea1a7b8ebd4e68314663af,0.0,0.0,0.0,0.0,0.0,0.0,0.0,0.0,0,4,0,0
869,2017-04-11,aca2eb7d00ea1a7b8ebd4e68314663af,0.0,0.0,0.0,0.0,0.0,0.0,0.0,0.0,1,4,0,0
879,2017-04-12,aca2eb7d00ea1a7b8ebd4e68314663af,0.0,0.0,0.0,0.0,0.0,0.0,0.0,0.0,2,4,0,0
889,2017-04-13,aca2eb7d00ea1a7b8ebd4e68314663af,0.0,0.0,0.0,0.0,0.0,0.0,0.0,0.0,3,4,0,0
899,2017-04-14,aca2eb7d00ea1a7b8ebd4e68314663af,0.0,0.0,0.0,0.0,0.0,0.0,0.0,0.0,4,4,0,0
909,2017-04-15,aca2eb7d00ea1a7b8ebd4e68314663af,0.0,0.0,0.0,0.0,0.0,0.0,0.0,0.0,5,4,1,0
919,2017-04-16,aca2eb7d00ea1a7b8ebd4e68314663af,0.0,0.0,0.0,0.0,0.0,0.0,0.0,0.0,6,4,1,0
929,2017-04-17,aca2eb7d00ea1a7b8ebd4e68314663af,0.0,0.0,0.0,0.0,0.0,0.0,0.0,0.0,0,4,0,0
939,2017-04-18,aca2eb7d00ea1a7b8ebd4e68314663af,0.0,0.0,0.0,0.0,0.0,0.0,0.0,0.0,1,4,0,0
949,2017-04-19,aca2eb7d00ea1a7b8ebd4e68314663af,0.0,0.0,0.0,0.0,0.0,0.0,0.0,0.0,2,4,0,0
959,2017-04-20,aca2eb7d00ea1a7b8ebd4e68314663af,0.0,0.0,0.0,0.0,0.0,0.0,0.0,0.0,3,4,0,0
969,2017-04-21,aca2eb7d00ea1a7b8ebd4e68314663af,0.0,0.0,0.0,0.0,0.0,0.0,0.0,0.0,4,4,0,0
979,2017-04-22,aca2eb7d00ea1a7b8ebd4e68314663af,0.0,0.0,0.0,0.0,0.0,0.0,0.0,0.0,5,4,1,0
989,2017-04-23,aca2eb7d00ea1a7b8ebd4e68314663af,0.0,0.0,0.0,0.0,0.0,0.0,0.0,0.0,6,4,1,0
999,2017-04-24,aca2eb7d00ea1a7b8ebd4e68314663af,0.0,0.0,0.0,0.0,0.0,0.0,0.0,0.0,0,4,0,0
1009,2017-04-25,aca2eb7d00ea1a7b8ebd4e68314663af,0.0,0.0,0.0,0.0,0.0,0.0,0.0,0.0,1,4,0,0
1019,2017-04-26,aca2eb7d00ea1a7b8ebd4e68314663af,0.0,0.0,0.0,0.0,0.0,0.0,0.0,0.0,2,4,0,0
1029,2017-04-27,aca2eb7d00ea1a7b8ebd4e68314663af,0.0,0.0,0.0,0.0,0.0,0.0,0.0,0.0,3,4,0,0
1039,2017-04-28,aca2eb7d00ea1a7b8ebd4e68314663af,0.0,0.0,0.0,0.0,0.0,0.0,0.0,0.0,4,4,0,0
1049,2017-04-29,aca2eb7d00ea1a7b8ebd4e68314663af,0.0,0.0,0.0,0.0,0.0,0.0,0.0,0.0,5,4,1,0
1059,2017-04-30,aca2eb7d00ea1a7b8ebd4e68314663af,0.0,0.0,0.0,0.0,0.0,0.0,0.0,0.0,6,4,1,0
1069,2017-05-01,aca2eb7d00ea1a7b8ebd4e68314663af,0.0,0.0,0.0,0.0,0.0,0.0,0.0,0.0,0,5,0,0
1079,2017-05-02,aca2eb7d00ea1a7b8ebd4e68314663af,0.0,0.0,0.0,0.0,0.0,0.0,0.0,0.0,1,5,0,0
1089,2017-05-03,aca2eb7d00ea1a7b8ebd4e68314663af,0.0,0.0,0.0,0.0,0.0,0.0,0.0,0.0,2,5,0,0
1099,2017-05-04,aca2eb7d00ea1a7b8ebd4e68314663af,0.0,0.0,0.0,0.0,0.0,0.0,0.0,0.0,3,5,0,0
1109,2017-05-05,aca2eb7d00ea1a7b8ebd4e68314663af,0.0,0.0,0.0,0.0,0.0,0.0,0.0,0.0,4,5,0,0
1119,2017-05-06,aca2eb7d00ea1a7b8ebd4e68314663af,0.0,0.0,0.0,0.0,0.0,0.0,0.0,0.0,5,5,1,0
1129,2017-05-07,aca2eb7d00ea1a7b8ebd4e68314663af,0.0,0.0,0.0,0.0,0.0,0.0,0.0,0.0,6,5,1,0
1139,2017-05-08,aca2eb7d00ea1a7b8ebd4e68314663af,0.0,0.0,0.0,0.0,0.0,0.0,0.0,0.0,0,5,0,0
1149,2017-05-09,aca2eb7d00ea1a7b8ebd4e68314663af,0.0,0.0,0.0,0.0,0.0,0.0,0.0,0.0,1,5,0,0
1159,2017-05-10,aca2eb7d00ea1a7b8ebd4e68314663af,0.0,0.0,0.0,0.0,0.0,0.0,0.0,0.0,2,5,0,0
1169,2017-05-11,aca2eb7d00ea1a7b8ebd4e68314663af,0.0,0.0,0.0,0.0,0.0,0.0,0.0,0.0,3,5,0,0
1179,2017-05-12,aca2eb7d00ea1a7b8ebd4e68314663af,0.0,0.0,0.0,0.0,0.0,0.0,0.0,0.0,4,5,0,0
1189,2017-05-13,aca2eb7d00ea1a7b8ebd4e68314663af,0.0,0.0,0.0,0.0,0.0,0.0,0.0,0.0,5,5,1,0
1199,2017-05-14,aca2eb7d00ea1a7b8ebd4e68314663af,0.0,0.0,0.0,0.0,0.0,0.0,0.0,0.0,6,5,1,0
1209,2017-05-15,aca2eb7d00ea1a7b8ebd4e68314663af,0.0,0.0,0.0,0.0,0.0,0.0,0.0,0.0,0,5,0,0
1219,2017-05-16,aca2eb7d00ea1a7b8ebd4e68314663af,0.0,0.0,0.0,0.0,0.0,0.0,0.0,0.0,1,5,0,0
1229,2017-05-17,aca2eb7d00ea1a7b8ebd4e68314663af,0.0,0.0,0.0,0.0,0.0,0.0,0.0,0.0,2,5,0,0
1239,2017-05-18,aca2eb7d00ea1a7b8ebd4e68314663af,0.0,0.0,0.0,0.0,0.0,0.0,0.0,0.0,3,5,0,0
1249,2017-05-19,aca2eb7d00ea1a7b8ebd4e68314663af,0.0,0.0,0.0,0.0,0.0,0.0,0.0,0.0,4,5,0,0
1259,2017-05-20,aca2eb7d00ea1a7b8ebd4e68314663af,0.0,0.0,0.0,0.0,0.0,0.0,0.0,0.0,5,5,1,0
1269,2017-05-21,aca2eb7d00ea1a7b8ebd4e68314663af,0.0,0.0,0.0,0.0,0.0,0.0,0.0,0.0,6,5,1,0
1279,2017-05-22,aca2eb7d00ea1a7b8ebd4e68314663af,0.0,0.0,0.0,0.0,0.0,0.0,0.0,0.0,0,5,0,0
1289,2017-05-23,aca2eb7d00ea1a7b8ebd4e68314663af,0.0,0.0,0.0,0.0,0.0,0.0,0.0,0.0,1,5,0,0
1299,2017-05-24,aca2eb7d00ea1a7b8ebd4e68314663af,0.0,0.0,0.0,0.0,0.0,0.0,0.0,0.0,2,5,0,0
1309,2017-05-25,aca2eb7d00ea1a7b8ebd4e68314663af,0.0,0.0,0.0,0.0,0.0,0.0,0.0,0.0,3,5,0,0
1319,2017-05-26,aca2eb7d00ea1a7b8ebd4e68314663af,0.0,0.0,0.0,0.0,0.0,0.0,0.0,0.0,4,5,0,0
1329,2017-05-27,aca2eb7d00ea1a7b8ebd4e68314663af,0.0,0.0,0.0,0.0,0.0,0.0,0.0,0.0,5,5,1,0
1339,2017-05-28,aca2eb7d00ea1a7b8ebd4e68314663af,0.0,0.0,0.0,0.0,0.0,0.0,0.0,0.0,6,5,1,0
1349,2017-05-29,aca2eb7d00ea1a7b8ebd4e68314663af,0.0,0.0,0.0,0.0,0.0,0.0,0.0,0.0,0,5,0,0
1359,2017-05-30,aca2eb7d00ea1a7b8ebd4e68314663af,0.0,0.0,0.0,0.0,0.0,0.0,0.0,0.0,1,5,0,0
1369,2017-05-31,aca2eb7d00ea1a7b8ebd4e68314663af,0.0,0.0,0.0,0.0,0.0,0.0,0.0,0.0,2,5,0,0
1379,2017-06-01,aca2eb7d00ea1a7b8ebd4e68314663af,0.0,0.0,0.0,0.0,0.0,0.0,0.0,0.0,3,6,0,0
1389,2017-06-02,aca2eb7d00ea1a7b8ebd4e68314663af,0.0,0.0,0.0,0.0,0.0,0.0,0.0,0.0,4,6,0,0
1399,2017-06-03,aca2eb7d00ea1a7b8ebd4e68314663af,0.0,0.0,0.0,0.0,0.0,0.0,0.0,0.0,5,6,1,0
1409,2017-06-04,aca2eb7d00ea1a7b8ebd4e68314663af,0.0,0.0,0.0,0.0,0.0,0.0,0.0,0.0,6,6,1,0
1419,2017-06-05,aca2eb7d00ea1a7b8ebd4e68314663af,0.0,0.0,0.0,0.0,0.0,0.0,0.0,0.0,0,6,0,0
1429,2017-06-06,aca2eb7d00ea1a7b8ebd4e68314663af,0.0,0.0,0.0,0.0,0.0,0.0,0.0,0.0,1,6,0,0
1439,2017-06-07,aca2eb7d00ea1a7b8ebd4e68314663af,0.0,0.0,0.0,0.0,0.0,0.0,0.0,0.0,2,6,0,0
1449,2017-06-08,aca2eb7d00ea1a7b8ebd4e68314663af,0.0,0.0,0.0,0.0,0.0,0.0,0.0,0.0,3,6,0,0
1459,2017-06-09,aca2eb7d00ea1a7b8ebd4e68314663af,0.0,0.0,0.0,0.0,0.0,0.0,0.0,0.0,4,6,0,0
1469,2017-06-10,aca2eb7d00ea1a7b8ebd4e68314663af,0.0,0.0,0.0,0.0,0.0,0.0,0.0,0.0,5,6,1,0
1479,2017-06-11,aca2eb7d00ea1a7b8ebd4e68314663af,0.0,0.0,0.0,0.0,0.0,0.0,0.0,0.0,6,6,1,0
1489,2017-06-12,aca2eb7d00ea1a7b8ebd4e68314663af,0.0,0.0,0.0,0.0,0.0,0.0,0.0,0.0,0,6,0,0
1499,2017-06-13,aca2eb7d00ea1a7b8ebd4e68314663af,0.0,0.0,0.0,0.0,0.0,0.0,0.0,0.0,1,6,0,0
1509,2017-06-14,aca2eb7d00ea1a7b8ebd4e68314663af,0.0,0.0,0.0,0.0,0.0,0.0,0.0,0.0,2,6,0,0
1519,2017-06-15,aca2eb7d00ea1a7b8ebd4e68314663af,0.0,0.0,0.0,0.0,0.0,0.0,0.0,0.0,3,6,0,0
1529,2017-06-16,aca2eb7d00ea1a7b8ebd4e68314663af,0.0,0.0,0.0,0.0,0.0,0.0,0.0,0.0,4,6,0,0
1539,2017-06-17,aca2eb7d00ea1a7b8ebd4e68314663af,0.0,0.0,0.0,0.0,0.0,0.0,0.0,0.0,5,6,1,0
1549,2017-06-18,aca2eb7d00ea1a7b8ebd4e68314663af,0.0,0.0,0.0,0.0,0.0,0.0,0.0,0.0,6,6,1,0
1559,2017-06-19,aca2eb7d00ea1a7b8ebd4e68314663af,0.0,0.0,0.0,0.0,0.0,0.0,0.0,0.0,0,6,0,0
1569,2017-06-20,aca2eb7d00ea1a7b8ebd4e68314663af,0.0,0.0,0.0,0.0,0.0,0.0,0.0,0.0,1,6,0,0
1579,2017-06-21,aca2eb7d00ea1a7b8ebd4e68314663af,0.0,0.0,0.0,0.0,0.0,0.0,0.0,0.0,2,6,0,0
1589,2017-06-22,aca2eb7d00ea1a7b8ebd4e68314663af,0.0,0.0,0.0,0.0,0.0,0.0,0.0,0.0,3,6,0,0
1599,2017-06-23,aca2eb7d00ea1a7b8ebd4e68314663af,0.0,0.0,0.0,0.0,0.0,0.0,0.0,0.0,4,6,0,0
1609,2017-06-24,aca2eb7d00ea1a7b8ebd4e68314663af,0.0,0.0,0.0,0.0,0.0,0.0,0.0,0.0,5,6,1,0
1619,2017-06-25,aca2eb7d00ea1a7b8ebd4e68314663af,0.0,0.0,0.0,0.0,0.0,0.0,0.0,0.0,6,6,1,0
1629,2017-06-26,aca2eb7d00ea1a7b8ebd4e68314663af,0.0,0.0,0.0,0.0,0.0,0.0,0.0,0.0,0,6,0,0
1639,2017-06-27,aca2eb7d00ea1a7b8ebd4e68314663af,0.0,0.0,0.0,0.0,0.0,0.0,0.0,0.0,1,6,0,0
1649,2017-06-28,aca2eb7d00ea1a7b8ebd4e68314663af,0.0,0.0,0.0,0.0,0.0,0.0,0.0,0.0,2,6,0,0
1659,2017-06-29,aca2eb7d00ea1a7b8ebd4e68314663af,0.0,0.0,0.0,0.0,0.0,0.0,0.0,0.0,3,6,0,0
1669,2017-06-30,aca2eb7d00ea1a7b8ebd4e68314663af,0.0,0.0,0.0,0.0,0.0,0.0,0.0,0.0,4,6,0,0
1679,2017-07-01,aca2eb7d00ea1a7b8ebd4e68314663af,0.0,0.0,0.0,0.0,0.0,0.0,0.0,0.0,5,7,1,0
1689,2017-07-02,aca2eb7d00ea1a7b8ebd4e68314663af,0.0,0.0,0.0,0.0,0.0,0.0,0.0,0.0,6,7,1,0
1699,2017-07-03,aca2eb7d00ea1a7b8ebd4e68314663af,0.0,0.0,0.0,0.0,0.0,0.0,0.0,0.0,0,7,0,0
1709,2017-07-04,aca2eb7d00ea1a7b8ebd4e68314663af,0.0,0.0,0.0,0.0,0.0,0.0,0.0,0.0,1,7,0,0
1719,2017-07-05,aca2eb7d00ea1a7b8ebd4e68314663af,0.0,0.0,0.0,0.0,0.0,0.0,0.0,0.0,2,7,0,0
1729,2017-07-06,aca2eb7d00ea1a7b8ebd4e68314663af,0.0,0.0,0.0,0.0,0.0,0.0,0.0,0.0,3,7,0,0
1739,2017-07-07,aca2eb7d00ea1a7b8ebd4e68314663af,0.0,0.0,0.0,0.0,0.0,0.0,0.0,0.0,4,7,0,0
1749,2017-07-08,aca2eb7d00ea1a7b8ebd4e68314663af,0.0,0.0,0.0,0.0,0.0,0.0,0.0,0.0,5,7,1,0
1759,2017-07-09,aca2eb7d00ea1a7b8ebd4e68314663af,0.0,0.0,0.0,0.0,0.0,0.0,0.0,0.0,6,7,1,0
1769,2017-07-10,aca2eb7d00ea1a7b8ebd4e68314663af,0.0,0.0,0.0,0.0,0.0,0.0,0.0,0.0,0,7,0,0
1779,2017-07-11,aca2eb7d00ea1a7b8ebd4e68314663af,0.0,0.0,0.0,0.0,0.0,0.0,0.0,0.0,1,7,0,0
1789,2017-07-12,aca2eb7d00ea1a7b8ebd4e68314663af,0.0,0.0,0.0,0.0,0.0,0.0,0.0,0.0,2,7,0,0
1799,2017-07-13,aca2eb7d00ea1a7b8ebd4e68314663af,0.0,0.0,0.0,0.0,0.0,0.0,0.0,0.0,3,7,0,0
1809,2017-07-14,aca2eb7d00ea1a7b8ebd4e68314663af,0.0,0.0,0.0,0.0,0.0,0.0,0.0,0.0,4,7,0,0
1819,2017-07-15,aca2eb7d00ea1a7b8ebd4e68314663af,0.0,0.0,0.0,0.0,0.0,0.0,0.0,0.0,5,7,1,0
1829,2017-07-16,aca2eb7d00ea1a7b8ebd4e68314663af,0.0,0.0,0.0,0.0,0.0,0.0,0.0,0.0,6,7,1,0
1839,2017-07-17,aca2eb7d00ea1a7b8ebd4e68314663af,0.0,0.0,0.0,0.0,0.0,0.0,0.0,0.0,0,7,0,0
1849,2017-07-18,aca2eb7d00ea1a7b8ebd4e68314663af,0.0,0.0,0.0,0.0,0.0,0.0,0.0,0.0,1,7,0,0
1859,2017-07-19,aca2eb7d00ea1a7b8ebd4e68314663af,0.0,0.0,0.0,0.0,0.0,0.0,0.0,0.0,2,7,0,0
1869,2017-07-20,aca2eb7d00ea1a7b8ebd4e68314663af,0.0,0.0,0.0,0.0,0.0,0.0,0.0,0.0,3,7,0,0
1879,2017-07-21,aca2eb7d00ea1a7b8ebd4e68314663af,0.0,0.0,0.0,0.0,0.0,0.0,0.0,0.0,4,7,0,0
1889,2017-07-22,aca2eb7d00ea1a7b8ebd4e68314663af,0.0,0.0,0.0,0.0,0.0,0.0,0.0,0.0,5,7,1,0
1899,2017-07-23,aca2eb7d00ea1a7b8ebd4e68314663af,0.0,0.0,0.0,0.0,0.0,0.0,0.0,0.0,6,7,1,0
1909,2017-07-24,aca2eb7d00ea1a7b8ebd4e68314663af,0.0,0.0,0.0,0.0,0.0,0.0,0.0,0.0,0,7,0,0
1919,2017-07-25,aca2eb7d00ea1a7b8ebd4e68314663af,1.0,0.0,0.0,0.0,0.0,0.14285714285714285,0.37796447300922725,1.0,1,7,0,0
1929,2017-07-26,aca2eb7d00ea1a7b8ebd4e68314663af,0.0,1.0,0.0,0.0,0.0,0.14285714285714285,0.37796447300922725,-1.0,2,7,0,0
1939,2017-07-27,aca2eb7d00ea1a7b8ebd4e68314663af,0.0,0.0,1.0,0.0,0.0,0.14285714285714285,0.37796447300922725,0.0,3,7,0,0
1949,2017-07-28,aca2eb7d00ea1a7b8ebd4e68314663af,2.0,0.0,0.0,1.0,0.0,0.42857142857142855,0.7867957924694432,2.0,4,7,0,0
1959,2017-07-29,aca2eb7d00ea1a7b8ebd4e68314663af,2.0,2.0,0.0,0.0,0.0,0.7142857142857143,0.9511897312113419,0.0,5,7,1,0
1969,2017-07-30,aca2eb7d00ea1a7b8ebd4e68314663af,0.0,2.0,2.0,0.0,0.0,0.7142857142857143,0.9511897312113419,-2.0,6,7,1,0
1979,2017-07-31,aca2eb7d00ea1a7b8ebd4e68314663af,0.0,0.0,2.0,2.0,0.0,0.7142857142857143,0.9511897312113419,0.0,0,7,0,0
1989,2017-08-01,aca2eb7d00ea1a7b8ebd4e68314663af,3.0,0.0,0.0,2.0,1.0,1.0,1.2909944487358056,3.0,1,8,0,0
1999,2017-08-02,aca2eb7d00ea1a7b8ebd4e68314663af,1.0,3.0,0.0,0.0,0.0,1.1428571428571428,1.2149857925879117,-2.0,2,8,0,0
2009,2017-08-03,aca2eb7d00ea1a7b8ebd4e68314663af,2.0,1.0,3.0,0.0,0.0,1.4285714285714286,1.1338934190276817,1.0,3,8,0,0
2019,2017-08-04,aca2eb7d00ea1a7b8ebd4e68314663af,2.0,2.0,1.0,3.0,2.0,1.4285714285714286,1.1338934190276817,0.0,4,8,0,0
2029,2017-08-05,aca2eb7d00ea1a7b8ebd4e68314663af,1.0,2.0,2.0,1.0,2.0,1.2857142857142858,1.1126972805283737,-1.0,5,8,1,0
2039,2017-08-06,aca2eb7d00ea1a7b8ebd4e68314663af,4.0,1.0,2.0,2.0,0.0,1.8571428571428572,1.3451854182690985,3.0,6,8,1,0
2049,2017-08-07,aca2eb7d00ea1a7b8ebd4e68314663af,0.0,4.0,1.0,2.0,0.0,1.8571428571428572,1.3451854182690985,-4.0,0,8,0,0
2059,2017-08-08,aca2eb7d00ea1a7b8ebd4e68314663af,0.0,0.0,4.0,1.0,3.0,1.4285714285714286,1.3972762620115438,0.0,1,8,0,0
2069,2017-08-09,aca2eb7d00ea1a7b8ebd4e68314663af,0.0,0.0,0.0,4.0,1.0,1.2857142857142858,1.4960264830861913,0.0,2,8,0,0
2079,2017-08-10,aca2eb7d00ea1a7b8ebd4e68314663af,0.0,0.0,0.0,0.0,2.0,1.0,1.5275252316519468,0.0,3,8,0,0
2089,2017-08-11,aca2eb7d00ea1a7b8ebd4e68314663af,0.0,0.0,0.0,0.0,2.0,0.7142857142857143,1.4960264830861913,0.0,4,8,0,0
2099,2017-08-12,aca2eb7d00ea1a7b8ebd4e68314663af,0.0,0.0,0.0,0.0,1.0,0.5714285714285714,1.511857892036909,0.0,5,8,1,0
2109,2017-08-13,aca2eb7d00ea1a7b8ebd4e68314663af,0.0,0.0,0.0,0.0,4.0,0.0,0.0,0.0,6,8,1,0
2119,2017-08-14,aca2eb7d00ea1a7b8ebd4e68314663af,0.0,0.0,0.0,0.0,0.0,0.0,0.0,0.0,0,8,0,0
2129,2017-08-15,aca2eb7d00ea1a7b8ebd4e68314663af,0.0,0.0,0.0,0.0,0.0,0.0,0.0,0.0,1,8,0,0
2139,2017-08-16,aca2eb7d00ea1a7b8ebd4e68314663af,0.0,0.0,0.0,0.0,0.0,0.0,0.0,0.0,2,8,0,0
2149,2017-08-17,aca2eb7d00ea1a7b8ebd4e68314663af,0.0,0.0,0.0,0.0,0.0,0.0,0.0,0.0,3,8,0,0
2159,2017-08-18,aca2eb7d00ea1a7b8ebd4e68314663af,0.0,0.0,0.0,0.0,0.0,0.0,0.0,0.0,4,8,0,0
2169,2017-08-19,aca2eb7d00ea1a7b8ebd4e68314663af,0.0,0.0,0.0,0.0,0.0,0.0,0.0,0.0,5,8,1,0
2179,2017-08-20,aca2eb7d00ea1a7b8ebd4e68314663af,0.0,0.0,0.0,0.0,0.0,0.0,0.0,0.0,6,8,1,0
2189,2017-08-21,aca2eb7d00ea1a7b8ebd4e68314663af,0.0,0.0,0.0,0.0,0.0,0.0,0.0,0.0,0,8,0,0
2199,2017-08-22,aca2eb7d00ea1a7b8ebd4e68314663af,0.0,0.0,0.0,0.0,0.0,0.0,0.0,0.0,1,8,0,0
2209,2017-08-23,aca2eb7d00ea1a7b8ebd4e68314663af,0.0,0.0,0.0,0.0,0.0,0.0,0.0,0.0,2,8,0,0
2219,2017-08-24,aca2eb7d00ea1a7b8ebd4e68314663af,0.0,0.0,0.0,0.0,0.0,0.0,0.0,0.0,3,8,0,0
2229,2017-08-25,aca2eb7d00ea1a7b8ebd4e68314663af,0.0,0.0,0.0,0.0,0.0,0.0,0.0,0.0,4,8,0,0
2239,2017-08-26,aca2eb7d00ea1a7b8ebd4e68314663af,0.0,0.0,0.0,0.0,0.0,0.0,0.0,0.0,5,8,1,0
2249,2017-08-27,aca2eb7d00ea1a7b8ebd4e68314663af,0.0,0.0,0.0,0.0,0.0,0.0,0.0,0.0,6,8,1,0
2259,2017-08-28,aca2eb7d00ea1a7b8ebd4e68314663af,0.0,0.0,0.0,0.0,0.0,0.0,0.0,0.0,0,8,0,0
2269,2017-08-29,aca2eb7d00ea1a7b8ebd4e68314663af,0.0,0.0,0.0,0.0,0.0,0.0,0.0,0.0,1,8,0,0
2279,2017-08-30,aca2eb7d00ea1a7b8ebd4e68314663af,0.0,0.0,0.0,0.0,0.0,0.0,0.0,0.0,2,8,0,0
2289,2017-08-31,aca2eb7d00ea1a7b8ebd4e68314663af,0.0,0.0,0.0,0.0,0.0,0.0,0.0,0.0,3,8,0,0
2299,2017-09-01,aca2eb7d00ea1a7b8ebd4e68314663af,0.0,0.0,0.0,0.0,0.0,0.0,0.0,0.0,4,9,0,0
2309,2017-09-02,aca2eb7d00ea1a7b8ebd4e68314663af,0.0,0.0,0.0,0.0,0.0,0.0,0.0,0.0,5,9,1,0
2319,2017-09-03,aca2eb7d00ea1a7b8ebd4e68314663af,0.0,0.0,0.0,0.0,0.0,0.0,0.0,0.0,6,9,1,0
2329,2017-09-04,aca2eb7d00ea1a7b8ebd4e68314663af,0.0,0.0,0.0,0.0,0.0,0.0,0.0,0.0,0,9,0,0
2339,2017-09-05,aca2eb7d00ea1a7b8ebd4e68314663af,0.0,0.0,0.0,0.0,0.0,0.0,0.0,0.0,1,9,0,0
2349,2017-09-06,aca2eb7d00ea1a7b8ebd4e68314663af,0.0,0.0,0.0,0.0,0.0,0.0,0.0,0.0,2,9,0,0
2359,2017-09-07,aca2eb7d00ea1a7b8ebd4e68314663af,0.0,0.0,0.0,0.0,0.0,0.0,0.0,0.0,3,9,0,0
2369,2017-09-08,aca2eb7d00ea1a7b8ebd4e68314663af,0.0,0.0,0.0,0.0,0.0,0.0,0.0,0.0,4,9,0,0
2379,2017-09-09,aca2eb7d00ea1a7b8ebd4e68314663af,0.0,0.0,0.0,0.0,0.0,0.0,0.0,0.0,5,9,1,0
2389,2017-09-10,aca2eb7d00ea1a7b8ebd4e68314663af,0.0,0.0,0.0,0.0,0.0,0.0,0.0,0.0,6,9,1,0
2399,2017-09-11,aca2eb7d00ea1a7b8ebd4e68314663af,0.0,0.0,0.0,0.0,0.0,0.0,0.0,0.0,0,9,0,0
2409,2017-09-12,aca2eb7d00ea1a7b8ebd4e68314663af,0.0,0.0,0.0,0.0,0.0,0.0,0.0,0.0,1,9,0,0
2419,2017-09-13,aca2eb7d00ea1a7b8ebd4e68314663af,0.0,0.0,0.0,0.0,0.0,0.0,0.0,0.0,2,9,0,0
2429,2017-09-14,aca2eb7d00ea1a7b8ebd4e68314663af,0.0,0.0,0.0,0.0,0.0,0.0,0.0,0.0,3,9,0,0
2439,2017-09-15,aca2eb7d00ea1a7b8ebd4e68314663af,0.0,0.0,0.0,0.0,0.0,0.0,0.0,0.0,4,9,0,0
2449,2017-09-16,aca2eb7d00ea1a7b8ebd4e68314663af,0.0,0.0,0.0,0.0,0.0,0.0,0.0,0.0,5,9,1,0
2459,2017-09-17,aca2eb7d00ea1a7b8ebd4e68314663af,0.0,0.0,0.0,0.0,0.0,0.0,0.0,0.0,6,9,1,0
2469,2017-09-18,aca2eb7d00ea1a7b8ebd4e68314663af,0.0,0.0,0.0,0.0,0.0,0.0,0.0,0.0,0,9,0,0
2479,2017-09-19,aca2eb7d00ea1a7b8ebd4e68314663af,0.0,0.0,0.0,0.0,0.0,0.0,0.0,0.0,1,9,0,0
2489,2017-09-20,aca2eb7d00ea1a7b8ebd4e68314663af,0.0,0.0,0.0,0.0,0.0,0.0,0.0,0.0,2,9,0,0
2499,2017-09-21,aca2eb7d00ea1a7b8ebd4e68314663af,0.0,0.0,0.0,0.0,0.0,0.0,0.0,0.0,3,9,0,0
2509,2017-09-22,aca2eb7d00ea1a7b8ebd4e68314663af,0.0,0.0,0.0,0.0,0.0,0.0,0.0,0.0,4,9,0,0
2519,2017-09-23,aca2eb7d00ea1a7b8ebd4e68314663af,0.0,0.0,0.0,0.0,0.0,0.0,0.0,0.0,5,9,1,0
2529,2017-09-24,aca2eb7d00ea1a7b8ebd4e68314663af,0.0,0.0,0.0,0.0,0.0,0.0,0.0,0.0,6,9,1,0
2539,2017-09-25,aca2eb7d00ea1a7b8ebd4e68314663af,0.0,0.0,0.0,0.0,0.0,0.0,0.0,0.0,0,9,0,0
2549,2017-09-26,aca2eb7d00ea1a7b8ebd4e68314663af,0.0,0.0,0.0,0.0,0.0,0.0,0.0,0.0,1,9,0,0
2559,2017-09-27,aca2eb7d00ea1a7b8ebd4e68314663af,0.0,0.0,0.0,0.0,0.0,0.0,0.0,0.0,2,9,0,0
2569,2017-09-28,aca2eb7d00ea1a7b8ebd4e68314663af,0.0,0.0,0.0,0.0,0.0,0.0,0.0,0.0,3,9,0,0
2579,2017-09-29,aca2eb7d00ea1a7b8ebd4e68314663af,0.0,0.0,0.0,0.0,0.0,0.0,0.0,0.0,4,9,0,0
2589,2017-09-30,aca2eb7d00ea1a7b8ebd4e68314663af,0.0,0.0,0.0,0.0,0.0,0.0,0.0,0.0,5,9,1,0
2599,2017-10-01,aca2eb7d00ea1a7b8ebd4e68314663af,0.0,0.0,0.0,0.0,0.0,0.0,0.0,0.0,6,10,1,0
2609,2017-10-02,aca2eb7d00ea1a7b8ebd4e68314663af,0.0,0.0,0.0,0.0,0.0,0.0,0.0,0.0,0,10,0,0
2619,2017-10-03,aca2eb7d00ea1a7b8ebd4e68314663af,0.0,0.0,0.0,0.0,0.0,0.0,0.0,0.0,1,10,0,0
2629,2017-10-04,aca2eb7d00ea1a7b8ebd4e68314663af,0.0,0.0,0.0,0.0,0.0,0.0,0.0,0.0,2,10,0,0
2639,2017-10-05,aca2eb7d00ea1a7b8ebd4e68314663af,0.0,0.0,0.0,0.0,0.0,0.0,0.0,0.0,3,10,0,0
2649,2017-10-06,aca2eb7d00ea1a7b8ebd4e68314663af,0.0,0.0,0.0,0.0,0.0,0.0,0.0,0.0,4,10,0,0
2659,2017-10-07,aca2eb7d00ea1a7b8ebd4e68314663af,1.0,0.0,0.0,0.0,0.0,0.14285714285714285,0.37796447300922725,1.0,5,10,1,0
2669,2017-10-08,aca2eb7d00ea1a7b8ebd4e68314663af,0.0,1.0,0.0,0.0,0.0,0.14285714285714285,0.37796447300922725,-1.0,6,10,1,0
2679,2017-10-09,aca2eb7d00ea1a7b8ebd4e68314663af,0.0,0.0,1.0,0.0,0.0,0.14285714285714285,0.37796447300922725,0.0,0,10,0,0
2689,2017-10-10,aca2eb7d00ea1a7b8ebd4e68314663af,0.0,0.0,0.0,1.0,0.0,0.14285714285714285,0.37796447300922725,0.0,1,10,0,0
2699,2017-10-11,aca2eb7d00ea1a7b8ebd4e68314663af,1.0,0.0,0.0,0.0,0.0,0.2857142857142857,0.4879500364742666,1.0,2,10,0,0
2709,2017-10-12,aca2eb7d00ea1a7b8ebd4e68314663af,0.0,1.0,0.0,0.0,0.0,0.2857142857142857,0.48795003647426666,-1.0,3,10,0,0
2719,2017-10-13,aca2eb7d00ea1a7b8ebd4e68314663af,0.0,0.0,1.0,0.0,0.0,0.2857142857142857,0.48795003647426666,0.0,4,10,0,0
2729,2017-10-14,aca2eb7d00ea1a7b8ebd4e68314663af,0.0,0.0,0.0,1.0,1.0,0.14285714285714285,0.3779644730092273,0.0,5,10,1,0
2739,2017-10-15,aca2eb7d00ea1a7b8ebd4e68314663af,0.0,0.0,0.0,0.0,0.0,0.14285714285714285,0.3779644730092273,0.0,6,10,1,0
2749,2017-10-16,aca2eb7d00ea1a7b8ebd4e68314663af,0.0,0.0,0.0,0.0,0.0,0.14285714285714285,0.3779644730092273,0.0,0,10,0,0
2759,2017-10-17,aca2eb7d00ea1a7b8ebd4e68314663af,0.0,0.0,0.0,0.0,0.0,0.14285714285714285,0.3779644730092273,0.0,1,10,0,0
2769,2017-10-18,aca2eb7d00ea1a7b8ebd4e68314663af,0.0,0.0,0.0,0.0,1.0,0.0,0.0,0.0,2,10,0,0
2779,2017-10-19,aca2eb7d00ea1a7b8ebd4e68314663af,0.0,0.0,0.0,0.0,0.0,0.0,0.0,0.0,3,10,0,0
2789,2017-10-20,aca2eb7d00ea1a7b8ebd4e68314663af,0.0,0.0,0.0,0.0,0.0,0.0,0.0,0.0,4,10,0,0
2799,2017-10-21,aca2eb7d00ea1a7b8ebd4e68314663af,0.0,0.0,0.0,0.0,0.0,0.0,0.0,0.0,5,10,1,0
2809,2017-10-22,aca2eb7d00ea1a7b8ebd4e68314663af,0.0,0.0,0.0,0.0,0.0,0.0,0.0,0.0,6,10,1,0
2819,2017-10-23,aca2eb7d00ea1a7b8ebd4e68314663af,0.0,0.0,0.0,0.0,0.0,0.0,0.0,0.0,0,10,0,0
2829,2017-10-24,aca2eb7d00ea1a7b8ebd4e68314663af,0.0,0.0,0.0,0.0,0.0,0.0,0.0,0.0,1,10,0,0
2839,2017-10-25,aca2eb7d00ea1a7b8ebd4e68314663af,0.0,0.0,0.0,0.0,0.0,0.0,0.0,0.0,2,10,0,0
2849,2017-10-26,aca2eb7d00ea1a7b8ebd4e68314663af,0.0,0.0,0.0,0.0,0.0,0.0,0.0,0.0,3,10,0,0
2859,2017-10-27,aca2eb7d00ea1a7b8ebd4e68314663af,0.0,0.0,0.0,0.0,0.0,0.0,0.0,0.0,4,10,0,0
2869,2017-10-28,aca2eb7d00ea1a7b8ebd4e68314663af,0.0,0.0,0.0,0.0,0.0,0.0,0.0,0.0,5,10,1,0
2879,2017-10-29,aca2eb7d00ea1a7b8ebd4e68314663af,0.0,0.0,0.0,0.0,0.0,0.0,0.0,0.0,6,10,1,0
2889,2017-10-30,aca2eb7d00ea1a7b8ebd4e68314663af,0.0,0.0,0.0,0.0,0.0,0.0,0.0,0.0,0,10,0,0
2899,2017-10-31,aca2eb7d00ea1a7b8ebd4e68314663af,3.0,0.0,0.0,0.0,0.0,0.42857142857142855,1.1338934190276817,3.0,1,10,0,0
2909,2017-11-01,aca2eb7d00ea1a7b8ebd4e68314663af,0.0,3.0,0.0,0.0,0.0,0.42857142857142855,1.1338934190276817,-3.0,2,11,0,1
2919,2017-11-02,aca2eb7d00ea1a7b8ebd4e68314663af,0.0,0.0,3.0,0.0,0.0,0.42857142857142855,1.1338934190276817,0.0,3,11,0,1
2929,2017-11-03,aca2eb7d00ea1a7b8ebd4e68314663af,0.0,0.0,0.0,3.0,0.0,0.42857142857142855,1.1338934190276817,0.0,4,11,0,1
2939,2017-11-04,aca2eb7d00ea1a7b8ebd4e68314663af,0.0,0.0,0.0,0.0,0.0,0.42857142857142855,1.1338934190276817,0.0,5,11,1,1
2949,2017-11-05,aca2eb7d00ea1a7b8ebd4e68314663af,0.0,0.0,0.0,0.0,0.0,0.42857142857142855,1.1338934190276817,0.0,6,11,1,1
2959,2017-11-06,aca2eb7d00ea1a7b8ebd4e68314663af,0.0,0.0,0.0,0.0,0.0,0.42857142857142855,1.1338934190276817,0.0,0,11,0,1
2969,2017-11-07,aca2eb7d00ea1a7b8ebd4e68314663af,0.0,0.0,0.0,0.0,3.0,0.0,0.0,0.0,1,11,0,1
2979,2017-11-08,aca2eb7d00ea1a7b8ebd4e68314663af,0.0,0.0,0.0,0.0,0.0,0.0,0.0,0.0,2,11,0,1
2989,2017-11-09,aca2eb7d00ea1a7b8ebd4e68314663af,0.0,0.0,0.0,0.0,0.0,0.0,0.0,0.0,3,11,0,1
2999,2017-11-10,aca2eb7d00ea1a7b8ebd4e68314663af,4.0,0.0,0.0,0.0,0.0,0.5714285714285714,1.511857892036909,4.0,4,11,0,1
3009,2017-11-11,aca2eb7d00ea1a7b8ebd4e68314663af,1.0,4.0,0.0,0.0,0.0,0.7142857142857143,1.4960264830861913,-3.0,5,11,1,1
3019,2017-11-12,aca2eb7d00ea1a7b8ebd4e68314663af,3.0,1.0,4.0,0.0,0.0,1.1428571428571428,1.6761634196950517,2.0,6,11,1,1
3029,2017-11-13,aca2eb7d00ea1a7b8ebd4e68314663af,0.0,3.0,1.0,4.0,0.0,1.1428571428571428,1.6761634196950517,-3.0,0,11,0,1
3039,2017-11-14,aca2eb7d00ea1a7b8ebd4e68314663af,1.0,0.0,3.0,1.0,0.0,1.2857142857142858,1.6035674514745464,1.0,1,11,0,1
3049,2017-11-15,aca2eb7d00ea1a7b8ebd4e68314663af,0.0,1.0,0.0,3.0,0.0,1.2857142857142858,1.6035674514745464,-1.0,2,11,0,1
3059,2017-11-16,aca2eb7d00ea1a7b8ebd4e68314663af,5.0,0.0,1.0,0.0,0.0,2.0,2.0,5.0,3,11,0,1
3069,2017-11-17,aca2eb7d00ea1a7b8ebd4e68314663af,6.0,5.0,0.0,1.0,4.0,2.2857142857142856,2.4299715851758235,1.0,4,11,0,1
3079,2017-11-18,aca2eb7d00ea1a7b8ebd4e68314663af,5.0,6.0,5.0,0.0,1.0,2.857142857142857,2.544836041121407,-1.0,5,11,1,1
3089,2017-11-19,aca2eb7d00ea1a7b8ebd4e68314663af,4.0,5.0,6.0,5.0,3.0,3.0,2.5819888974716108,-1.0,6,11,1,1
3099,2017-11-20,aca2eb7d00ea1a7b8ebd4e68314663af,1.0,4.0,5.0,6.0,0.0,3.142857142857143,2.4102953780654786,-3.0,0,11,0,1
3109,2017-11-21,aca2eb7d00ea1a7b8ebd4e68314663af,2.0,1.0,4.0,5.0,1.0,3.2857142857142856,2.288688541085317,1.0,1,11,0,1
3119,2017-11-22,aca2eb7d00ea1a7b8ebd4e68314663af,0.0,2.0,1.0,4.0,0.0,3.2857142857142856,2.288688541085317,-2.0,2,11,0,1
3129,2017-11-23,aca2eb7d00ea1a7b8ebd4e68314663af,0.0,0.0,2.0,1.0,5.0,2.5714285714285716,2.4397501823713323,0.0,3,11,0,1
3139,2017-11-24,aca2eb7d00ea1a7b8ebd4e68314663af,2.0,0.0,0.0,2.0,6.0,2.0,1.9148542155126755,2.0,4,11,0,1
3149,2017-11-25,aca2eb7d00ea1a7b8ebd4e68314663af,1.0,2.0,0.0,0.0,5.0,1.4285714285714286,1.3972762620115429,-1.0,5,11,1,1
3159,2017-11-26,aca2eb7d00ea1a7b8ebd4e68314663af,0.0,1.0,2.0,0.0,4.0,0.8571428571428571,0.899735410842436,-1.0,6,11,1,1
3169,2017-11-27,aca2eb7d00ea1a7b8ebd4e68314663af,0.0,0.0,1.0,2.0,1.0,0.7142857142857143,0.9511897312113406,0.0,0,11,0,1
3179,2017-11-28,aca2eb7d00ea1a7b8ebd4e68314663af,6.0,0.0,0.0,1.0,2.0,1.2857142857142858,2.2146697055682822,6.0,1,11,0,1
3189,2017-11-29,aca2eb7d00ea1a7b8ebd4e68314663af,2.0,6.0,0.0,0.0,0.0,1.5714285714285714,2.1491969707422394,-4.0,2,11,0,1
3199,2017-11-30,aca2eb7d00ea1a7b8ebd4e68314663af,1.0,2.0,6.0,0.0,0.0,1.7142857142857142,2.058663459163551,-1.0,3,11,0,1
3209,2017-12-01,aca2eb7d00ea1a7b8ebd4e68314663af,5.0,1.0,2.0,6.0,2.0,2.142857142857143,2.410295378065479,4.0,4,12,0,0
3219,2017-12-02,aca2eb7d00ea1a7b8ebd4e68314663af,1.0,5.0,1.0,2.0,1.0,2.142857142857143,2.410295378065479,-4.0,5,12,1,0
3229,2017-12-03,aca2eb7d00ea1a7b8ebd4e68314663af,1.0,1.0,5.0,1.0,0.0,2.2857142857142856,2.2886885410853175,0.0,6,12,1,0
3239,2017-12-04,aca2eb7d00ea1a7b8ebd4e68314663af,1.0,1.0,1.0,5.0,0.0,2.4285714285714284,2.14919697074224,0.0,0,12,0,0
3249,2017-12-05,aca2eb7d00ea1a7b8ebd4e68314663af,2.0,1.0,1.0,1.0,6.0,1.8571428571428572,1.4638501094227994,1.0,1,12,0,0
3259,2017-12-06,aca2eb7d00ea1a7b8ebd4e68314663af,5.0,2.0,1.0,1.0,2.0,2.2857142857142856,1.8898223650461359,3.0,2,12,0,0
3269,2017-12-07,aca2eb7d00ea1a7b8ebd4e68314663af,3.0,5.0,2.0,1.0,1.0,2.5714285714285716,1.8126539343499313,-2.0,3,12,0,0
3279,2017-12-08,aca2eb7d00ea1a7b8ebd4e68314663af,2.0,3.0,5.0,2.0,5.0,2.142857142857143,1.4638501094227994,-1.0,4,12,0,0
3289,2017-12-09,aca2eb7d00ea1a7b8ebd4e68314663af,0.0,2.0,3.0,5.0,1.0,2.0,1.6329931618554518,-2.0,5,12,1,0
3299,2017-12-10,aca2eb7d00ea1a7b8ebd4e68314663af,1.0,0.0,2.0,3.0,1.0,2.0,1.6329931618554518,1.0,6,12,1,0
3309,2017-12-11,aca2eb7d00ea1a7b8ebd4e68314663af,1.0,1.0,0.0,2.0,1.0,2.0,1.6329931618554518,0.0,0,12,0,0
3319,2017-12-12,aca2eb7d00ea1a7b8ebd4e68314663af,4.0,1.0,1.0,0.0,2.0,2.2857142857142856,1.7994708216848745,3.0,1,12,0,0
3329,2017-12-13,aca2eb7d00ea1a7b8ebd4e68314663af,1.0,4.0,1.0,1.0,5.0,1.7142857142857142,1.3801311186847078,-3.0,2,12,0,0
3339,2017-12-14,aca2eb7d00ea1a7b8ebd4e68314663af,1.0,1.0,4.0,1.0,3.0,1.4285714285714286,1.2724180205607027,0.0,3,12,0,0
3349,2017-12-15,aca2eb7d00ea1a7b8ebd4e68314663af,5.0,1.0,1.0,4.0,2.0,1.8571428571428572,1.8644544714716085,4.0,4,12,0,0
3359,2017-12-16,aca2eb7d00ea1a7b8ebd4e68314663af,0.0,5.0,1.0,1.0,0.0,1.8571428571428572,1.8644544714716085,-5.0,5,12,1,0
3369,2017-12-17,aca2eb7d00ea1a7b8ebd4e68314663af,0.0,0.0,5.0,1.0,1.0,1.7142857142857142,1.976047040118707,0.0,6,12,1,0
3379,2017-12-18,aca2eb7d00ea1a7b8ebd4e68314663af,0.0,0.0,0.0,5.0,1.0,1.5714285714285714,2.070196678027062,0.0,0,12,0,0
3389,2017-12-19,aca2eb7d00ea1a7b8ebd4e68314663af,0.0,0.0,0.0,0.0,4.0,1.0,1.825741858350553,0.0,1,12,0,0
3399,2017-12-20,aca2eb7d00ea1a7b8ebd4e68314663af,0.0,0.0,0.0,0.0,1.0,0.8571428571428571,1.864454471471608,0.0,2,12,0,0
3409,2017-12-21,aca2eb7d00ea1a7b8ebd4e68314663af,2.0,0.0,0.0,0.0,1.0,1.0,1.9148542155126755,2.0,3,12,0,0
3419,2017-12-22,aca2eb7d00ea1a7b8ebd4e68314663af,1.0,2.0,0.0,0.0,5.0,0.42857142857142855,0.7867957924694412,-1.0,4,12,0,0
3429,2017-12-23,aca2eb7d00ea1a7b8ebd4e68314663af,0.0,1.0,2.0,0.0,0.0,0.42857142857142855,0.7867957924694412,-1.0,5,12,1,0
3439,2017-12-24,aca2eb7d00ea1a7b8ebd4e68314663af,1.0,0.0,1.0,2.0,0.0,0.5714285714285714,0.7867957924694412,1.0,6,12,1,0
3449,2017-12-25,aca2eb7d00ea1a7b8ebd4e68314663af,3.0,1.0,0.0,1.0,0.0,1.0,1.1547005383792504,2.0,0,12,0,0
3459,2017-12-26,aca2eb7d00ea1a7b8ebd4e68314663af,3.0,3.0,1.0,0.0,0.0,1.4285714285714286,1.2724180205607025,0.0,1,12,0,0
3469,2017-12-27,aca2eb7d00ea1a7b8ebd4e68314663af,0.0,3.0,3.0,1.0,0.0,1.4285714285714286,1.2724180205607025,-3.0,2,12,0,0
3479,2017-12-28,aca2eb7d00ea1a7b8ebd4e68314663af,0.0,0.0,3.0,3.0,2.0,1.1428571428571428,1.3451854182690974,0.0,3,12,0,0
3489,2017-12-29,aca2eb7d00ea1a7b8ebd4e68314663af,2.0,0.0,0.0,3.0,1.0,1.2857142857142858,1.3801311186847076,2.0,4,12,0,0
3499,2017-12-30,aca2eb7d00ea1a7b8ebd4e68314663af,1.0,2.0,0.0,0.0,0.0,1.4285714285714286,1.2724180205607025,-1.0,5,12,1,0
3509,2017-12-31,aca2eb7d00ea1a7b8ebd4e68314663af,1.0,1.0,2.0,0.0,1.0,1.4285714285714286,1.2724180205607025,0.0,6,12,1,0
3519,2018-01-01,aca2eb7d00ea1a7b8ebd4e68314663af,0.0,1.0,1.0,2.0,3.0,1.0,1.1547005383792504,-1.0,0,1,0,0
3529,2018-01-02,aca2eb7d00ea1a7b8ebd4e68314663af,2.0,0.0,1.0,1.0,3.0,0.8571428571428571,0.8997354108424356,2.0,1,1,0,0
3539,2018-01-03,aca2eb7d00ea1a7b8ebd4e68314663af,1.0,2.0,0.0,1.0,0.0,1.0,0.8164965809277241,-1.0,2,1,0,0
3549,2018-01-04,aca2eb7d00ea1a7b8ebd4e68314663af,16.0,1.0,2.0,0.0,0.0,3.2857142857142856,5.648430038936652,15.0,3,1,0,0
3559,2018-01-05,aca2eb7d00ea1a7b8ebd4e68314663af,13.0,16.0,1.0,2.0,2.0,4.857142857142857,6.66904719402933,-3.0,4,1,0,0
3569,2018-01-06,aca2eb7d00ea1a7b8ebd4e68314663af,8.0,13.0,16.0,1.0,1.0,5.857142857142857,6.517376042257381,-5.0,5,1,1,0
3579,2018-01-07,aca2eb7d00ea1a7b8ebd4e68314663af,2.0,8.0,13.0,16.0,1.0,6.0,6.403124237432849,-6.0,6,1,1,0
3589,2018-01-08,aca2eb7d00ea1a7b8ebd4e68314663af,7.0,2.0,8.0,13.0,0.0,7.0,5.830951894845301,5.0,0,1,0,0
3599,2018-01-09,aca2eb7d00ea1a7b8ebd4e68314663af,4.0,7.0,2.0,8.0,2.0,7.285714285714286,5.589105048046177,-3.0,1,1,0,0
3609,2018-01-10,aca2eb7d00ea1a7b8ebd4e68314663af,8.0,4.0,7.0,2.0,1.0,8.285714285714286,4.855041562276124,4.0,2,1,0,0
3619,2018-01-11,aca2eb7d00ea1a7b8ebd4e68314663af,8.0,8.0,4.0,7.0,16.0,7.142857142857143,3.4846602621858502,0.0,3,1,0,0
3629,2018-01-12,aca2eb7d00ea1a7b8ebd4e68314663af,3.0,8.0,8.0,4.0,13.0,5.714285714285714,2.6276913640612203,-5.0,4,1,0,0
3639,2018-01-13,aca2eb7d00ea1a7b8ebd4e68314663af,6.0,3.0,8.0,8.0,8.0,5.428571428571429,2.439750182371335,3.0,5,1,1,0
3649,2018-01-14,aca2eb7d00ea1a7b8ebd4e68314663af,2.0,6.0,3.0,8.0,2.0,5.428571428571429,2.439750182371335,-4.0,6,1,1,0
3659,2018-01-15,aca2eb7d00ea1a7b8ebd4e68314663af,7.0,2.0,6.0,3.0,7.0,5.428571428571429,2.439750182371335,5.0,0,1,0,0
3669,2018-01-16,aca2eb7d00ea1a7b8ebd4e68314663af,3.0,7.0,2.0,6.0,4.0,5.285714285714286,2.563479777846625,-4.0,1,1,0,0
3679,2018-01-17,aca2eb7d00ea1a7b8ebd4e68314663af,4.0,3.0,7.0,2.0,8.0,4.714285714285714,2.2886885410853197,1.0,2,1,0,0
3689,2018-01-18,aca2eb7d00ea1a7b8ebd4e68314663af,5.0,4.0,3.0,7.0,8.0,4.285714285714286,1.7994708216848778,1.0,3,1,0,0
3699,2018-01-19,aca2eb7d00ea1a7b8ebd4e68314663af,6.0,5.0,4.0,3.0,3.0,4.714285714285714,1.7994708216848778,1.0,4,1,0,0
3709,2018-01-20,aca2eb7d00ea1a7b8ebd4e68314663af,0.0,6.0,5.0,4.0,6.0,3.857142857142857,2.410295378065481,-6.0,5,1,1,0
3719,2018-01-21,aca2eb7d00ea1a7b8ebd4e68314663af,5.0,0.0,6.0,5.0,2.0,4.285714285714286,2.2886885410853197,5.0,6,1,1,0
3729,2018-01-22,aca2eb7d00ea1a7b8ebd4e68314663af,4.0,5.0,0.0,6.0,7.0,3.857142857142857,1.9518001458970693,-1.0,0,1,0,0
3739,2018-01-23,aca2eb7d00ea1a7b8ebd4e68314663af,3.0,4.0,5.0,0.0,3.0,3.857142857142857,1.9518001458970693,-1.0,1,1,0,0
3749,2018-01-24,aca2eb7d00ea1a7b8ebd4e68314663af,2.0,3.0,4.0,5.0,4.0,3.5714285714285716,2.0701966780270653,-1.0,2,1,0,0
3759,2018-01-25,aca2eb7d00ea1a7b8ebd4e68314663af,2.0,2.0,3.0,4.0,5.0,3.142857142857143,2.035400978396432,0.0,3,1,0,0
3769,2018-01-26,aca2eb7d00ea1a7b8ebd4e68314663af,0.0,2.0,2.0,3.0,6.0,2.2857142857142856,1.8898223650461388,-2.0,4,1,0,0
3779,2018-01-27,aca2eb7d00ea1a7b8ebd4e68314663af,1.0,0.0,2.0,2.0,0.0,2.4285714285714284,1.7182493859684518,1.0,5,1,1,0
3789,2018-01-28,aca2eb7d00ea1a7b8ebd4e68314663af,0.0,1.0,0.0,2.0,5.0,1.7142857142857142,1.4960264830861945,-1.0,6,1,1,0
3799,2018-01-29,aca2eb7d00ea1a7b8ebd4e68314663af,0.0,0.0,1.0,0.0,4.0,1.1428571428571428,1.2149857925879155,0.0,0,1,0,0
3809,2018-01-30,aca2eb7d00ea1a7b8ebd4e68314663af,0.0,0.0,0.0,1.0,3.0,0.7142857142857143,0.9511897312113464,0.0,1,1,0,0
3819,2018-01-31,aca2eb7d00ea1a7b8ebd4e68314663af,0.0,0.0,0.0,0.0,2.0,0.42857142857142855,0.7867957924694486,0.0,2,1,0,0
3829,2018-02-01,aca2eb7d00ea1a7b8ebd4e68314663af,0.0,0.0,0.0,0.0,2.0,0.14285714285714285,0.37796447300923847,0.0,3,2,0,0
3839,2018-02-02,aca2eb7d00ea1a7b8ebd4e68314663af,0.0,0.0,0.0,0.0,0.0,0.14285714285714285,0.37796447300923847,0.0,4,2,0,0
3849,2018-02-03,aca2eb7d00ea1a7b8ebd4e68314663af,0.0,0.0,0.0,0.0,1.0,0.0,0.0,0.0,5,2,1,0
3859,2018-02-04,aca2eb7d00ea1a7b8ebd4e68314663af,0.0,0.0,0.0,0.0,0.0,0.0,0.0,0.0,6,2,1,0
3869,2018-02-05,aca2eb7d00ea1a7b8ebd4e68314663af,0.0,0.0,0.0,0.0,0.0,0.0,0.0,0.0,0,2,0,0
3879,2018-02-06,aca2eb7d00ea1a7b8ebd4e68314663af,0.0,0.0,0.0,0.0,0.0,0.0,0.0,0.0,1,2,0,0
3889,2018-02-07,aca2eb7d00ea1a7b8ebd4e68314663af,0.0,0.0,0.0,0.0,0.0,0.0,0.0,0.0,2,2,0,0
3899,2018-02-08,aca2eb7d00ea1a7b8ebd4e68314663af,0.0,0.0,0.0,0.0,0.0,0.0,0.0,0.0,3,2,0,0
3909,2018-02-09,aca2eb7d00ea1a7b8ebd4e68314663af,0.0,0.0,0.0,0.0,0.0,0.0,0.0,0.0,4,2,0,0
3919,2018-02-10,aca2eb7d00ea1a7b8ebd4e68314663af,0.0,0.0,0.0,0.0,0.0,0.0,0.0,0.0,5,2,1,0
3929,2018-02-11,aca2eb7d00ea1a7b8ebd4e68314663af,0.0,0.0,0.0,0.0,0.0,0.0,0.0,0.0,6,2,1,0
3939,2018-02-12,aca2eb7d00ea1a7b8ebd4e68314663af,1.0,0.0,0.0,0.0,0.0,0.14285714285714285,0.37796447300922725,1.0,0,2,0,0
3949,2018-02-13,aca2eb7d00ea1a7b8ebd4e68314663af,2.0,1.0,0.0,0.0,0.0,0.42857142857142855,0.7867957924694432,1.0,1,2,0,0
3959,2018-02-14,aca2eb7d00ea1a7b8ebd4e68314663af,8.0,2.0,1.0,0.0,0.0,1.5714285714285714,2.9358214555806383,6.0,2,2,0,0
3969,2018-02-15,aca2eb7d00ea1a7b8ebd4e68314663af,3.0,8.0,2.0,1.0,0.0,2.0,2.886751345948129,-5.0,3,2,0,0
3979,2018-02-16,aca2eb7d00ea1a7b8ebd4e68314663af,0.0,3.0,8.0,2.0,0.0,2.0,2.886751345948129,-3.0,4,2,0,0
3989,2018-02-17,aca2eb7d00ea1a7b8ebd4e68314663af,2.0,0.0,3.0,8.0,0.0,2.2857142857142856,2.751622897751175,2.0,5,2,1,0
3999,2018-02-18,aca2eb7d00ea1a7b8ebd4e68314663af,0.0,2.0,0.0,3.0,0.0,2.2857142857142856,2.751622897751175,-2.0,6,2,1,0
4009,2018-02-19,aca2eb7d00ea1a7b8ebd4e68314663af,3.0,0.0,2.0,0.0,1.0,2.5714285714285716,2.699206232527312,3.0,0,2,0,0
4019,2018-02-20,aca2eb7d00ea1a7b8ebd4e68314663af,1.0,3.0,0.0,2.0,2.0,2.4285714285714284,2.760262237369417,-2.0,1,2,0,0
4029,2018-02-21,aca2eb7d00ea1a7b8ebd4e68314663af,2.0,1.0,3.0,0.0,8.0,1.5714285714285714,1.2724180205607034,1.0,2,2,0,0
4039,2018-02-22,aca2eb7d00ea1a7b8ebd4e68314663af,1.0,2.0,1.0,3.0,3.0,1.2857142857142858,1.1126972805283737,-1.0,3,2,0,0
4049,2018-02-23,aca2eb7d00ea1a7b8ebd4e68314663af,2.0,1.0,2.0,1.0,0.0,1.5714285714285714,0.9759000729485331,1.0,4,2,0,0
4059,2018-02-24,aca2eb7d00ea1a7b8ebd4e68314663af,1.0,2.0,1.0,2.0,2.0,1.4285714285714286,0.9759000729485332,-1.0,5,2,1,0
4069,2018-02-25,aca2eb7d00ea1a7b8ebd4e68314663af,0.0,1.0,2.0,1.0,0.0,1.4285714285714286,0.9759000729485332,-1.0,6,2,1,0
4079,2018-02-26,aca2eb7d00ea1a7b8ebd4e68314663af,6.0,0.0,1.0,2.0,3.0,1.8571428571428572,1.9518001458970662,6.0,0,2,0,0
4089,2018-02-27,aca2eb7d00ea1a7b8ebd4e68314663af,7.0,6.0,0.0,1.0,1.0,2.7142857142857144,2.6903708365381966,1.0,1,2,0,0
4099,2018-02-28,aca2eb7d00ea1a7b8ebd4e68314663af,5.0,7.0,6.0,0.0,2.0,3.142857142857143,2.794552524023087,-2.0,2,2,0,0
4109,2018-03-01,aca2eb7d00ea1a7b8ebd4e68314663af,1.0,5.0,7.0,6.0,1.0,3.142857142857143,2.794552524023087,-4.0,3,3,0,0
4119,2018-03-02,aca2eb7d00ea1a7b8ebd4e68314663af,4.0,1.0,5.0,7.0,2.0,3.4285714285714284,2.7602622373694166,3.0,4,3,0,0
4129,2018-03-03,aca2eb7d00ea1a7b8ebd4e68314663af,2.0,4.0,1.0,5.0,1.0,3.5714285714285716,2.6367367999823093,-2.0,5,3,1,0
4139,2018-03-04,aca2eb7d00ea1a7b8ebd4e68314663af,3.0,2.0,4.0,1.0,0.0,4.0,2.1602468994692856,1.0,6,3,1,0
4149,2018-03-05,aca2eb7d00ea1a7b8ebd4e68314663af,7.0,3.0,2.0,4.0,6.0,4.142857142857143,2.340126166724878,4.0,0,3,0,0
4159,2018-03-06,aca2eb7d00ea1a7b8ebd4e68314663af,3.0,7.0,3.0,2.0,7.0,3.5714285714285716,1.9880595947760094,-4.0,1,3,0,0
4169,2018-03-07,aca2eb7d00ea1a7b8ebd4e68314663af,1.0,3.0,7.0,3.0,5.0,3.0,2.0816659994661326,-2.0,2,3,0,0
4179,2018-03-08,aca2eb7d00ea1a7b8ebd4e68314663af,3.0,1.0,3.0,7.0,1.0,3.2857142857142856,1.8898223650461357,2.0,3,3,0,0
4189,2018-03-09,aca2eb7d00ea1a7b8ebd4e68314663af,3.0,3.0,1.0,3.0,4.0,3.142857142857143,1.8644544714716087,0.0,4,3,0,0
4199,2018-03-10,aca2eb7d00ea1a7b8ebd4e68314663af,2.0,3.0,3.0,1.0,2.0,3.142857142857143,1.8644544714716087,-1.0,5,3,1,0
4209,2018-03-11,aca2eb7d00ea1a7b8ebd4e68314663af,1.0,2.0,3.0,3.0,3.0,2.857142857142857,2.0354009783964297,-1.0,6,3,1,0
4219,2018-03-12,aca2eb7d00ea1a7b8ebd4e68314663af,1.0,1.0,2.0,3.0,7.0,2.0,1.0000000000000022,0.0,0,3,0,0
4229,2018-03-13,aca2eb7d00ea1a7b8ebd4e68314663af,0.0,1.0,1.0,2.0,3.0,1.5714285714285714,1.1338934190276844,-1.0,1,3,0,0
4239,2018-03-14,aca2eb7d00ea1a7b8ebd4e68314663af,0.0,0.0,1.0,1.0,1.0,1.4285714285714286,1.2724180205607065,0.0,2,3,0,0
4249,2018-03-15,aca2eb7d00ea1a7b8ebd4e68314663af,2.0,0.0,0.0,1.0,3.0,1.2857142857142858,1.112697280528377,2.0,3,3,0,0
4259,2018-03-16,aca2eb7d00ea1a7b8ebd4e68314663af,0.0,2.0,0.0,0.0,3.0,0.8571428571428571,0.8997354108424428,-2.0,4,3,0,0
4269,2018-03-17,aca2eb7d00ea1a7b8ebd4e68314663af,2.0,0.0,2.0,0.0,2.0,0.8571428571428571,0.8997354108424428,2.0,5,3,1,0
4279,2018-03-18,aca2eb7d00ea1a7b8ebd4e68314663af,5.0,2.0,0.0,2.0,1.0,1.4285714285714286,1.8126539343499335,3.0,6,3,1,0
4289,2018-03-19,aca2eb7d00ea1a7b8ebd4e68314663af,1.0,5.0,2.0,0.0,1.0,1.4285714285714286,1.8126539343499335,-4.0,0,3,0,0
4299,2018-03-20,aca2eb7d00ea1a7b8ebd4e68314663af,1.0,1.0,5.0,2.0,0.0,1.5714285714285714,1.7182493859684511,0.0,1,3,0,0
4309,2018-03-21,aca2eb7d00ea1a7b8ebd4e68314663af,3.0,1.0,1.0,5.0,0.0,2.0,1.6329931618554536,2.0,2,3,0,0
4319,2018-03-22,aca2eb7d00ea1a7b8ebd4e68314663af,2.0,3.0,1.0,1.0,2.0,2.0,1.6329931618554536,-1.0,3,3,0,0
4329,2018-03-23,aca2eb7d00ea1a7b8ebd4e68314663af,2.0,2.0,3.0,1.0,0.0,2.2857142857142856,1.3801311186847098,0.0,4,3,0,0
4339,2018-03-24,aca2eb7d00ea1a7b8ebd4e68314663af,4.0,2.0,2.0,3.0,2.0,2.5714285714285716,1.51185789203691,2.0,5,3,1,0
4349,2018-03-25,aca2eb7d00ea1a7b8ebd4e68314663af,2.0,4.0,2.0,2.0,5.0,2.142857142857143,1.0690449676496996,-2.0,6,3,1,0
4359,2018-03-26,aca2eb7d00ea1a7b8ebd4e68314663af,5.0,2.0,4.0,2.0,1.0,2.7142857142857144,1.3801311186847094,3.0,0,3,0,0
4369,2018-03-27,aca2eb7d00ea1a7b8ebd4e68314663af,2.0,5.0,2.0,4.0,1.0,2.857142857142857,1.2149857925879126,-3.0,1,3,0,0
4379,2018-03-28,aca2eb7d00ea1a7b8ebd4e68314663af,0.0,2.0,5.0,2.0,3.0,2.4285714285714284,1.6183471874253752,-2.0,2,3,0,0
4389,2018-03-29,aca2eb7d00ea1a7b8ebd4e68314663af,0.0,0.0,2.0,5.0,2.0,2.142857142857143,1.8644544714716098,0.0,3,3,0,0
4399,2018-03-30,aca2eb7d00ea1a7b8ebd4e68314663af,2.0,0.0,0.0,2.0,2.0,2.142857142857143,1.8644544714716098,2.0,4,3,0,0
4409,2018-03-31,aca2eb7d00ea1a7b8ebd4e68314663af,1.0,2.0,0.0,0.0,4.0,1.7142857142857142,1.704336206492695,-1.0,5,3,1,0
4419,2018-04-01,aca2eb7d00ea1a7b8ebd4e68314663af,3.0,1.0,2.0,0.0,2.0,1.8571428571428572,1.7728105208558382,2.0,6,4,1,0
4429,2018-04-02,aca2eb7d00ea1a7b8ebd4e68314663af,5.0,3.0,1.0,2.0,5.0,1.8571428571428572,1.7728105208558382,2.0,0,4,0,0
4439,2018-04-03,aca2eb7d00ea1a7b8ebd4e68314663af,3.0,5.0,3.0,1.0,2.0,2.0,1.8257418583505551,-2.0,1,4,0,0
4449,2018-04-04,aca2eb7d00ea1a7b8ebd4e68314663af,1.0,3.0,5.0,3.0,0.0,2.142857142857143,1.676163419695053,-2.0,2,4,0,0
4459,2018-04-05,aca2eb7d00ea1a7b8ebd4e68314663af,6.0,1.0,3.0,5.0,0.0,3.0,1.9148542155126769,5.0,3,4,0,0
4469,2018-04-06,aca2eb7d00ea1a7b8ebd4e68314663af,1.0,6.0,1.0,3.0,2.0,2.857142857142857,2.03540097839643,-5.0,4,4,0,0
4479,2018-04-07,aca2eb7d00ea1a7b8ebd4e68314663af,3.0,1.0,6.0,1.0,1.0,3.142857142857143,1.8644544714716094,2.0,5,4,1,0
4489,2018-04-08,aca2eb7d00ea1a7b8ebd4e68314663af,2.0,3.0,1.0,6.0,3.0,3.0,1.9148542155126769,-1.0,6,4,1,0
4499,2018-04-09,aca2eb7d00ea1a7b8ebd4e68314663af,3.0,2.0,3.0,1.0,5.0,2.7142857142857144,1.7043362064926943,1.0,0,4,0,0
4509,2018-04-10,aca2eb7d00ea1a7b8ebd4e68314663af,1.0,3.0,2.0,3.0,3.0,2.4285714285714284,1.8126539343499326,-2.0,1,4,0,0
4519,2018-04-11,aca2eb7d00ea1a7b8ebd4e68314663af,0.0,1.0,3.0,2.0,1.0,2.2857142857142856,1.976047040118709,-1.0,2,4,0,0
4529,2018-04-12,aca2eb7d00ea1a7b8ebd4e68314663af,1.0,0.0,1.0,3.0,6.0,1.5714285714285714,1.1338934190276853,1.0,3,4,0,0
4539,2018-04-13,aca2eb7d00ea1a7b8ebd4e68314663af,1.0,1.0,0.0,1.0,1.0,1.5714285714285714,1.1338934190276853,0.0,4,4,0,0
4549,2018-04-14,aca2eb7d00ea1a7b8ebd4e68314663af,1.0,1.0,1.0,0.0,3.0,1.2857142857142858,0.9511897312113466,0.0,5,4,1,0
4559,2018-04-15,aca2eb7d00ea1a7b8ebd4e68314663af,1.0,1.0,1.0,1.0,2.0,1.1428571428571428,0.8997354108424427,0.0,6,4,1,0
4569,2018-04-16,aca2eb7d00ea1a7b8ebd4e68314663af,6.0,1.0,1.0,1.0,3.0,1.5714285714285714,1.988059594776012,5.0,0,4,0,0
4579,2018-04-17,aca2eb7d00ea1a7b8ebd4e68314663af,8.0,6.0,1.0,1.0,1.0,2.5714285714285716,3.1014589500826255,2.0,1,4,0,0
4589,2018-04-18,aca2eb7d00ea1a7b8ebd4e68314663af,4.0,8.0,6.0,1.0,0.0,3.142857142857143,2.911389784311005,-4.0,2,4,0,0
4599,2018-04-19,aca2eb7d00ea1a7b8ebd4e68314663af,6.0,4.0,8.0,6.0,1.0,3.857142857142857,2.911389784311004,2.0,3,4,0,0
4609,2018-04-20,aca2eb7d00ea1a7b8ebd4e68314663af,2.0,6.0,4.0,8.0,1.0,4.0,2.7688746209726913,-4.0,4,4,0,0
4619,2018-04-21,aca2eb7d00ea1a7b8ebd4e68314663af,2.0,2.0,6.0,4.0,1.0,4.142857142857143,2.609506430251477,0.0,5,4,1,0
4629,2018-04-22,aca2eb7d00ea1a7b8ebd4e68314663af,3.0,2.0,2.0,6.0,1.0,4.428571428571429,2.2990681342044397,1.0,6,4,1,0
4639,2018-04-23,aca2eb7d00ea1a7b8ebd4e68314663af,5.0,3.0,2.0,2.0,6.0,4.285714285714286,2.2146697055682822,2.0,0,4,0,0
4649,2018-04-24,aca2eb7d00ea1a7b8ebd4e68314663af,2.0,5.0,3.0,2.0,8.0,3.4285714285714284,1.618347187425373,-3.0,1,4,0,0
4659,2018-04-25,aca2eb7d00ea1a7b8ebd4e68314663af,1.0,2.0,5.0,3.0,4.0,3.0,1.8257418583505527,-1.0,2,4,0,0
4669,2018-04-26,aca2eb7d00ea1a7b8ebd4e68314663af,3.0,1.0,2.0,5.0,6.0,2.5714285714285716,1.272418020560702,2.0,3,4,0,0
4679,2018-04-27,aca2eb7d00ea1a7b8ebd4e68314663af,5.0,3.0,1.0,2.0,2.0,3.0,1.5275252316519452,2.0,4,4,0,0
4689,2018-04-28,aca2eb7d00ea1a7b8ebd4e68314663af,1.0,5.0,3.0,1.0,2.0,2.857142857142857,1.6761634196950503,-4.0,5,4,1,0
4699,2018-04-29,aca2eb7d00ea1a7b8ebd4e68314663af,2.0,1.0,5.0,3.0,3.0,2.7142857142857144,1.7043362064926921,1.0,6,4,1,0
4709,2018-04-30,aca2eb7d00ea1a7b8ebd4e68314663af,1.0,2.0,1.0,5.0,5.0,2.142857142857143,1.4638501094227983,-1.0,0,4,0,0
4719,2018-05-01,aca2eb7d00ea1a7b8ebd4e68314663af,5.0,1.0,2.0,1.0,2.0,2.5714285714285716,1.8126539343499304,4.0,1,5,0,0
4729,2018-05-02,aca2eb7d00ea1a7b8ebd4e68314663af,3.0,5.0,1.0,2.0,1.0,2.857142857142857,1.6761634196950506,-2.0,2,5,0,0
4739,2018-05-03,aca2eb7d00ea1a7b8ebd4e68314663af,2.0,3.0,5.0,1.0,3.0,2.7142857142857144,1.7043362064926924,-1.0,3,5,0,0
4749,2018-05-04,aca2eb7d00ea1a7b8ebd4e68314663af,5.0,2.0,3.0,5.0,5.0,2.7142857142857144,1.7043362064926924,3.0,4,5,0,0
4759,2018-05-05,aca2eb7d00ea1a7b8ebd4e68314663af,2.0,5.0,2.0,3.0,1.0,2.857142857142857,1.573591584938885,-3.0,5,5,1,0
4769,2018-05-06,aca2eb7d00ea1a7b8ebd4e68314663af,5.0,2.0,5.0,2.0,2.0,3.2857142857142856,1.7043362064926924,3.0,6,5,1,0
4779,2018-05-07,aca2eb7d00ea1a7b8ebd4e68314663af,3.0,5.0,2.0,5.0,1.0,3.5714285714285716,1.3972762620115429,-2.0,0,5,0,0
4789,2018-05-08,aca2eb7d00ea1a7b8ebd4e68314663af,8.0,3.0,5.0,2.0,5.0,4.0,2.160246899469286,5.0,1,5,0,0
4799,2018-05-09,aca2eb7d00ea1a7b8ebd4e68314663af,8.0,8.0,3.0,5.0,3.0,4.714285714285714,2.5634797778466227,0.0,2,5,0,0
4809,2018-05-10,aca2eb7d00ea1a7b8ebd4e68314663af,5.0,8.0,8.0,3.0,2.0,5.142857142857143,2.2677868380553634,-3.0,3,5,0,0
4819,2018-05-11,aca2eb7d00ea1a7b8ebd4e68314663af,0.0,5.0,8.0,8.0,5.0,4.428571428571429,2.9920529661723823,-5.0,4,5,0,0
4829,2018-05-12,aca2eb7d00ea1a7b8ebd4e68314663af,2.0,0.0,5.0,8.0,2.0,4.428571428571429,2.9920529661723823,2.0,5,5,1,0
4839,2018-05-13,aca2eb7d00ea1a7b8ebd4e68314663af,0.0,2.0,0.0,5.0,5.0,3.7142857142857144,3.401680257083045,-2.0,6,5,1,0
4849,2018-05-14,aca2eb7d00ea1a7b8ebd4e68314663af,0.0,0.0,2.0,0.0,3.0,3.2857142857142856,3.683941988065036,0.0,0,5,0,0
4859,2018-05-15,aca2eb7d00ea1a7b8ebd4e68314663af,0.0,0.0,0.0,2.0,8.0,2.142857142857143,3.1847852585154213,0.0,1,5,0,0
4869,2018-05-16,aca2eb7d00ea1a7b8ebd4e68314663af,5.0,0.0,0.0,0.0,8.0,1.7142857142857142,2.3603873774083284,5.0,2,5,0,0
4879,2018-05-17,aca2eb7d00ea1a7b8ebd4e68314663af,7.0,5.0,0.0,0.0,5.0,2.0,2.886751345948128,2.0,3,5,0,0
4889,2018-05-18,aca2eb7d00ea1a7b8ebd4e68314663af,2.0,7.0,5.0,0.0,0.0,2.2857142857142856,2.7516228977511736,-5.0,4,5,0,0
4899,2018-05-19,aca2eb7d00ea1a7b8ebd4e68314663af,2.0,2.0,7.0,5.0,2.0,2.2857142857142856,2.7516228977511736,0.0,5,5,1,0
4909,2018-05-20,aca2eb7d00ea1a7b8ebd4e68314663af,3.0,2.0,2.0,7.0,0.0,2.7142857142857144,2.5634797778466223,1.0,6,5,1,0
4919,2018-05-21,aca2eb7d00ea1a7b8ebd4e68314663af,6.0,3.0,2.0,2.0,0.0,3.5714285714285716,2.5071326821120348,3.0,0,5,0,0
4929,2018-05-22,aca2eb7d00ea1a7b8ebd4e68314663af,2.0,6.0,3.0,2.0,0.0,3.857142857142857,2.115700942049815,-4.0,1,5,0,0
4939,2018-05-23,aca2eb7d00ea1a7b8ebd4e68314663af,7.0,2.0,6.0,3.0,5.0,4.142857142857143,2.410295378065479,5.0,2,5,0,0
4949,2018-05-24,aca2eb7d00ea1a7b8ebd4e68314663af,1.0,7.0,2.0,6.0,7.0,3.2857142857142856,2.288688541085317,-6.0,3,5,0,0
4959,2018-05-25,aca2eb7d00ea1a7b8ebd4e68314663af,5.0,1.0,7.0,2.0,2.0,3.7142857142857144,2.288688541085317,4.0,4,5,0,0
4969,2018-05-26,aca2eb7d00ea1a7b8ebd4e68314663af,3.0,5.0,1.0,7.0,2.0,3.857142857142857,2.193062655175134,-2.0,5,5,1,0
4979,2018-05-27,aca2eb7d00ea1a7b8ebd4e68314663af,0.0,3.0,5.0,1.0,3.0,3.4285714285714284,2.6367367999823097,-3.0,6,5,1,0
4989,2018-05-28,aca2eb7d00ea1a7b8ebd4e68314663af,0.0,0.0,3.0,5.0,6.0,2.5714285714285716,2.6367367999823093,0.0,0,5,0,0
4999,2018-05-29,aca2eb7d00ea1a7b8ebd4e68314663af,1.0,0.0,0.0,3.0,2.0,2.4285714285714284,2.6992062325273114,1.0,1,5,0,0
5009,2018-05-30,aca2eb7d00ea1a7b8ebd4e68314663af,0.0,1.0,0.0,0.0,7.0,1.4285714285714286,1.9023794624226826,-1.0,2,5,0,0
5019,2018-05-31,aca2eb7d00ea1a7b8ebd4e68314663af,0.0,0.0,1.0,0.0,1.0,1.2857142857142858,1.9760470401187062,0.0,3,5,0,0
5029,2018-06-01,aca2eb7d00ea1a7b8ebd4e68314663af,0.0,0.0,0.0,1.0,5.0,0.5714285714285714,1.1338934190276793,0.0,4,6,0,0
5039,2018-06-02,aca2eb7d00ea1a7b8ebd4e68314663af,0.0,0.0,0.0,0.0,3.0,0.14285714285714285,0.3779644730092193,0.0,5,6,1,0
5049,2018-06-03,aca2eb7d00ea1a7b8ebd4e68314663af,0.0,0.0,0.0,0.0,0.0,0.14285714285714285,0.3779644730092193,0.0,6,6,1,0
5059,2018-06-04,aca2eb7d00ea1a7b8ebd4e68314663af,0.0,0.0,0.0,0.0,0.0,0.14285714285714285,0.3779644730092193,0.0,0,6,0,0
5069,2018-06-05,aca2eb7d00ea1a7b8ebd4e68314663af,0.0,0.0,0.0,0.0,1.0,0.0,0.0,0.0,1,6,0,0
5079,2018-06-06,aca2eb7d00ea1a7b8ebd4e68314663af,0.0,0.0,0.0,0.0,0.0,0.0,0.0,0.0,2,6,0,0
5089,2018-06-07,aca2eb7d00ea1a7b8ebd4e68314663af,0.0,0.0,0.0,0.0,0.0,0.0,0.0,0.0,3,6,0,0
5099,2018-06-08,aca2eb7d00ea1a7b8ebd4e68314663af,0.0,0.0,0.0,0.0,0.0,0.0,0.0,0.0,4,6,0,0
5109,2018-06-09,aca2eb7d00ea1a7b8ebd4e68314663af,0.0,0.0,0.0,0.0,0.0,0.0,0.0,0.0,5,6,1,0
5119,2018-06-10,aca2eb7d00ea1a7b8ebd4e68314663af,0.0,0.0,0.0,0.0,0.0,0.0,0.0,0.0,6,6,1,0
5129,2018-06-11,aca2eb7d00ea1a7b8ebd4e68314663af,0.0,0.0,0.0,0.0,0.0,0.0,0.0,0.0,0,6,0,0
5139,2018-06-12,aca2eb7d00ea1a7b8ebd4e68314663af,0.0,0.0,0.0,0.0,0.0,0.0,0.0,0.0,1,6,0,0
5149,2018-06-13,aca2eb7d00ea1a7b8ebd4e68314663af,0.0,0.0,0.0,0.0,0.0,0.0,0.0,0.0,2,6,0,0
5159,2018-06-14,aca2eb7d00ea1a7b8ebd4e68314663af,0.0,0.0,0.0,0.0,0.0,0.0,0.0,0.0,3,6,0,0
5169,2018-06-15,aca2eb7d00ea1a7b8ebd4e68314663af,0.0,0.0,0.0,0.0,0.0,0.0,0.0,0.0,4,6,0,0
5179,2018-06-16,aca2eb7d00ea1a7b8ebd4e68314663af,0.0,0.0,0.0,0.0,0.0,0.0,0.0,0.0,5,6,1,0
5189,2018-06-17,aca2eb7d00ea1a7b8ebd4e68314663af,0.0,0.0,0.0,0.0,0.0,0.0,0.0,0.0,6,6,1,0
5199,2018-06-18,aca2eb7d00ea1a7b8ebd4e68314663af,0.0,0.0,0.0,0.0,0.0,0.0,0.0,0.0,0,6,0,0
5209,2018-06-19,aca2eb7d00ea1a7b8ebd4e68314663af,2.0,0.0,0.0,0.0,0.0,0.2857142857142857,0.7559289460184545,2.0,1,6,0,0
5219,2018-06-20,aca2eb7d00ea1a7b8ebd4e68314663af,0.0,2.0,0.0,0.0,0.0,0.2857142857142857,0.7559289460184545,-2.0,2,6,0,0
5229,2018-06-21,aca2eb7d00ea1a7b8ebd4e68314663af,0.0,0.0,2.0,0.0,0.0,0.2857142857142857,0.7559289460184545,0.0,3,6,0,0
5239,2018-06-22,aca2eb7d00ea1a7b8ebd4e68314663af,0.0,0.0,0.0,2.0,0.0,0.2857142857142857,0.7559289460184545,0.0,4,6,0,0
5249,2018-06-23,aca2eb7d00ea1a7b8ebd4e68314663af,0.0,0.0,0.0,0.0,0.0,0.2857142857142857,0.7559289460184545,0.0,5,6,1,0
5259,2018-06-24,aca2eb7d00ea1a7b8ebd4e68314663af,0.0,0.0,0.0,0.0,0.0,0.2857142857142857,0.7559289460184545,0.0,6,6,1,0
5269,2018-06-25,aca2eb7d00ea1a7b8ebd4e68314663af,0.0,0.0,0.0,0.0,0.0,0.2857142857142857,0.7559289460184545,0.0,0,6,0,0
5279,2018-06-26,aca2eb7d00ea1a7b8ebd4e68314663af,0.0,0.0,0.0,0.0,2.0,0.0,0.0,0.0,1,6,0,0
5289,2018-06-27,aca2eb7d00ea1a7b8ebd4e68314663af,0.0,0.0,0.0,0.0,0.0,0.0,0.0,0.0,2,6,0,0
5299,2018-06-28,aca2eb7d00ea1a7b8ebd4e68314663af,0.0,0.0,0.0,0.0,0.0,0.0,0.0,0.0,3,6,0,0
5309,2018-06-29,aca2eb7d00ea1a7b8ebd4e68314663af,0.0,0.0,0.0,0.0,0.0,0.0,0.0,0.0,4,6,0,0
5319,2018-06-30,aca2eb7d00ea1a7b8ebd4e68314663af,0.0,0.0,0.0,0.0,0.0,0.0,0.0,0.0,5,6,1,0
5329,2018-07-01,aca2eb7d00ea1a7b8ebd4e68314663af,0.0,0.0,0.0,0.0,0.0,0.0,0.0,0.0,6,7,1,0
5339,2018-07-02,aca2eb7d00ea1a7b8ebd4e68314663af,0.0,0.0,0.0,0.0,0.0,0.0,0.0,0.0,0,7,0,0
5349,2018-07-03,aca2eb7d00ea1a7b8ebd4e68314663af,0.0,0.0,0.0,0.0,0.0,0.0,0.0,0.0,1,7,0,0
5359,2018-07-04,aca2eb7d00ea1a7b8ebd4e68314663af,0.0,0.0,0.0,0.0,0.0,0.0,0.0,0.0,2,7,0,0
5369,2018-07-05,aca2eb7d00ea1a7b8ebd4e68314663af,0.0,0.0,0.0,0.0,0.0,0.0,0.0,0.0,3,7,0,0
5379,2018-07-06,aca2eb7d00ea1a7b8ebd4e68314663af,0.0,0.0,0.0,0.0,0.0,0.0,0.0,0.0,4,7,0,0
5389,2018-07-07,aca2eb7d00ea1a7b8ebd4e68314663af,0.0,0.0,0.0,0.0,0.0,0.0,0.0,0.0,5,7,1,0
5399,2018-07-08,aca2eb7d00ea1a7b8ebd4e68314663af,0.0,0.0,0.0,0.0,0.0,0.0,0.0,0.0,6,7,1,0
5409,2018-07-09,aca2eb7d00ea1a7b8ebd4e68314663af,0.0,0.0,0.0,0.0,0.0,0.0,0.0,0.0,0,7,0,0
5419,2018-07-10,aca2eb7d00ea1a7b8ebd4e68314663af,0.0,0.0,0.0,0.0,0.0,0.0,0.0,0.0,1,7,0,0
5429,2018-07-11,aca2eb7d00ea1a7b8ebd4e68314663af,1.0,0.0,0.0,0.0,0.0,0.14285714285714285,0.37796447300922725,1.0,2,7,0,0
5439,2018-07-12,aca2eb7d00ea1a7b8ebd4e68314663af,0.0,1.0,0.0,0.0,0.0,0.14285714285714285,0.37796447300922725,-1.0,3,7,0,0
5449,2018-07-13,aca2eb7d00ea1a7b8ebd4e68314663af,0.0,0.0,1.0,0.0,0.0,0.14285714285714285,0.37796447300922725,0.0,4,7,0,0
5459,2018-07-14,aca2eb7d00ea1a7b8ebd4e68314663af,0.0,0.0,0.0,1.0,0.0,0.14285714285714285,0.37796447300922725,0.0,5,7,1,0
5469,2018-07-15,aca2eb7d00ea1a7b8ebd4e68314663af,0.0,0.0,0.0,0.0,0.0,0.14285714285714285,0.37796447300922725,0.0,6,7,1,0
5479,2018-07-16,aca2eb7d00ea1a7b8ebd4e68314663af,0.0,0.0,0.0,0.0,0.0,0.14285714285714285,0.37796447300922725,0.0,0,7,0,0
5489,2018-07-17,aca2eb7d00ea1a7b8ebd4e68314663af,0.0,0.0,0.0,0.0,0.0,0.14285714285714285,0.37796447300922725,0.0,1,7,0,0
5499,2018-07-18,aca2eb7d00ea1a7b8ebd4e68314663af,0.0,0.0,0.0,0.0,1.0,0.0,0.0,0.0,2,7,0,0
5509,2018-07-19,aca2eb7d00ea1a7b8ebd4e68314663af,0.0,0.0,0.0,0.0,0.0,0.0,0.0,0.0,3,7,0,0
5519,2018-07-20,aca2eb7d00ea1a7b8ebd4e68314663af,0.0,0.0,0.0,0.0,0.0,0.0,0.0,0.0,4,7,0,0
5529,2018-07-21,aca2eb7d00ea1a7b8ebd4e68314663af,0.0,0.0,0.0,0.0,0.0,0.0,0.0,0.0,5,7,1,0
5539,2018-07-22,aca2eb7d00ea1a7b8ebd4e68314663af,1.0,0.0,0.0,0.0,0.0,0.14285714285714285,0.37796447300922725,1.0,6,7,1,0
5549,2018-07-23,aca2eb7d00ea1a7b8ebd4e68314663af,0.0,1.0,0.0,0.0,0.0,0.14285714285714285,0.37796447300922725,-1.0,0,7,0,0
5559,2018-07-24,aca2eb7d00ea1a7b8ebd4e68314663af,0.0,0.0,1.0,0.0,0.0,0.14285714285714285,0.37796447300922725,0.0,1,7,0,0
5569,2018-07-25,aca2eb7d00ea1a7b8ebd4e68314663af,0.0,0.0,0.0,1.0,0.0,0.14285714285714285,0.37796447300922725,0.0,2,7,0,0
5579,2018-07-26,aca2eb7d00ea1a7b8ebd4e68314663af,0.0,0.0,0.0,0.0,0.0,0.14285714285714285,0.37796447300922725,0.0,3,7,0,0
5589,2018-07-27,aca2eb7d00ea1a7b8ebd4e68314663af,0.0,0.0,0.0,0.0,0.0,0.14285714285714285,0.37796447300922725,0.0,4,7,0,0
5599,2018-07-28,aca2eb7d00ea1a7b8ebd4e68314663af,0.0,0.0,0.0,0.0,0.0,0.14285714285714285,0.37796447300922725,0.0,5,7,1,0
5609,2018-07-29,aca2eb7d00ea1a7b8ebd4e68314663af,0.0,0.0,0.0,0.0,1.0,0.0,0.0,0.0,6,7,1,0
5619,2018-07-30,aca2eb7d00ea1a7b8ebd4e68314663af,0.0,0.0,0.0,0.0,0.0,0.0,0.0,0.0,0,7,0,0
5629,2018-07-31,aca2eb7d00ea1a7b8ebd4e68314663af,0.0,0.0,0.0,0.0,0.0,0.0,0.0,0.0,1,7,0,0
5639,2018-08-01,aca2eb7d00ea1a7b8ebd4e68314663af,0.0,0.0,0.0,0.0,0.0,0.0,0.0,0.0,2,8,0,0
5649,2018-08-02,aca2eb7d00ea1a7b8ebd4e68314663af,0.0,0.0,0.0,0.0,0.0,0.0,0.0,0.0,3,8,0,0
5659,2018-08-03,aca2eb7d00ea1a7b8ebd4e68314663af,0.0,0.0,0.0,0.0,0.0,0.0,0.0,0.0,4,8,0,0
5669,2018-08-04,aca2eb7d00ea1a7b8ebd4e68314663af,0.0,0.0,0.0,0.0,0.0,0.0,0.0,0.0,5,8,1,0
5679,2018-08-05,aca2eb7d00ea1a7b8ebd4e68314663af,0.0,0.0,0.0,0.0,0.0,0.0,0.0,0.0,6,8,1,0
5689,2018-08-06,aca2eb7d00ea1a7b8ebd4e68314663af,1.0,0.0,0.0,0.0,0.0,0.14285714285714285,0.37796447300922725,1.0,0,8,0,0
5699,2018-08-07,aca2eb7d00ea1a7b8ebd4e68314663af,0.0,1.0,0.0,0.0,0.0,0.14285714285714285,0.37796447300922725,-1.0,1,8,0,0
5709,2018-08-08,aca2eb7d00ea1a7b8ebd4e68314663af,0.0,0.0,1.0,0.0,0.0,0.14285714285714285,0.37796447300922725,0.0,2,8,0,0
5719,2018-08-09,aca2eb7d00ea1a7b8ebd4e68314663af,1.0,0.0,0.0,1.0,0.0,0.2857142857142857,0.4879500364742666,1.0,3,8,0,0
5729,2018-08-10,aca2eb7d00ea1a7b8ebd4e68314663af,0.0,1.0,0.0,0.0,0.0,0.2857142857142857,0.48795003647426666,-1.0,4,8,0,0
5739,2018-08-11,aca2eb7d00ea1a7b8ebd4e68314663af,0.0,0.0,1.0,0.0,0.0,0.2857142857142857,0.48795003647426666,0.0,5,8,1,0
5749,2018-08-12,aca2eb7d00ea1a7b8ebd4e68314663af,0.0,0.0,0.0,1.0,0.0,0.2857142857142857,0.48795003647426666,0.0,6,8,1,0
5759,2018-08-13,aca2eb7d00ea1a7b8ebd4e68314663af,0.0,0.0,0.0,0.0,1.0,0.14285714285714285,0.3779644730092273,0.0,0,8,0,0
5769,2018-08-14,aca2eb7d00ea1a7b8ebd4e68314663af,0.0,0.0,0.0,0.0,0.0,0.14285714285714285,0.3779644730092273,0.0,1,8,0,0
5779,2018-08-15,aca2eb7d00ea1a7b8ebd4e68314663af,0.0,0.0,0.0,0.0,0.0,0.14285714285714285,0.3779644730092273,0.0,2,8,0,0
5789,2018-08-16,aca2eb7d00ea1a7b8ebd4e68314663af,0.0,0.0,0.0,0.0,1.0,0.0,0.0,0.0,3,8,0,0
5799,2018-08-17,aca2eb7d00ea1a7b8ebd4e68314663af,0.0,0.0,0.0,0.0,0.0,0.0,0.0,0.0,4,8,0,0
5809,2018-08-18,aca2eb7d00ea1a7b8ebd4e68314663af,1.0,0.0,0.0,0.0,0.0,0.14285714285714285,0.37796447300922725,1.0,5,8,1,0
5819,2018-08-19,aca2eb7d00ea1a7b8ebd4e68314663af,0.0,1.0,0.0,0.0,0.0,0.14285714285714285,0.37796447300922725,-1.0,6,8,1,0
5829,2018-08-20,aca2eb7d00ea1a7b8ebd4e68314663af,0.0,0.0,1.0,0.0,0.0,0.14285714285714285,0.37796447300922725,0.0,0,8,0,0
5839,2018-08-21,aca2eb7d00ea1a7b8ebd4e68314663af,0.0,0.0,0.0,1.0,0.0,0.14285714285714285,0.37796447300922725,0.0,1,8,0,0
5849,2018-08-22,aca2eb7d00ea1a7b8ebd4e68314663af,0.0,0.0,0.0,0.0,0.0,0.14285714285714285,0.37796447300922725,0.0,2,8,0,0
5859,2018-08-23,aca2eb7d00ea1a7b8ebd4e68314663af,0.0,0.0,0.0,0.0,0.0,0.14285714285714285,0.37796447300922725,0.0,3,8,0,0
5869,2018-08-24,aca2eb7d00ea1a7b8ebd4e68314663af,0.0,0.0,0.0,0.0,0.0,0.14285714285714285,0.37796447300922725,0.0,4,8,0,0
5879,2018-08-25,aca2eb7d00ea1a7b8ebd4e68314663af,0.0,0.0,0.0,0.0,1.0,0.0,0.0,0.0,5,8,1,0
5889,2018-08-26,aca2eb7d00ea1a7b8ebd4e68314663af,0.0,0.0,0.0,0.0,0.0,0.0,0.0,0.0,6,8,1,0
70,2017-01-22,bb50f2e236e5eea0100680137654686c,0.0,0.0,0.0,0.0,0.0,0.0,0.0,0.0,6,1,1,0
80,2017-01-23,bb50f2e236e5eea0100680137654686c,0.0,0.0,0.0,0.0,0.0,0.0,0.0,0.0,0,1,0,0
90,2017-01-24,bb50f2e236e5eea0100680137654686c,0.0,0.0,0.0,0.0,0.0,0.0,0.0,0.0,1,1,0,0
100,2017-01-25,bb50f2e236e5eea0100680137654686c,0.0,0.0,0.0,0.0,0.0,0.0,0.0,0.0,2,1,0,0
110,2017-01-26,bb50f2e236e5eea0100680137654686c,0.0,0.0,0.0,0.0,0.0,0.0,0.0,0.0,3,1,0,0
120,2017-01-27,bb50f2e236e5eea0100680137654686c,0.0,0.0,0.0,0.0,0.0,0.0,0.0,0.0,4,1,0,0
130,2017-01-28,bb50f2e236e5eea0100680137654686c,0.0,0.0,0.0,0.0,0.0,0.0,0.0,0.0,5,1,1,0
140,2017-01-29,bb50f2e236e5eea0100680137654686c,0.0,0.0,0.0,0.0,0.0,0.0,0.0,0.0,6,1,1,0
150,2017-01-30,bb50f2e236e5eea0100680137654686c,0.0,0.0,0.0,0.0,0.0,0.0,0.0,0.0,0,1,0,0
160,2017-01-31,bb50f2e236e5eea0100680137654686c,0.0,0.0,0.0,0.0,0.0,0.0,0.0,0.0,1,1,0,0
170,2017-02-01,bb50f2e236e5eea0100680137654686c,0.0,0.0,0.0,0.0,0.0,0.0,0.0,0.0,2,2,0,0
180,2017-02-02,bb50f2e236e5eea0100680137654686c,0.0,0.0,0.0,0.0,0.0,0.0,0.0,0.0,3,2,0,0
190,2017-02-03,bb50f2e236e5eea0100680137654686c,0.0,0.0,0.0,0.0,0.0,0.0,0.0,0.0,4,2,0,0
200,2017-02-04,bb50f2e236e5eea0100680137654686c,0.0,0.0,0.0,0.0,0.0,0.0,0.0,0.0,5,2,1,0
210,2017-02-05,bb50f2e236e5eea0100680137654686c,0.0,0.0,0.0,0.0,0.0,0.0,0.0,0.0,6,2,1,0
220,2017-02-06,bb50f2e236e5eea0100680137654686c,0.0,0.0,0.0,0.0,0.0,0.0,0.0,0.0,0,2,0,0
230,2017-02-07,bb50f2e236e5eea0100680137654686c,0.0,0.0,0.0,0.0,0.0,0.0,0.0,0.0,1,2,0,0
240,2017-02-08,bb50f2e236e5eea0100680137654686c,0.0,0.0,0.0,0.0,0.0,0.0,0.0,0.0,2,2,0,0
250,2017-02-09,bb50f2e236e5eea0100680137654686c,0.0,0.0,0.0,0.0,0.0,0.0,0.0,0.0,3,2,0,0
260,2017-02-10,bb50f2e236e5eea0100680137654686c,0.0,0.0,0.0,0.0,0.0,0.0,0.0,0.0,4,2,0,0
270,2017-02-11,bb50f2e236e5eea0100680137654686c,0.0,0.0,0.0,0.0,0.0,0.0,0.0,0.0,5,2,1,0
280,2017-02-12,bb50f2e236e5eea0100680137654686c,0.0,0.0,0.0,0.0,0.0,0.0,0.0,0.0,6,2,1,0
290,2017-02-13,bb50f2e236e5eea0100680137654686c,0.0,0.0,0.0,0.0,0.0,0.0,0.0,0.0,0,2,0,0
300,2017-02-14,bb50f2e236e5eea0100680137654686c,0.0,0.0,0.0,0.0,0.0,0.0,0.0,0.0,1,2,0,0
310,2017-02-15,bb50f2e236e5eea0100680137654686c,0.0,0.0,0.0,0.0,0.0,0.0,0.0,0.0,2,2,0,0
320,2017-02-16,bb50f2e236e5eea0100680137654686c,0.0,0.0,0.0,0.0,0.0,0.0,0.0,0.0,3,2,0,0
330,2017-02-17,bb50f2e236e5eea0100680137654686c,0.0,0.0,0.0,0.0,0.0,0.0,0.0,0.0,4,2,0,0
340,2017-02-18,bb50f2e236e5eea0100680137654686c,0.0,0.0,0.0,0.0,0.0,0.0,0.0,0.0,5,2,1,0
350,2017-02-19,bb50f2e236e5eea0100680137654686c,0.0,0.0,0.0,0.0,0.0,0.0,0.0,0.0,6,2,1,0
360,2017-02-20,bb50f2e236e5eea0100680137654686c,0.0,0.0,0.0,0.0,0.0,0.0,0.0,0.0,0,2,0,0
370,2017-02-21,bb50f2e236e5eea0100680137654686c,0.0,0.0,0.0,0.0,0.0,0.0,0.0,0.0,1,2,0,0
380,2017-02-22,bb50f2e236e5eea0100680137654686c,0.0,0.0,0.0,0.0,0.0,0.0,0.0,0.0,2,2,0,0
390,2017-02-23,bb50f2e236e5eea0100680137654686c,0.0,0.0,0.0,0.0,0.0,0.0,0.0,0.0,3,2,0,0
400,2017-02-24,bb50f2e236e5eea0100680137654686c,0.0,0.0,0.0,0.0,0.0,0.0,0.0,0.0,4,2,0,0
410,2017-02-25,bb50f2e236e5eea0100680137654686c,0.0,0.0,0.0,0.0,0.0,0.0,0.0,0.0,5,2,1,0
420,2017-02-26,bb50f2e236e5eea0100680137654686c,0.0,0.0,0.0,0.0,0.0,0.0,0.0,0.0,6,2,1,0
430,2017-02-27,bb50f2e236e5eea0100680137654686c,0.0,0.0,0.0,0.0,0.0,0.0,0.0,0.0,0,2,0,0
440,2017-02-28,bb50f2e236e5eea0100680137654686c,0.0,0.0,0.0,0.0,0.0,0.0,0.0,0.0,1,2,0,0
450,2017-03-01,bb50f2e236e5eea0100680137654686c,0.0,0.0,0.0,0.0,0.0,0.0,0.0,0.0,2,3,0,0
460,2017-03-02,bb50f2e236e5eea0100680137654686c,0.0,0.0,0.0,0.0,0.0,0.0,0.0,0.0,3,3,0,0
470,2017-03-03,bb50f2e236e5eea0100680137654686c,0.0,0.0,0.0,0.0,0.0,0.0,0.0,0.0,4,3,0,0
480,2017-03-04,bb50f2e236e5eea0100680137654686c,0.0,0.0,0.0,0.0,0.0,0.0,0.0,0.0,5,3,1,0
490,2017-03-05,bb50f2e236e5eea0100680137654686c,0.0,0.0,0.0,0.0,0.0,0.0,0.0,0.0,6,3,1,0
500,2017-03-06,bb50f2e236e5eea0100680137654686c,0.0,0.0,0.0,0.0,0.0,0.0,0.0,0.0,0,3,0,0
510,2017-03-07,bb50f2e236e5eea0100680137654686c,0.0,0.0,0.0,0.0,0.0,0.0,0.0,0.0,1,3,0,0
520,2017-03-08,bb50f2e236e5eea0100680137654686c,0.0,0.0,0.0,0.0,0.0,0.0,0.0,0.0,2,3,0,0
530,2017-03-09,bb50f2e236e5eea0100680137654686c,0.0,0.0,0.0,0.0,0.0,0.0,0.0,0.0,3,3,0,0
540,2017-03-10,bb50f2e236e5eea0100680137654686c,0.0,0.0,0.0,0.0,0.0,0.0,0.0,0.0,4,3,0,0
550,2017-03-11,bb50f2e236e5eea0100680137654686c,0.0,0.0,0.0,0.0,0.0,0.0,0.0,0.0,5,3,1,0
560,2017-03-12,bb50f2e236e5eea0100680137654686c,0.0,0.0,0.0,0.0,0.0,0.0,0.0,0.0,6,3,1,0
570,2017-03-13,bb50f2e236e5eea0100680137654686c,0.0,0.0,0.0,0.0,0.0,0.0,0.0,0.0,0,3,0,0
580,2017-03-14,bb50f2e236e5eea0100680137654686c,0.0,0.0,0.0,0.0,0.0,0.0,0.0,0.0,1,3,0,0
590,2017-03-15,bb50f2e236e5eea0100680137654686c,0.0,0.0,0.0,0.0,0.0,0.0,0.0,0.0,2,3,0,0
600,2017-03-16,bb50f2e236e5eea0100680137654686c,0.0,0.0,0.0,0.0,0.0,0.0,0.0,0.0,3,3,0,0
610,2017-03-17,bb50f2e236e5eea0100680137654686c,0.0,0.0,0.0,0.0,0.0,0.0,0.0,0.0,4,3,0,0
620,2017-03-18,bb50f2e236e5eea0100680137654686c,0.0,0.0,0.0,0.0,0.0,0.0,0.0,0.0,5,3,1,0
630,2017-03-19,bb50f2e236e5eea0100680137654686c,0.0,0.0,0.0,0.0,0.0,0.0,0.0,0.0,6,3,1,0
640,2017-03-20,bb50f2e236e5eea0100680137654686c,0.0,0.0,0.0,0.0,0.0,0.0,0.0,0.0,0,3,0,0
650,2017-03-21,bb50f2e236e5eea0100680137654686c,0.0,0.0,0.0,0.0,0.0,0.0,0.0,0.0,1,3,0,0
660,2017-03-22,bb50f2e236e5eea0100680137654686c,0.0,0.0,0.0,0.0,0.0,0.0,0.0,0.0,2,3,0,0
670,2017-03-23,bb50f2e236e5eea0100680137654686c,0.0,0.0,0.0,0.0,0.0,0.0,0.0,0.0,3,3,0,0
680,2017-03-24,bb50f2e236e5eea0100680137654686c,0.0,0.0,0.0,0.0,0.0,0.0,0.0,0.0,4,3,0,0
690,2017-03-25,bb50f2e236e5eea0100680137654686c,0.0,0.0,0.0,0.0,0.0,0.0,0.0,0.0,5,3,1,0
700,2017-03-26,bb50f2e236e5eea0100680137654686c,0.0,0.0,0.0,0.0,0.0,0.0,0.0,0.0,6,3,1,0
710,2017-03-27,bb50f2e236e5eea0100680137654686c,0.0,0.0,0.0,0.0,0.0,0.0,0.0,0.0,0,3,0,0
720,2017-03-28,bb50f2e236e5eea0100680137654686c,0.0,0.0,0.0,0.0,0.0,0.0,0.0,0.0,1,3,0,0
730,2017-03-29,bb50f2e236e5eea0100680137654686c,0.0,0.0,0.0,0.0,0.0,0.0,0.0,0.0,2,3,0,0
740,2017-03-30,bb50f2e236e5eea0100680137654686c,0.0,0.0,0.0,0.0,0.0,0.0,0.0,0.0,3,3,0,0
750,2017-03-31,bb50f2e236e5eea0100680137654686c,0.0,0.0,0.0,0.0,0.0,0.0,0.0,0.0,4,3,0,0
760,2017-04-01,bb50f2e236e5eea0100680137654686c,0.0,0.0,0.0,0.0,0.0,0.0,0.0,0.0,5,4,1,0
770,2017-04-02,bb50f2e236e5eea0100680137654686c,0.0,0.0,0.0,0.0,0.0,0.0,0.0,0.0,6,4,1,0
780,2017-04-03,bb50f2e236e5eea0100680137654686c,0.0,0.0,0.0,0.0,0.0,0.0,0.0,0.0,0,4,0,0
790,2017-04-04,bb50f2e236e5eea0100680137654686c,0.0,0.0,0.0,0.0,0.0,0.0,0.0,0.0,1,4,0,0
800,2017-04-05,bb50f2e236e5eea0100680137654686c,0.0,0.0,0.0,0.0,0.0,0.0,0.0,0.0,2,4,0,0
810,2017-04-06,bb50f2e236e5eea0100680137654686c,0.0,0.0,0.0,0.0,0.0,0.0,0.0,0.0,3,4,0,0
820,2017-04-07,bb50f2e236e5eea0100680137654686c,0.0,0.0,0.0,0.0,0.0,0.0,0.0,0.0,4,4,0,0
830,2017-04-08,bb50f2e236e5eea0100680137654686c,0.0,0.0,0.0,0.0,0.0,0.0,0.0,0.0,5,4,1,0
840,2017-04-09,bb50f2e236e5eea0100680137654686c,0.0,0.0,0.0,0.0,0.0,0.0,0.0,0.0,6,4,1,0
850,2017-04-10,bb50f2e236e5eea0100680137654686c,0.0,0.0,0.0,0.0,0.0,0.0,0.0,0.0,0,4,0,0
860,2017-04-11,bb50f2e236e5eea0100680137654686c,0.0,0.0,0.0,0.0,0.0,0.0,0.0,0.0,1,4,0,0
870,2017-04-12,bb50f2e236e5eea0100680137654686c,0.0,0.0,0.0,0.0,0.0,0.0,0.0,0.0,2,4,0,0
880,2017-04-13,bb50f2e236e5eea0100680137654686c,0.0,0.0,0.0,0.0,0.0,0.0,0.0,0.0,3,4,0,0
890,2017-04-14,bb50f2e236e5eea0100680137654686c,0.0,0.0,0.0,0.0,0.0,0.0,0.0,0.0,4,4,0,0
900,2017-04-15,bb50f2e236e5eea0100680137654686c,0.0,0.0,0.0,0.0,0.0,0.0,0.0,0.0,5,4,1,0
910,2017-04-16,bb50f2e236e5eea0100680137654686c,0.0,0.0,0.0,0.0,0.0,0.0,0.0,0.0,6,4,1,0
920,2017-04-17,bb50f2e236e5eea0100680137654686c,0.0,0.0,0.0,0.0,0.0,0.0,0.0,0.0,0,4,0,0
930,2017-04-18,bb50f2e236e5eea0100680137654686c,0.0,0.0,0.0,0.0,0.0,0.0,0.0,0.0,1,4,0,0
940,2017-04-19,bb50f2e236e5eea0100680137654686c,0.0,0.0,0.0,0.0,0.0,0.0,0.0,0.0,2,4,0,0
950,2017-04-20,bb50f2e236e5eea0100680137654686c,0.0,0.0,0.0,0.0,0.0,0.0,0.0,0.0,3,4,0,0
960,2017-04-21,bb50f2e236e5eea0100680137654686c,0.0,0.0,0.0,0.0,0.0,0.0,0.0,0.0,4,4,0,0
970,2017-04-22,bb50f2e236e5eea0100680137654686c,0.0,0.0,0.0,0.0,0.0,0.0,0.0,0.0,5,4,1,0
980,2017-04-23,bb50f2e236e5eea0100680137654686c,0.0,0.0,0.0,0.0,0.0,0.0,0.0,0.0,6,4,1,0
990,2017-04-24,bb50f2e236e5eea0100680137654686c,0.0,0.0,0.0,0.0,0.0,0.0,0.0,0.0,0,4,0,0
1000,2017-04-25,bb50f2e236e5eea0100680137654686c,0.0,0.0,0.0,0.0,0.0,0.0,0.0,0.0,1,4,0,0
1010,2017-04-26,bb50f2e236e5eea0100680137654686c,0.0,0.0,0.0,0.0,0.0,0.0,0.0,0.0,2,4,0,0
1020,2017-04-27,bb50f2e236e5eea0100680137654686c,0.0,0.0,0.0,0.0,0.0,0.0,0.0,0.0,3,4,0,0
1030,2017-04-28,bb50f2e236e5eea0100680137654686c,0.0,0.0,0.0,0.0,0.0,0.0,0.0,0.0,4,4,0,0
1040,2017-04-29,bb50f2e236e5eea0100680137654686c,0.0,0.0,0.0,0.0,0.0,0.0,0.0,0.0,5,4,1,0
1050,2017-04-30,bb50f2e236e5eea0100680137654686c,0.0,0.0,0.0,0.0,0.0,0.0,0.0,0.0,6,4,1,0
1060,2017-05-01,bb50f2e236e5eea0100680137654686c,0.0,0.0,0.0,0.0,0.0,0.0,0.0,0.0,0,5,0,0
1070,2017-05-02,bb50f2e236e5eea0100680137654686c,0.0,0.0,0.0,0.0,0.0,0.0,0.0,0.0,1,5,0,0
1080,2017-05-03,bb50f2e236e5eea0100680137654686c,0.0,0.0,0.0,0.0,0.0,0.0,0.0,0.0,2,5,0,0
1090,2017-05-04,bb50f2e236e5eea0100680137654686c,0.0,0.0,0.0,0.0,0.0,0.0,0.0,0.0,3,5,0,0
1100,2017-05-05,bb50f2e236e5eea0100680137654686c,0.0,0.0,0.0,0.0,0.0,0.0,0.0,0.0,4,5,0,0
1110,2017-05-06,bb50f2e236e5eea0100680137654686c,0.0,0.0,0.0,0.0,0.0,0.0,0.0,0.0,5,5,1,0
1120,2017-05-07,bb50f2e236e5eea0100680137654686c,0.0,0.0,0.0,0.0,0.0,0.0,0.0,0.0,6,5,1,0
1130,2017-05-08,bb50f2e236e5eea0100680137654686c,0.0,0.0,0.0,0.0,0.0,0.0,0.0,0.0,0,5,0,0
1140,2017-05-09,bb50f2e236e5eea0100680137654686c,0.0,0.0,0.0,0.0,0.0,0.0,0.0,0.0,1,5,0,0
1150,2017-05-10,bb50f2e236e5eea0100680137654686c,0.0,0.0,0.0,0.0,0.0,0.0,0.0,0.0,2,5,0,0
1160,2017-05-11,bb50f2e236e5eea0100680137654686c,0.0,0.0,0.0,0.0,0.0,0.0,0.0,0.0,3,5,0,0
1170,2017-05-12,bb50f2e236e5eea0100680137654686c,0.0,0.0,0.0,0.0,0.0,0.0,0.0,0.0,4,5,0,0
1180,2017-05-13,bb50f2e236e5eea0100680137654686c,0.0,0.0,0.0,0.0,0.0,0.0,0.0,0.0,5,5,1,0
1190,2017-05-14,bb50f2e236e5eea0100680137654686c,0.0,0.0,0.0,0.0,0.0,0.0,0.0,0.0,6,5,1,0
1200,2017-05-15,bb50f2e236e5eea0100680137654686c,0.0,0.0,0.0,0.0,0.0,0.0,0.0,0.0,0,5,0,0
1210,2017-05-16,bb50f2e236e5eea0100680137654686c,0.0,0.0,0.0,0.0,0.0,0.0,0.0,0.0,1,5,0,0
1220,2017-05-17,bb50f2e236e5eea0100680137654686c,0.0,0.0,0.0,0.0,0.0,0.0,0.0,0.0,2,5,0,0
1230,2017-05-18,bb50f2e236e5eea0100680137654686c,0.0,0.0,0.0,0.0,0.0,0.0,0.0,0.0,3,5,0,0
1240,2017-05-19,bb50f2e236e5eea0100680137654686c,0.0,0.0,0.0,0.0,0.0,0.0,0.0,0.0,4,5,0,0
1250,2017-05-20,bb50f2e236e5eea0100680137654686c,0.0,0.0,0.0,0.0,0.0,0.0,0.0,0.0,5,5,1,0
1260,2017-05-21,bb50f2e236e5eea0100680137654686c,0.0,0.0,0.0,0.0,0.0,0.0,0.0,0.0,6,5,1,0
1270,2017-05-22,bb50f2e236e5eea0100680137654686c,0.0,0.0,0.0,0.0,0.0,0.0,0.0,0.0,0,5,0,0
1280,2017-05-23,bb50f2e236e5eea0100680137654686c,0.0,0.0,0.0,0.0,0.0,0.0,0.0,0.0,1,5,0,0
1290,2017-05-24,bb50f2e236e5eea0100680137654686c,0.0,0.0,0.0,0.0,0.0,0.0,0.0,0.0,2,5,0,0
1300,2017-05-25,bb50f2e236e5eea0100680137654686c,0.0,0.0,0.0,0.0,0.0,0.0,0.0,0.0,3,5,0,0
1310,2017-05-26,bb50f2e236e5eea0100680137654686c,0.0,0.0,0.0,0.0,0.0,0.0,0.0,0.0,4,5,0,0
1320,2017-05-27,bb50f2e236e5eea0100680137654686c,0.0,0.0,0.0,0.0,0.0,0.0,0.0,0.0,5,5,1,0
1330,2017-05-28,bb50f2e236e5eea0100680137654686c,0.0,0.0,0.0,0.0,0.0,0.0,0.0,0.0,6,5,1,0
1340,2017-05-29,bb50f2e236e5eea0100680137654686c,0.0,0.0,0.0,0.0,0.0,0.0,0.0,0.0,0,5,0,0
1350,2017-05-30,bb50f2e236e5eea0100680137654686c,0.0,0.0,0.0,0.0,0.0,0.0,0.0,0.0,1,5,0,0
1360,2017-05-31,bb50f2e236e5eea0100680137654686c,0.0,0.0,0.0,0.0,0.0,0.0,0.0,0.0,2,5,0,0
1370,2017-06-01,bb50f2e236e5eea0100680137654686c,0.0,0.0,0.0,0.0,0.0,0.0,0.0,0.0,3,6,0,0
1380,2017-06-02,bb50f2e236e5eea0100680137654686c,0.0,0.0,0.0,0.0,0.0,0.0,0.0,0.0,4,6,0,0
1390,2017-06-03,bb50f2e236e5eea0100680137654686c,0.0,0.0,0.0,0.0,0.0,0.0,0.0,0.0,5,6,1,0
1400,2017-06-04,bb50f2e236e5eea0100680137654686c,0.0,0.0,0.0,0.0,0.0,0.0,0.0,0.0,6,6,1,0
1410,2017-06-05,bb50f2e236e5eea0100680137654686c,0.0,0.0,0.0,0.0,0.0,0.0,0.0,0.0,0,6,0,0
1420,2017-06-06,bb50f2e236e5eea0100680137654686c,0.0,0.0,0.0,0.0,0.0,0.0,0.0,0.0,1,6,0,0
1430,2017-06-07,bb50f2e236e5eea0100680137654686c,0.0,0.0,0.0,0.0,0.0,0.0,0.0,0.0,2,6,0,0
1440,2017-06-08,bb50f2e236e5eea0100680137654686c,0.0,0.0,0.0,0.0,0.0,0.0,0.0,0.0,3,6,0,0
1450,2017-06-09,bb50f2e236e5eea0100680137654686c,0.0,0.0,0.0,0.0,0.0,0.0,0.0,0.0,4,6,0,0
1460,2017-06-10,bb50f2e236e5eea0100680137654686c,0.0,0.0,0.0,0.0,0.0,0.0,0.0,0.0,5,6,1,0
1470,2017-06-11,bb50f2e236e5eea0100680137654686c,0.0,0.0,0.0,0.0,0.0,0.0,0.0,0.0,6,6,1,0
1480,2017-06-12,bb50f2e236e5eea0100680137654686c,0.0,0.0,0.0,0.0,0.0,0.0,0.0,0.0,0,6,0,0
1490,2017-06-13,bb50f2e236e5eea0100680137654686c,0.0,0.0,0.0,0.0,0.0,0.0,0.0,0.0,1,6,0,0
1500,2017-06-14,bb50f2e236e5eea0100680137654686c,0.0,0.0,0.0,0.0,0.0,0.0,0.0,0.0,2,6,0,0
1510,2017-06-15,bb50f2e236e5eea0100680137654686c,0.0,0.0,0.0,0.0,0.0,0.0,0.0,0.0,3,6,0,0
1520,2017-06-16,bb50f2e236e5eea0100680137654686c,0.0,0.0,0.0,0.0,0.0,0.0,0.0,0.0,4,6,0,0
1530,2017-06-17,bb50f2e236e5eea0100680137654686c,0.0,0.0,0.0,0.0,0.0,0.0,0.0,0.0,5,6,1,0
1540,2017-06-18,bb50f2e236e5eea0100680137654686c,0.0,0.0,0.0,0.0,0.0,0.0,0.0,0.0,6,6,1,0
1550,2017-06-19,bb50f2e236e5eea0100680137654686c,0.0,0.0,0.0,0.0,0.0,0.0,0.0,0.0,0,6,0,0
1560,2017-06-20,bb50f2e236e5eea0100680137654686c,0.0,0.0,0.0,0.0,0.0,0.0,0.0,0.0,1,6,0,0
1570,2017-06-21,bb50f2e236e5eea0100680137654686c,0.0,0.0,0.0,0.0,0.0,0.0,0.0,0.0,2,6,0,0
1580,2017-06-22,bb50f2e236e5eea0100680137654686c,0.0,0.0,0.0,0.0,0.0,0.0,0.0,0.0,3,6,0,0
1590,2017-06-23,bb50f2e236e5eea0100680137654686c,0.0,0.0,0.0,0.0,0.0,0.0,0.0,0.0,4,6,0,0
1600,2017-06-24,bb50f2e236e5eea0100680137654686c,0.0,0.0,0.0,0.0,0.0,0.0,0.0,0.0,5,6,1,0
1610,2017-06-25,bb50f2e236e5eea0100680137654686c,0.0,0.0,0.0,0.0,0.0,0.0,0.0,0.0,6,6,1,0
1620,2017-06-26,bb50f2e236e5eea0100680137654686c,0.0,0.0,0.0,0.0,0.0,0.0,0.0,0.0,0,6,0,0
1630,2017-06-27,bb50f2e236e5eea0100680137654686c,0.0,0.0,0.0,0.0,0.0,0.0,0.0,0.0,1,6,0,0
1640,2017-06-28,bb50f2e236e5eea0100680137654686c,0.0,0.0,0.0,0.0,0.0,0.0,0.0,0.0,2,6,0,0
1650,2017-06-29,bb50f2e236e5eea0100680137654686c,0.0,0.0,0.0,0.0,0.0,0.0,0.0,0.0,3,6,0,0
1660,2017-06-30,bb50f2e236e5eea0100680137654686c,0.0,0.0,0.0,0.0,0.0,0.0,0.0,0.0,4,6,0,0
1670,2017-07-01,bb50f2e236e5eea0100680137654686c,0.0,0.0,0.0,0.0,0.0,0.0,0.0,0.0,5,7,1,0
1680,2017-07-02,bb50f2e236e5eea0100680137654686c,0.0,0.0,0.0,0.0,0.0,0.0,0.0,0.0,6,7,1,0
1690,2017-07-03,bb50f2e236e5eea0100680137654686c,0.0,0.0,0.0,0.0,0.0,0.0,0.0,0.0,0,7,0,0
1700,2017-07-04,bb50f2e236e5eea0100680137654686c,0.0,0.0,0.0,0.0,0.0,0.0,0.0,0.0,1,7,0,0
1710,2017-07-05,bb50f2e236e5eea0100680137654686c,0.0,0.0,0.0,0.0,0.0,0.0,0.0,0.0,2,7,0,0
1720,2017-07-06,bb50f2e236e5eea0100680137654686c,0.0,0.0,0.0,0.0,0.0,0.0,0.0,0.0,3,7,0,0
1730,2017-07-07,bb50f2e236e5eea0100680137654686c,0.0,0.0,0.0,0.0,0.0,0.0,0.0,0.0,4,7,0,0
1740,2017-07-08,bb50f2e236e5eea0100680137654686c,0.0,0.0,0.0,0.0,0.0,0.0,0.0,0.0,5,7,1,0
1750,2017-07-09,bb50f2e236e5eea0100680137654686c,0.0,0.0,0.0,0.0,0.0,0.0,0.0,0.0,6,7,1,0
1760,2017-07-10,bb50f2e236e5eea0100680137654686c,0.0,0.0,0.0,0.0,0.0,0.0,0.0,0.0,0,7,0,0
1770,2017-07-11,bb50f2e236e5eea0100680137654686c,0.0,0.0,0.0,0.0,0.0,0.0,0.0,0.0,1,7,0,0
1780,2017-07-12,bb50f2e236e5eea0100680137654686c,0.0,0.0,0.0,0.0,0.0,0.0,0.0,0.0,2,7,0,0
1790,2017-07-13,bb50f2e236e5eea0100680137654686c,0.0,0.0,0.0,0.0,0.0,0.0,0.0,0.0,3,7,0,0
1800,2017-07-14,bb50f2e236e5eea0100680137654686c,0.0,0.0,0.0,0.0,0.0,0.0,0.0,0.0,4,7,0,0
1810,2017-07-15,bb50f2e236e5eea0100680137654686c,0.0,0.0,0.0,0.0,0.0,0.0,0.0,0.0,5,7,1,0
1820,2017-07-16,bb50f2e236e5eea0100680137654686c,0.0,0.0,0.0,0.0,0.0,0.0,0.0,0.0,6,7,1,0
1830,2017-07-17,bb50f2e236e5eea0100680137654686c,0.0,0.0,0.0,0.0,0.0,0.0,0.0,0.0,0,7,0,0
1840,2017-07-18,bb50f2e236e5eea0100680137654686c,0.0,0.0,0.0,0.0,0.0,0.0,0.0,0.0,1,7,0,0
1850,2017-07-19,bb50f2e236e5eea0100680137654686c,0.0,0.0,0.0,0.0,0.0,0.0,0.0,0.0,2,7,0,0
1860,2017-07-20,bb50f2e236e5eea0100680137654686c,0.0,0.0,0.0,0.0,0.0,0.0,0.0,0.0,3,7,0,0
1870,2017-07-21,bb50f2e236e5eea0100680137654686c,0.0,0.0,0.0,0.0,0.0,0.0,0.0,0.0,4,7,0,0
1880,2017-07-22,bb50f2e236e5eea0100680137654686c,0.0,0.0,0.0,0.0,0.0,0.0,0.0,0.0,5,7,1,0
1890,2017-07-23,bb50f2e236e5eea0100680137654686c,0.0,0.0,0.0,0.0,0.0,0.0,0.0,0.0,6,7,1,0
1900,2017-07-24,bb50f2e236e5eea0100680137654686c,0.0,0.0,0.0,0.0,0.0,0.0,0.0,0.0,0,7,0,0
1910,2017-07-25,bb50f2e236e5eea0100680137654686c,0.0,0.0,0.0,0.0,0.0,0.0,0.0,0.0,1,7,0,0
1920,2017-07-26,bb50f2e236e5eea0100680137654686c,0.0,0.0,0.0,0.0,0.0,0.0,0.0,0.0,2,7,0,0
1930,2017-07-27,bb50f2e236e5eea0100680137654686c,0.0,0.0,0.0,0.0,0.0,0.0,0.0,0.0,3,7,0,0
1940,2017-07-28,bb50f2e236e5eea0100680137654686c,0.0,0.0,0.0,0.0,0.0,0.0,0.0,0.0,4,7,0,0
1950,2017-07-29,bb50f2e236e5eea0100680137654686c,0.0,0.0,0.0,0.0,0.0,0.0,0.0,0.0,5,7,1,0
1960,2017-07-30,bb50f2e236e5eea0100680137654686c,0.0,0.0,0.0,0.0,0.0,0.0,0.0,0.0,6,7,1,0
1970,2017-07-31,bb50f2e236e5eea0100680137654686c,0.0,0.0,0.0,0.0,0.0,0.0,0.0,0.0,0,7,0,0
1980,2017-08-01,bb50f2e236e5eea0100680137654686c,0.0,0.0,0.0,0.0,0.0,0.0,0.0,0.0,1,8,0,0
1990,2017-08-02,bb50f2e236e5eea0100680137654686c,0.0,0.0,0.0,0.0,0.0,0.0,0.0,0.0,2,8,0,0
2000,2017-08-03,bb50f2e236e5eea0100680137654686c,0.0,0.0,0.0,0.0,0.0,0.0,0.0,0.0,3,8,0,0
2010,2017-08-04,bb50f2e236e5eea0100680137654686c,0.0,0.0,0.0,0.0,0.0,0.0,0.0,0.0,4,8,0,0
2020,2017-08-05,bb50f2e236e5eea0100680137654686c,0.0,0.0,0.0,0.0,0.0,0.0,0.0,0.0,5,8,1,0
2030,2017-08-06,bb50f2e236e5eea0100680137654686c,0.0,0.0,0.0,0.0,0.0,0.0,0.0,0.0,6,8,1,0
2040,2017-08-07,bb50f2e236e5eea0100680137654686c,0.0,0.0,0.0,0.0,0.0,0.0,0.0,0.0,0,8,0,0
2050,2017-08-08,bb50f2e236e5eea0100680137654686c,0.0,0.0,0.0,0.0,0.0,0.0,0.0,0.0,1,8,0,0
2060,2017-08-09,bb50f2e236e5eea0100680137654686c,0.0,0.0,0.0,0.0,0.0,0.0,0.0,0.0,2,8,0,0
2070,2017-08-10,bb50f2e236e5eea0100680137654686c,0.0,0.0,0.0,0.0,0.0,0.0,0.0,0.0,3,8,0,0
2080,2017-08-11,bb50f2e236e5eea0100680137654686c,0.0,0.0,0.0,0.0,0.0,0.0,0.0,0.0,4,8,0,0
2090,2017-08-12,bb50f2e236e5eea0100680137654686c,0.0,0.0,0.0,0.0,0.0,0.0,0.0,0.0,5,8,1,0
2100,2017-08-13,bb50f2e236e5eea0100680137654686c,0.0,0.0,0.0,0.0,0.0,0.0,0.0,0.0,6,8,1,0
2110,2017-08-14,bb50f2e236e5eea0100680137654686c,0.0,0.0,0.0,0.0,0.0,0.0,0.0,0.0,0,8,0,0
2120,2017-08-15,bb50f2e236e5eea0100680137654686c,0.0,0.0,0.0,0.0,0.0,0.0,0.0,0.0,1,8,0,0
2130,2017-08-16,bb50f2e236e5eea0100680137654686c,0.0,0.0,0.0,0.0,0.0,0.0,0.0,0.0,2,8,0,0
2140,2017-08-17,bb50f2e236e5eea0100680137654686c,0.0,0.0,0.0,0.0,0.0,0.0,0.0,0.0,3,8,0,0
2150,2017-08-18,bb50f2e236e5eea0100680137654686c,1.0,0.0,0.0,0.0,0.0,0.14285714285714285,0.37796447300922725,1.0,4,8,0,0
2160,2017-08-19,bb50f2e236e5eea0100680137654686c,0.0,1.0,0.0,0.0,0.0,0.14285714285714285,0.37796447300922725,-1.0,5,8,1,0
2170,2017-08-20,bb50f2e236e5eea0100680137654686c,1.0,0.0,1.0,0.0,0.0,0.2857142857142857,0.4879500364742666,1.0,6,8,1,0
2180,2017-08-21,bb50f2e236e5eea0100680137654686c,0.0,1.0,0.0,1.0,0.0,0.2857142857142857,0.48795003647426666,-1.0,0,8,0,0
2190,2017-08-22,bb50f2e236e5eea0100680137654686c,1.0,0.0,1.0,0.0,0.0,0.42857142857142855,0.5345224838248488,1.0,1,8,0,0
2200,2017-08-23,bb50f2e236e5eea0100680137654686c,0.0,1.0,0.0,1.0,0.0,0.42857142857142855,0.5345224838248488,-1.0,2,8,0,0
2210,2017-08-24,bb50f2e236e5eea0100680137654686c,2.0,0.0,1.0,0.0,0.0,0.7142857142857143,0.7559289460184544,2.0,3,8,0,0
2220,2017-08-25,bb50f2e236e5eea0100680137654686c,0.0,2.0,0.0,1.0,1.0,0.5714285714285714,0.7867957924694431,-2.0,4,8,0,0
2230,2017-08-26,bb50f2e236e5eea0100680137654686c,0.0,0.0,2.0,0.0,0.0,0.5714285714285714,0.7867957924694431,0.0,5,8,1,0
2240,2017-08-27,bb50f2e236e5eea0100680137654686c,0.0,0.0,0.0,2.0,1.0,0.42857142857142855,0.7867957924694432,0.0,6,8,1,0
2250,2017-08-28,bb50f2e236e5eea0100680137654686c,0.0,0.0,0.0,0.0,0.0,0.42857142857142855,0.7867957924694432,0.0,0,8,0,0
2260,2017-08-29,bb50f2e236e5eea0100680137654686c,0.0,0.0,0.0,0.0,1.0,0.2857142857142857,0.7559289460184545,0.0,1,8,0,0
2270,2017-08-30,bb50f2e236e5eea0100680137654686c,0.0,0.0,0.0,0.0,0.0,0.2857142857142857,0.7559289460184545,0.0,2,8,0,0
2280,2017-08-31,bb50f2e236e5eea0100680137654686c,1.0,0.0,0.0,0.0,2.0,0.14285714285714285,0.37796447300922725,1.0,3,8,0,0
2290,2017-09-01,bb50f2e236e5eea0100680137654686c,0.0,1.0,0.0,0.0,0.0,0.14285714285714285,0.37796447300922725,-1.0,4,9,0,0
2300,2017-09-02,bb50f2e236e5eea0100680137654686c,0.0,0.0,1.0,0.0,0.0,0.14285714285714285,0.37796447300922725,0.0,5,9,1,0
2310,2017-09-03,bb50f2e236e5eea0100680137654686c,0.0,0.0,0.0,1.0,0.0,0.14285714285714285,0.37796447300922725,0.0,6,9,1,0
2320,2017-09-04,bb50f2e236e5eea0100680137654686c,2.0,0.0,0.0,0.0,0.0,0.42857142857142855,0.7867957924694432,2.0,0,9,0,0
2330,2017-09-05,bb50f2e236e5eea0100680137654686c,0.0,2.0,0.0,0.0,0.0,0.42857142857142855,0.7867957924694432,-2.0,1,9,0,0
2340,2017-09-06,bb50f2e236e5eea0100680137654686c,0.0,0.0,2.0,0.0,0.0,0.42857142857142855,0.7867957924694432,0.0,2,9,0,0
2350,2017-09-07,bb50f2e236e5eea0100680137654686c,0.0,0.0,0.0,2.0,1.0,0.2857142857142857,0.7559289460184545,0.0,3,9,0,0
2360,2017-09-08,bb50f2e236e5eea0100680137654686c,0.0,0.0,0.0,0.0,0.0,0.2857142857142857,0.7559289460184545,0.0,4,9,0,0
2370,2017-09-09,bb50f2e236e5eea0100680137654686c,0.0,0.0,0.0,0.0,0.0,0.2857142857142857,0.7559289460184545,0.0,5,9,1,0
2380,2017-09-10,bb50f2e236e5eea0100680137654686c,0.0,0.0,0.0,0.0,0.0,0.2857142857142857,0.7559289460184545,0.0,6,9,1,0
2390,2017-09-11,bb50f2e236e5eea0100680137654686c,0.0,0.0,0.0,0.0,2.0,0.0,0.0,0.0,0,9,0,0
2400,2017-09-12,bb50f2e236e5eea0100680137654686c,1.0,0.0,0.0,0.0,0.0,0.14285714285714285,0.37796447300922725,1.0,1,9,0,0
2410,2017-09-13,bb50f2e236e5eea0100680137654686c,0.0,1.0,0.0,0.0,0.0,0.14285714285714285,0.37796447300922725,-1.0,2,9,0,0
2420,2017-09-14,bb50f2e236e5eea0100680137654686c,0.0,0.0,1.0,0.0,0.0,0.14285714285714285,0.37796447300922725,0.0,3,9,0,0
2430,2017-09-15,bb50f2e236e5eea0100680137654686c,0.0,0.0,0.0,1.0,0.0,0.14285714285714285,0.37796447300922725,0.0,4,9,0,0
2440,2017-09-16,bb50f2e236e5eea0100680137654686c,0.0,0.0,0.0,0.0,0.0,0.14285714285714285,0.37796447300922725,0.0,5,9,1,0
2450,2017-09-17,bb50f2e236e5eea0100680137654686c,0.0,0.0,0.0,0.0,0.0,0.14285714285714285,0.37796447300922725,0.0,6,9,1,0
2460,2017-09-18,bb50f2e236e5eea0100680137654686c,0.0,0.0,0.0,0.0,0.0,0.14285714285714285,0.37796447300922725,0.0,0,9,0,0
2470,2017-09-19,bb50f2e236e5eea0100680137654686c,1.0,0.0,0.0,0.0,1.0,0.14285714285714285,0.37796447300922725,1.0,1,9,0,0
2480,2017-09-20,bb50f2e236e5eea0100680137654686c,0.0,1.0,0.0,0.0,0.0,0.14285714285714285,0.37796447300922725,-1.0,2,9,0,0
2490,2017-09-21,bb50f2e236e5eea0100680137654686c,1.0,0.0,1.0,0.0,0.0,0.2857142857142857,0.4879500364742666,1.0,3,9,0,0
2500,2017-09-22,bb50f2e236e5eea0100680137654686c,1.0,1.0,0.0,1.0,0.0,0.42857142857142855,0.5345224838248488,0.0,4,9,0,0
2510,2017-09-23,bb50f2e236e5eea0100680137654686c,0.0,1.0,1.0,0.0,0.0,0.42857142857142855,0.5345224838248488,-1.0,5,9,1,0
2520,2017-09-24,bb50f2e236e5eea0100680137654686c,0.0,0.0,1.0,1.0,0.0,0.42857142857142855,0.5345224838248488,0.0,6,9,1,0
2530,2017-09-25,bb50f2e236e5eea0100680137654686c,2.0,0.0,0.0,1.0,0.0,0.7142857142857143,0.7559289460184544,2.0,0,9,0,0
2540,2017-09-26,bb50f2e236e5eea0100680137654686c,0.0,2.0,0.0,0.0,1.0,0.5714285714285714,0.7867957924694431,-2.0,1,9,0,0
2550,2017-09-27,bb50f2e236e5eea0100680137654686c,0.0,0.0,2.0,0.0,0.0,0.5714285714285714,0.7867957924694431,0.0,2,9,0,0
2560,2017-09-28,bb50f2e236e5eea0100680137654686c,2.0,0.0,0.0,2.0,1.0,0.7142857142857143,0.9511897312113419,2.0,3,9,0,0
2570,2017-09-29,bb50f2e236e5eea0100680137654686c,1.0,2.0,0.0,0.0,1.0,0.7142857142857143,0.9511897312113419,-1.0,4,9,0,0
2580,2017-09-30,bb50f2e236e5eea0100680137654686c,0.0,1.0,2.0,0.0,0.0,0.7142857142857143,0.9511897312113419,-1.0,5,9,1,0
2590,2017-10-01,bb50f2e236e5eea0100680137654686c,0.0,0.0,1.0,2.0,0.0,0.7142857142857143,0.9511897312113419,0.0,6,10,1,0
2600,2017-10-02,bb50f2e236e5eea0100680137654686c,0.0,0.0,0.0,1.0,2.0,0.42857142857142855,0.7867957924694432,0.0,0,10,0,0
2610,2017-10-03,bb50f2e236e5eea0100680137654686c,0.0,0.0,0.0,0.0,0.0,0.42857142857142855,0.7867957924694432,0.0,1,10,0,0
2620,2017-10-04,bb50f2e236e5eea0100680137654686c,0.0,0.0,0.0,0.0,0.0,0.42857142857142855,0.7867957924694432,0.0,2,10,0,0
2630,2017-10-05,bb50f2e236e5eea0100680137654686c,0.0,0.0,0.0,0.0,2.0,0.14285714285714285,0.37796447300922736,0.0,3,10,0,0
2640,2017-10-06,bb50f2e236e5eea0100680137654686c,0.0,0.0,0.0,0.0,1.0,0.0,0.0,0.0,4,10,0,0
2650,2017-10-07,bb50f2e236e5eea0100680137654686c,0.0,0.0,0.0,0.0,0.0,0.0,0.0,0.0,5,10,1,0
2660,2017-10-08,bb50f2e236e5eea0100680137654686c,0.0,0.0,0.0,0.0,0.0,0.0,0.0,0.0,6,10,1,0
2670,2017-10-09,bb50f2e236e5eea0100680137654686c,0.0,0.0,0.0,0.0,0.0,0.0,0.0,0.0,0,10,0,0
2680,2017-10-10,bb50f2e236e5eea0100680137654686c,1.0,0.0,0.0,0.0,0.0,0.14285714285714285,0.37796447300922725,1.0,1,10,0,0
2690,2017-10-11,bb50f2e236e5eea0100680137654686c,0.0,1.0,0.0,0.0,0.0,0.14285714285714285,0.37796447300922725,-1.0,2,10,0,0
2700,2017-10-12,bb50f2e236e5eea0100680137654686c,0.0,0.0,1.0,0.0,0.0,0.14285714285714285,0.37796447300922725,0.0,3,10,0,0
2710,2017-10-13,bb50f2e236e5eea0100680137654686c,0.0,0.0,0.0,1.0,0.0,0.14285714285714285,0.37796447300922725,0.0,4,10,0,0
2720,2017-10-14,bb50f2e236e5eea0100680137654686c,0.0,0.0,0.0,0.0,0.0,0.14285714285714285,0.37796447300922725,0.0,5,10,1,0
2730,2017-10-15,bb50f2e236e5eea0100680137654686c,1.0,0.0,0.0,0.0,0.0,0.2857142857142857,0.4879500364742666,1.0,6,10,1,0
2740,2017-10-16,bb50f2e236e5eea0100680137654686c,0.0,1.0,0.0,0.0,0.0,0.2857142857142857,0.48795003647426666,-1.0,0,10,0,0
2750,2017-10-17,bb50f2e236e5eea0100680137654686c,0.0,0.0,1.0,0.0,1.0,0.14285714285714285,0.3779644730092273,0.0,1,10,0,0
2760,2017-10-18,bb50f2e236e5eea0100680137654686c,0.0,0.0,0.0,1.0,0.0,0.14285714285714285,0.3779644730092273,0.0,2,10,0,0
2770,2017-10-19,bb50f2e236e5eea0100680137654686c,0.0,0.0,0.0,0.0,0.0,0.14285714285714285,0.3779644730092273,0.0,3,10,0,0
2780,2017-10-20,bb50f2e236e5eea0100680137654686c,0.0,0.0,0.0,0.0,0.0,0.14285714285714285,0.3779644730092273,0.0,4,10,0,0
2790,2017-10-21,bb50f2e236e5eea0100680137654686c,0.0,0.0,0.0,0.0,0.0,0.14285714285714285,0.3779644730092273,0.0,5,10,1,0
2800,2017-10-22,bb50f2e236e5eea0100680137654686c,0.0,0.0,0.0,0.0,1.0,0.0,0.0,0.0,6,10,1,0
2810,2017-10-23,bb50f2e236e5eea0100680137654686c,0.0,0.0,0.0,0.0,0.0,0.0,0.0,0.0,0,10,0,0
2820,2017-10-24,bb50f2e236e5eea0100680137654686c,0.0,0.0,0.0,0.0,0.0,0.0,0.0,0.0,1,10,0,0
2830,2017-10-25,bb50f2e236e5eea0100680137654686c,0.0,0.0,0.0,0.0,0.0,0.0,0.0,0.0,2,10,0,0
2840,2017-10-26,bb50f2e236e5eea0100680137654686c,0.0,0.0,0.0,0.0,0.0,0.0,0.0,0.0,3,10,0,0
2850,2017-10-27,bb50f2e236e5eea0100680137654686c,0.0,0.0,0.0,0.0,0.0,0.0,0.0,0.0,4,10,0,0
2860,2017-10-28,bb50f2e236e5eea0100680137654686c,0.0,0.0,0.0,0.0,0.0,0.0,0.0,0.0,5,10,1,0
2870,2017-10-29,bb50f2e236e5eea0100680137654686c,0.0,0.0,0.0,0.0,0.0,0.0,0.0,0.0,6,10,1,0
2880,2017-10-30,bb50f2e236e5eea0100680137654686c,0.0,0.0,0.0,0.0,0.0,0.0,0.0,0.0,0,10,0,0
2890,2017-10-31,bb50f2e236e5eea0100680137654686c,0.0,0.0,0.0,0.0,0.0,0.0,0.0,0.0,1,10,0,0
2900,2017-11-01,bb50f2e236e5eea0100680137654686c,1.0,0.0,0.0,0.0,0.0,0.14285714285714285,0.37796447300922725,1.0,2,11,0,1
2910,2017-11-02,bb50f2e236e5eea0100680137654686c,0.0,1.0,0.0,0.0,0.0,0.14285714285714285,0.37796447300922725,-1.0,3,11,0,1
2920,2017-11-03,bb50f2e236e5eea0100680137654686c,0.0,0.0,1.0,0.0,0.0,0.14285714285714285,0.37796447300922725,0.0,4,11,0,1
2930,2017-11-04,bb50f2e236e5eea0100680137654686c,0.0,0.0,0.0,1.0,0.0,0.14285714285714285,0.37796447300922725,0.0,5,11,1,1
2940,2017-11-05,bb50f2e236e5eea0100680137654686c,0.0,0.0,0.0,0.0,0.0,0.14285714285714285,0.37796447300922725,0.0,6,11,1,1
2950,2017-11-06,bb50f2e236e5eea0100680137654686c,0.0,0.0,0.0,0.0,0.0,0.14285714285714285,0.37796447300922725,0.0,0,11,0,1
2960,2017-11-07,bb50f2e236e5eea0100680137654686c,1.0,0.0,0.0,0.0,0.0,0.2857142857142857,0.4879500364742666,1.0,1,11,0,1
2970,2017-11-08,bb50f2e236e5eea0100680137654686c,0.0,1.0,0.0,0.0,1.0,0.14285714285714285,0.37796447300922725,-1.0,2,11,0,1
2980,2017-11-09,bb50f2e236e5eea0100680137654686c,1.0,0.0,1.0,0.0,0.0,0.2857142857142857,0.4879500364742666,1.0,3,11,0,1
2990,2017-11-10,bb50f2e236e5eea0100680137654686c,0.0,1.0,0.0,1.0,0.0,0.2857142857142857,0.48795003647426666,-1.0,4,11,0,1
3000,2017-11-11,bb50f2e236e5eea0100680137654686c,0.0,0.0,1.0,0.0,0.0,0.2857142857142857,0.48795003647426666,0.0,5,11,1,1
3010,2017-11-12,bb50f2e236e5eea0100680137654686c,0.0,0.0,0.0,1.0,0.0,0.2857142857142857,0.48795003647426666,0.0,6,11,1,1
3020,2017-11-13,bb50f2e236e5eea0100680137654686c,0.0,0.0,0.0,0.0,0.0,0.2857142857142857,0.48795003647426666,0.0,0,11,0,1
3030,2017-11-14,bb50f2e236e5eea0100680137654686c,1.0,0.0,0.0,0.0,1.0,0.2857142857142857,0.48795003647426666,1.0,1,11,0,1
3040,2017-11-15,bb50f2e236e5eea0100680137654686c,0.0,1.0,0.0,0.0,0.0,0.2857142857142857,0.48795003647426666,-1.0,2,11,0,1
3050,2017-11-16,bb50f2e236e5eea0100680137654686c,0.0,0.0,1.0,0.0,1.0,0.14285714285714285,0.3779644730092273,0.0,3,11,0,1
3060,2017-11-17,bb50f2e236e5eea0100680137654686c,0.0,0.0,0.0,1.0,0.0,0.14285714285714285,0.3779644730092273,0.0,4,11,0,1
3070,2017-11-18,bb50f2e236e5eea0100680137654686c,0.0,0.0,0.0,0.0,0.0,0.14285714285714285,0.3779644730092273,0.0,5,11,1,1
3080,2017-11-19,bb50f2e236e5eea0100680137654686c,0.0,0.0,0.0,0.0,0.0,0.14285714285714285,0.3779644730092273,0.0,6,11,1,1
3090,2017-11-20,bb50f2e236e5eea0100680137654686c,1.0,0.0,0.0,0.0,0.0,0.2857142857142857,0.48795003647426666,1.0,0,11,0,1
3100,2017-11-21,bb50f2e236e5eea0100680137654686c,0.0,1.0,0.0,0.0,1.0,0.14285714285714285,0.3779644730092273,-1.0,1,11,0,1
3110,2017-11-22,bb50f2e236e5eea0100680137654686c,0.0,0.0,1.0,0.0,0.0,0.14285714285714285,0.3779644730092273,0.0,2,11,0,1
3120,2017-11-23,bb50f2e236e5eea0100680137654686c,1.0,0.0,0.0,1.0,0.0,0.2857142857142857,0.48795003647426666,1.0,3,11,0,1
3130,2017-11-24,bb50f2e236e5eea0100680137654686c,1.0,1.0,0.0,0.0,0.0,0.42857142857142855,0.5345224838248488,0.0,4,11,0,1
3140,2017-11-25,bb50f2e236e5eea0100680137654686c,0.0,1.0,1.0,0.0,0.0,0.42857142857142855,0.5345224838248488,-1.0,5,11,1,1
3150,2017-11-26,bb50f2e236e5eea0100680137654686c,0.0,0.0,1.0,1.0,0.0,0.42857142857142855,0.5345224838248488,0.0,6,11,1,1
3160,2017-11-27,bb50f2e236e5eea0100680137654686c,1.0,0.0,0.0,1.0,1.0,0.42857142857142855,0.5345224838248488,1.0,0,11,0,1
3170,2017-11-28,bb50f2e236e5eea0100680137654686c,0.0,1.0,0.0,0.0,0.0,0.42857142857142855,0.5345224838248488,-1.0,1,11,0,1
3180,2017-11-29,bb50f2e236e5eea0100680137654686c,4.0,0.0,1.0,0.0,0.0,1.0,1.4142135623730951,4.0,2,11,0,1
3190,2017-11-30,bb50f2e236e5eea0100680137654686c,0.0,4.0,0.0,1.0,1.0,0.8571428571428571,1.4638501094227998,-4.0,3,11,0,1
3200,2017-12-01,bb50f2e236e5eea0100680137654686c,0.0,0.0,4.0,0.0,1.0,0.7142857142857143,1.4960264830861913,0.0,4,12,0,0
3210,2017-12-02,bb50f2e236e5eea0100680137654686c,0.0,0.0,0.0,4.0,0.0,0.7142857142857143,1.4960264830861913,0.0,5,12,1,0
3220,2017-12-03,bb50f2e236e5eea0100680137654686c,1.0,0.0,0.0,0.0,0.0,0.8571428571428571,1.4638501094227998,1.0,6,12,1,0
3230,2017-12-04,bb50f2e236e5eea0100680137654686c,0.0,1.0,0.0,0.0,1.0,0.7142857142857143,1.4960264830861913,-1.0,0,12,0,0
3240,2017-12-05,bb50f2e236e5eea0100680137654686c,0.0,0.0,1.0,0.0,0.0,0.7142857142857143,1.4960264830861913,0.0,1,12,0,0
3250,2017-12-06,bb50f2e236e5eea0100680137654686c,0.0,0.0,0.0,1.0,4.0,0.14285714285714285,0.37796447300922775,0.0,2,12,0,0
3260,2017-12-07,bb50f2e236e5eea0100680137654686c,1.0,0.0,0.0,0.0,0.0,0.2857142857142857,0.487950036474267,1.0,3,12,0,0
3270,2017-12-08,bb50f2e236e5eea0100680137654686c,0.0,1.0,0.0,0.0,0.0,0.2857142857142857,0.487950036474267,-1.0,4,12,0,0
3280,2017-12-09,bb50f2e236e5eea0100680137654686c,1.0,0.0,1.0,0.0,0.0,0.42857142857142855,0.534522483824849,1.0,5,12,1,0
3290,2017-12-10,bb50f2e236e5eea0100680137654686c,0.0,1.0,0.0,1.0,1.0,0.2857142857142857,0.48795003647426693,-1.0,6,12,1,0
3300,2017-12-11,bb50f2e236e5eea0100680137654686c,1.0,0.0,1.0,0.0,0.0,0.42857142857142855,0.534522483824849,1.0,0,12,0,0
3310,2017-12-12,bb50f2e236e5eea0100680137654686c,0.0,1.0,0.0,1.0,0.0,0.42857142857142855,0.534522483824849,-1.0,1,12,0,0
3320,2017-12-13,bb50f2e236e5eea0100680137654686c,1.0,0.0,1.0,0.0,0.0,0.5714285714285714,0.534522483824849,1.0,2,12,0,0
3330,2017-12-14,bb50f2e236e5eea0100680137654686c,0.0,1.0,0.0,1.0,1.0,0.42857142857142855,0.534522483824849,-1.0,3,12,0,0
3340,2017-12-15,bb50f2e236e5eea0100680137654686c,1.0,0.0,1.0,0.0,0.0,0.5714285714285714,0.534522483824849,1.0,4,12,0,0
3350,2017-12-16,bb50f2e236e5eea0100680137654686c,0.0,1.0,0.0,1.0,1.0,0.42857142857142855,0.534522483824849,-1.0,5,12,1,0
3360,2017-12-17,bb50f2e236e5eea0100680137654686c,0.0,0.0,1.0,0.0,0.0,0.42857142857142855,0.534522483824849,0.0,6,12,1,0
3370,2017-12-18,bb50f2e236e5eea0100680137654686c,0.0,0.0,0.0,1.0,1.0,0.2857142857142857,0.48795003647426693,0.0,0,12,0,0
3380,2017-12-19,bb50f2e236e5eea0100680137654686c,0.0,0.0,0.0,0.0,0.0,0.2857142857142857,0.48795003647426693,0.0,1,12,0,0
3390,2017-12-20,bb50f2e236e5eea0100680137654686c,0.0,0.0,0.0,0.0,1.0,0.14285714285714285,0.3779644730092277,0.0,2,12,0,0
3400,2017-12-21,bb50f2e236e5eea0100680137654686c,0.0,0.0,0.0,0.0,0.0,0.14285714285714285,0.3779644730092277,0.0,3,12,0,0
3410,2017-12-22,bb50f2e236e5eea0100680137654686c,0.0,0.0,0.0,0.0,1.0,0.0,0.0,0.0,4,12,0,0
3420,2017-12-23,bb50f2e236e5eea0100680137654686c,0.0,0.0,0.0,0.0,0.0,0.0,0.0,0.0,5,12,1,0
3430,2017-12-24,bb50f2e236e5eea0100680137654686c,0.0,0.0,0.0,0.0,0.0,0.0,0.0,0.0,6,12,1,0
3440,2017-12-25,bb50f2e236e5eea0100680137654686c,0.0,0.0,0.0,0.0,0.0,0.0,0.0,0.0,0,12,0,0
3450,2017-12-26,bb50f2e236e5eea0100680137654686c,0.0,0.0,0.0,0.0,0.0,0.0,0.0,0.0,1,12,0,0
3460,2017-12-27,bb50f2e236e5eea0100680137654686c,0.0,0.0,0.0,0.0,0.0,0.0,0.0,0.0,2,12,0,0
3470,2017-12-28,bb50f2e236e5eea0100680137654686c,0.0,0.0,0.0,0.0,0.0,0.0,0.0,0.0,3,12,0,0
3480,2017-12-29,bb50f2e236e5eea0100680137654686c,0.0,0.0,0.0,0.0,0.0,0.0,0.0,0.0,4,12,0,0
3490,2017-12-30,bb50f2e236e5eea0100680137654686c,0.0,0.0,0.0,0.0,0.0,0.0,0.0,0.0,5,12,1,0
3500,2017-12-31,bb50f2e236e5eea0100680137654686c,0.0,0.0,0.0,0.0,0.0,0.0,0.0,0.0,6,12,1,0
3510,2018-01-01,bb50f2e236e5eea0100680137654686c,0.0,0.0,0.0,0.0,0.0,0.0,0.0,0.0,0,1,0,0
3520,2018-01-02,bb50f2e236e5eea0100680137654686c,0.0,0.0,0.0,0.0,0.0,0.0,0.0,0.0,1,1,0,0
3530,2018-01-03,bb50f2e236e5eea0100680137654686c,0.0,0.0,0.0,0.0,0.0,0.0,0.0,0.0,2,1,0,0
3540,2018-01-04,bb50f2e236e5eea0100680137654686c,0.0,0.0,0.0,0.0,0.0,0.0,0.0,0.0,3,1,0,0
3550,2018-01-05,bb50f2e236e5eea0100680137654686c,0.0,0.0,0.0,0.0,0.0,0.0,0.0,0.0,4,1,0,0
3560,2018-01-06,bb50f2e236e5eea0100680137654686c,0.0,0.0,0.0,0.0,0.0,0.0,0.0,0.0,5,1,1,0
3570,2018-01-07,bb50f2e236e5eea0100680137654686c,0.0,0.0,0.0,0.0,0.0,0.0,0.0,0.0,6,1,1,0
3580,2018-01-08,bb50f2e236e5eea0100680137654686c,0.0,0.0,0.0,0.0,0.0,0.0,0.0,0.0,0,1,0,0
3590,2018-01-09,bb50f2e236e5eea0100680137654686c,0.0,0.0,0.0,0.0,0.0,0.0,0.0,0.0,1,1,0,0
3600,2018-01-10,bb50f2e236e5eea0100680137654686c,0.0,0.0,0.0,0.0,0.0,0.0,0.0,0.0,2,1,0,0
3610,2018-01-11,bb50f2e236e5eea0100680137654686c,0.0,0.0,0.0,0.0,0.0,0.0,0.0,0.0,3,1,0,0
3620,2018-01-12,bb50f2e236e5eea0100680137654686c,1.0,0.0,0.0,0.0,0.0,0.14285714285714285,0.37796447300922725,1.0,4,1,0,0
3630,2018-01-13,bb50f2e236e5eea0100680137654686c,1.0,1.0,0.0,0.0,0.0,0.2857142857142857,0.4879500364742666,0.0,5,1,1,0
3640,2018-01-14,bb50f2e236e5eea0100680137654686c,0.0,1.0,1.0,0.0,0.0,0.2857142857142857,0.48795003647426666,-1.0,6,1,1,0
3650,2018-01-15,bb50f2e236e5eea0100680137654686c,1.0,0.0,1.0,1.0,0.0,0.42857142857142855,0.5345224838248488,1.0,0,1,0,0
3660,2018-01-16,bb50f2e236e5eea0100680137654686c,1.0,1.0,0.0,1.0,0.0,0.5714285714285714,0.5345224838248488,0.0,1,1,0,0
3670,2018-01-17,bb50f2e236e5eea0100680137654686c,0.0,1.0,1.0,0.0,0.0,0.5714285714285714,0.5345224838248488,-1.0,2,1,0,0
3680,2018-01-18,bb50f2e236e5eea0100680137654686c,0.0,0.0,1.0,1.0,0.0,0.5714285714285714,0.5345224838248488,0.0,3,1,0,0
3690,2018-01-19,bb50f2e236e5eea0100680137654686c,1.0,0.0,0.0,1.0,1.0,0.5714285714285714,0.5345224838248488,1.0,4,1,0,0
3700,2018-01-20,bb50f2e236e5eea0100680137654686c,0.0,1.0,0.0,0.0,1.0,0.42857142857142855,0.5345224838248488,-1.0,5,1,1,0
3710,2018-01-21,bb50f2e236e5eea0100680137654686c,0.0,0.0,1.0,0.0,0.0,0.42857142857142855,0.5345224838248488,0.0,6,1,1,0
3720,2018-01-22,bb50f2e236e5eea0100680137654686c,0.0,0.0,0.0,1.0,1.0,0.2857142857142857,0.48795003647426655,0.0,0,1,0,0
3730,2018-01-23,bb50f2e236e5eea0100680137654686c,0.0,0.0,0.0,0.0,1.0,0.14285714285714285,0.3779644730092271,0.0,1,1,0,0
3740,2018-01-24,bb50f2e236e5eea0100680137654686c,2.0,0.0,0.0,0.0,0.0,0.42857142857142855,0.7867957924694432,2.0,2,1,0,0
3750,2018-01-25,bb50f2e236e5eea0100680137654686c,1.0,2.0,0.0,0.0,0.0,0.5714285714285714,0.7867957924694432,-1.0,3,1,0,0
3760,2018-01-26,bb50f2e236e5eea0100680137654686c,0.0,1.0,2.0,0.0,1.0,0.42857142857142855,0.7867957924694431,-1.0,4,1,0,0
3770,2018-01-27,bb50f2e236e5eea0100680137654686c,0.0,0.0,1.0,2.0,0.0,0.42857142857142855,0.7867957924694431,0.0,5,1,1,0
3780,2018-01-28,bb50f2e236e5eea0100680137654686c,1.0,0.0,0.0,1.0,0.0,0.5714285714285714,0.7867957924694432,1.0,6,1,1,0
3790,2018-01-29,bb50f2e236e5eea0100680137654686c,1.0,1.0,0.0,0.0,0.0,0.7142857142857143,0.7559289460184545,0.0,0,1,0,0
3800,2018-01-30,bb50f2e236e5eea0100680137654686c,0.0,1.0,1.0,0.0,0.0,0.7142857142857143,0.7559289460184545,-1.0,1,1,0,0
3810,2018-01-31,bb50f2e236e5eea0100680137654686c,0.0,0.0,1.0,1.0,2.0,0.42857142857142855,0.5345224838248488,0.0,2,1,0,0
3820,2018-02-01,bb50f2e236e5eea0100680137654686c,1.0,0.0,0.0,1.0,1.0,0.42857142857142855,0.5345224838248487,1.0,3,2,0,0
3830,2018-02-02,bb50f2e236e5eea0100680137654686c,1.0,1.0,0.0,0.0,0.0,0.5714285714285714,0.5345224838248488,0.0,4,2,0,0
3840,2018-02-03,bb50f2e236e5eea0100680137654686c,0.0,1.0,1.0,0.0,0.0,0.5714285714285714,0.5345224838248488,-1.0,5,2,1,0
3850,2018-02-04,bb50f2e236e5eea0100680137654686c,0.0,0.0,1.0,1.0,1.0,0.42857142857142855,0.5345224838248487,0.0,6,2,1,0
3860,2018-02-05,bb50f2e236e5eea0100680137654686c,2.0,0.0,0.0,1.0,1.0,0.5714285714285714,0.7867957924694432,2.0,0,2,0,0
3870,2018-02-06,bb50f2e236e5eea0100680137654686c,0.0,2.0,0.0,0.0,0.0,0.5714285714285714,0.7867957924694432,-2.0,1,2,0,0
3880,2018-02-07,bb50f2e236e5eea0100680137654686c,2.0,0.0,2.0,0.0,0.0,0.8571428571428571,0.8997354108424375,2.0,2,2,0,0
3890,2018-02-08,bb50f2e236e5eea0100680137654686c,0.0,2.0,0.0,2.0,1.0,0.7142857142857143,0.9511897312113419,-2.0,3,2,0,0
3900,2018-02-09,bb50f2e236e5eea0100680137654686c,1.0,0.0,2.0,0.0,1.0,0.7142857142857143,0.9511897312113419,1.0,4,2,0,0
3910,2018-02-10,bb50f2e236e5eea0100680137654686c,1.0,1.0,0.0,2.0,0.0,0.8571428571428571,0.8997354108424375,0.0,5,2,1,0
3920,2018-02-11,bb50f2e236e5eea0100680137654686c,3.0,1.0,1.0,0.0,0.0,1.2857142857142858,1.1126972805283737,2.0,6,2,1,0
3930,2018-02-12,bb50f2e236e5eea0100680137654686c,1.0,3.0,1.0,1.0,2.0,1.1428571428571428,1.0690449676496976,-2.0,0,2,0,0
3940,2018-02-13,bb50f2e236e5eea0100680137654686c,0.0,1.0,3.0,1.0,0.0,1.1428571428571428,1.0690449676496976,-1.0,1,2,0,0
3950,2018-02-14,bb50f2e236e5eea0100680137654686c,0.0,0.0,1.0,3.0,2.0,0.8571428571428571,1.0690449676496976,0.0,2,2,0,0
3960,2018-02-15,bb50f2e236e5eea0100680137654686c,0.0,0.0,0.0,1.0,0.0,0.8571428571428571,1.0690449676496976,0.0,3,2,0,0
3970,2018-02-16,bb50f2e236e5eea0100680137654686c,0.0,0.0,0.0,0.0,1.0,0.7142857142857143,1.1126972805283737,0.0,4,2,0,0
3980,2018-02-17,bb50f2e236e5eea0100680137654686c,0.0,0.0,0.0,0.0,1.0,0.5714285714285714,1.1338934190276817,0.0,5,2,1,0
3990,2018-02-18,bb50f2e236e5eea0100680137654686c,0.0,0.0,0.0,0.0,3.0,0.14285714285714285,0.37796447300922675,0.0,6,2,1,0
4000,2018-02-19,bb50f2e236e5eea0100680137654686c,0.0,0.0,0.0,0.0,1.0,0.0,0.0,0.0,0,2,0,0
4010,2018-02-20,bb50f2e236e5eea0100680137654686c,3.0,0.0,0.0,0.0,0.0,0.42857142857142855,1.1338934190276817,3.0,1,2,0,0
4020,2018-02-21,bb50f2e236e5eea0100680137654686c,1.0,3.0,0.0,0.0,0.0,0.5714285714285714,1.1338934190276817,-2.0,2,2,0,0
4030,2018-02-22,bb50f2e236e5eea0100680137654686c,0.0,1.0,3.0,0.0,0.0,0.5714285714285714,1.1338934190276817,-1.0,3,2,0,0
4040,2018-02-23,bb50f2e236e5eea0100680137654686c,0.0,0.0,1.0,3.0,0.0,0.5714285714285714,1.1338934190276817,0.0,4,2,0,0
4050,2018-02-24,bb50f2e236e5eea0100680137654686c,0.0,0.0,0.0,1.0,0.0,0.5714285714285714,1.1338934190276817,0.0,5,2,1,0
4060,2018-02-25,bb50f2e236e5eea0100680137654686c,1.0,0.0,0.0,0.0,0.0,0.7142857142857143,1.1126972805283737,1.0,6,2,1,0
4070,2018-02-26,bb50f2e236e5eea0100680137654686c,4.0,1.0,0.0,0.0,0.0,1.2857142857142858,1.6035674514745464,3.0,0,2,0,0
4080,2018-02-27,bb50f2e236e5eea0100680137654686c,1.0,4.0,1.0,0.0,3.0,1.0,1.4142135623730951,-3.0,1,2,0,0
4090,2018-02-28,bb50f2e236e5eea0100680137654686c,1.0,1.0,4.0,1.0,1.0,1.0,1.4142135623730951,0.0,2,2,0,0
4100,2018-03-01,bb50f2e236e5eea0100680137654686c,2.0,1.0,1.0,4.0,0.0,1.2857142857142858,1.3801311186847085,1.0,3,3,0,0
4110,2018-03-02,bb50f2e236e5eea0100680137654686c,3.0,2.0,1.0,1.0,0.0,1.7142857142857142,1.3801311186847085,1.0,4,3,0,0
4120,2018-03-03,bb50f2e236e5eea0100680137654686c,1.0,3.0,2.0,1.0,0.0,1.8571428571428572,1.2149857925879117,-2.0,5,3,1,0
4130,2018-03-04,bb50f2e236e5eea0100680137654686c,1.0,1.0,3.0,2.0,1.0,1.8571428571428572,1.2149857925879117,0.0,6,3,1,0
4140,2018-03-05,bb50f2e236e5eea0100680137654686c,0.0,1.0,1.0,3.0,4.0,1.2857142857142858,0.951189731211342,-1.0,0,3,0,0
4150,2018-03-06,bb50f2e236e5eea0100680137654686c,1.0,0.0,1.0,1.0,1.0,1.2857142857142858,0.951189731211342,1.0,1,3,0,0
4160,2018-03-07,bb50f2e236e5eea0100680137654686c,1.0,1.0,0.0,1.0,1.0,1.2857142857142858,0.951189731211342,0.0,2,3,0,0
4170,2018-03-08,bb50f2e236e5eea0100680137654686c,1.0,1.0,1.0,0.0,2.0,1.1428571428571428,0.8997354108424375,0.0,3,3,0,0
4180,2018-03-09,bb50f2e236e5eea0100680137654686c,1.0,1.0,1.0,1.0,3.0,0.8571428571428571,0.37796447300922775,0.0,4,3,0,0
4190,2018-03-10,bb50f2e236e5eea0100680137654686c,1.0,1.0,1.0,1.0,1.0,0.8571428571428571,0.37796447300922775,0.0,5,3,1,0
4200,2018-03-11,bb50f2e236e5eea0100680137654686c,2.0,1.0,1.0,1.0,1.0,1.0,0.5773502691896261,1.0,6,3,1,0
4210,2018-03-12,bb50f2e236e5eea0100680137654686c,3.0,2.0,1.0,1.0,0.0,1.4285714285714286,0.7867957924694432,1.0,0,3,0,0
4220,2018-03-13,bb50f2e236e5eea0100680137654686c,3.0,3.0,2.0,1.0,1.0,1.7142857142857142,0.9511897312113418,0.0,1,3,0,0
4230,2018-03-14,bb50f2e236e5eea0100680137654686c,1.0,3.0,3.0,2.0,1.0,1.7142857142857142,0.9511897312113418,-2.0,2,3,0,0
4240,2018-03-15,bb50f2e236e5eea0100680137654686c,1.0,1.0,3.0,3.0,1.0,1.7142857142857142,0.9511897312113418,0.0,3,3,0,0
4250,2018-03-16,bb50f2e236e5eea0100680137654686c,0.0,1.0,1.0,3.0,1.0,1.5714285714285714,1.1338934190276817,-1.0,4,3,0,0
4260,2018-03-17,bb50f2e236e5eea0100680137654686c,0.0,0.0,1.0,1.0,1.0,1.4285714285714286,1.2724180205607034,0.0,5,3,1,0
4270,2018-03-18,bb50f2e236e5eea0100680137654686c,0.0,0.0,0.0,1.0,2.0,1.1428571428571428,1.3451854182690985,0.0,6,3,1,0
4280,2018-03-19,bb50f2e236e5eea0100680137654686c,1.0,0.0,0.0,0.0,3.0,0.8571428571428571,1.0690449676496978,1.0,0,3,0,0
4290,2018-03-20,bb50f2e236e5eea0100680137654686c,0.0,1.0,0.0,0.0,3.0,0.42857142857142855,0.5345224838248496,-1.0,1,3,0,0
4300,2018-03-21,bb50f2e236e5eea0100680137654686c,2.0,0.0,1.0,0.0,1.0,0.5714285714285714,0.7867957924694435,2.0,2,3,0,0
4310,2018-03-22,bb50f2e236e5eea0100680137654686c,0.0,2.0,0.0,1.0,1.0,0.42857142857142855,0.7867957924694436,-2.0,3,3,0,0
4320,2018-03-23,bb50f2e236e5eea0100680137654686c,0.0,0.0,2.0,0.0,0.0,0.42857142857142855,0.7867957924694436,0.0,4,3,0,0
4330,2018-03-24,bb50f2e236e5eea0100680137654686c,0.0,0.0,0.0,2.0,0.0,0.42857142857142855,0.7867957924694436,0.0,5,3,1,0
4340,2018-03-25,bb50f2e236e5eea0100680137654686c,0.0,0.0,0.0,0.0,0.0,0.42857142857142855,0.7867957924694436,0.0,6,3,1,0
4350,2018-03-26,bb50f2e236e5eea0100680137654686c,0.0,0.0,0.0,0.0,1.0,0.2857142857142857,0.7559289460184551,0.0,0,3,0,0
4360,2018-03-27,bb50f2e236e5eea0100680137654686c,0.0,0.0,0.0,0.0,0.0,0.2857142857142857,0.7559289460184551,0.0,1,3,0,0
4370,2018-03-28,bb50f2e236e5eea0100680137654686c,2.0,0.0,0.0,0.0,2.0,0.2857142857142857,0.7559289460184545,2.0,2,3,0,0
4380,2018-03-29,bb50f2e236e5eea0100680137654686c,0.0,2.0,0.0,0.0,0.0,0.2857142857142857,0.7559289460184545,-2.0,3,3,0,0
4390,2018-03-30,bb50f2e236e5eea0100680137654686c,0.0,0.0,2.0,0.0,0.0,0.2857142857142857,0.7559289460184545,0.0,4,3,0,0
4400,2018-03-31,bb50f2e236e5eea0100680137654686c,1.0,0.0,0.0,2.0,0.0,0.42857142857142855,0.7867957924694432,1.0,5,3,1,0
4410,2018-04-01,bb50f2e236e5eea0100680137654686c,1.0,1.0,0.0,0.0,0.0,0.5714285714285714,0.7867957924694432,0.0,6,4,1,0
4420,2018-04-02,bb50f2e236e5eea0100680137654686c,1.0,1.0,1.0,0.0,0.0,0.7142857142857143,0.7559289460184545,0.0,0,4,0,0
4430,2018-04-03,bb50f2e236e5eea0100680137654686c,2.0,1.0,1.0,1.0,0.0,1.0,0.816496580927726,1.0,1,4,0,0
4440,2018-04-04,bb50f2e236e5eea0100680137654686c,1.0,2.0,1.0,1.0,2.0,0.8571428571428571,0.6900655593423543,-1.0,2,4,0,0
4450,2018-04-05,bb50f2e236e5eea0100680137654686c,0.0,1.0,2.0,1.0,0.0,0.8571428571428571,0.6900655593423543,-1.0,3,4,0,0
4460,2018-04-06,bb50f2e236e5eea0100680137654686c,1.0,0.0,1.0,2.0,0.0,1.0,0.5773502691896257,1.0,4,4,0,0
4470,2018-04-07,bb50f2e236e5eea0100680137654686c,2.0,1.0,0.0,1.0,1.0,1.1428571428571428,0.6900655593423543,1.0,5,4,1,0
4480,2018-04-08,bb50f2e236e5eea0100680137654686c,0.0,2.0,1.0,0.0,1.0,1.0,0.816496580927726,-2.0,6,4,1,0
4490,2018-04-09,bb50f2e236e5eea0100680137654686c,3.0,0.0,2.0,1.0,1.0,1.2857142857142858,1.1126972805283737,3.0,0,4,0,0
4500,2018-04-10,bb50f2e236e5eea0100680137654686c,0.0,3.0,0.0,2.0,2.0,1.0,1.1547005383792515,-3.0,1,4,0,0
4510,2018-04-11,bb50f2e236e5eea0100680137654686c,1.0,0.0,3.0,0.0,1.0,1.0,1.1547005383792515,1.0,2,4,0,0
4520,2018-04-12,bb50f2e236e5eea0100680137654686c,2.0,1.0,0.0,3.0,0.0,1.2857142857142858,1.1126972805283737,1.0,3,4,0,0
4530,2018-04-13,bb50f2e236e5eea0100680137654686c,0.0,2.0,1.0,0.0,1.0,1.1428571428571428,1.2149857925879117,-2.0,4,4,0,0
4540,2018-04-14,bb50f2e236e5eea0100680137654686c,0.0,0.0,2.0,1.0,2.0,0.8571428571428571,1.2149857925879117,0.0,5,4,1,0
4550,2018-04-15,bb50f2e236e5eea0100680137654686c,0.0,0.0,0.0,2.0,0.0,0.8571428571428571,1.2149857925879117,0.0,6,4,1,0
4560,2018-04-16,bb50f2e236e5eea0100680137654686c,0.0,0.0,0.0,0.0,3.0,0.42857142857142855,0.7867957924694431,0.0,0,4,0,0
4570,2018-04-17,bb50f2e236e5eea0100680137654686c,1.0,0.0,0.0,0.0,0.0,0.5714285714285714,0.7867957924694432,1.0,1,4,0,0
4580,2018-04-18,bb50f2e236e5eea0100680137654686c,1.0,1.0,0.0,0.0,1.0,0.5714285714285714,0.7867957924694432,0.0,2,4,0,0
4590,2018-04-19,bb50f2e236e5eea0100680137654686c,1.0,1.0,1.0,0.0,2.0,0.42857142857142855,0.5345224838248487,0.0,3,4,0,0
4600,2018-04-20,bb50f2e236e5eea0100680137654686c,1.0,1.0,1.0,1.0,0.0,0.5714285714285714,0.5345224838248487,0.0,4,4,0,0
4610,2018-04-21,bb50f2e236e5eea0100680137654686c,0.0,1.0,1.0,1.0,0.0,0.5714285714285714,0.5345224838248487,-1.0,5,4,1,0
4620,2018-04-22,bb50f2e236e5eea0100680137654686c,0.0,0.0,1.0,1.0,0.0,0.5714285714285714,0.5345224838248487,0.0,6,4,1,0
4630,2018-04-23,bb50f2e236e5eea0100680137654686c,0.0,0.0,0.0,1.0,0.0,0.5714285714285714,0.5345224838248487,0.0,0,4,0,0
4640,2018-04-24,bb50f2e236e5eea0100680137654686c,1.0,0.0,0.0,0.0,1.0,0.5714285714285714,0.5345224838248487,1.0,1,4,0,0
4650,2018-04-25,bb50f2e236e5eea0100680137654686c,1.0,1.0,0.0,0.0,1.0,0.5714285714285714,0.5345224838248487,0.0,2,4,0,0
4660,2018-04-26,bb50f2e236e5eea0100680137654686c,0.0,1.0,1.0,0.0,1.0,0.42857142857142855,0.5345224838248487,-1.0,3,4,0,0
4670,2018-04-27,bb50f2e236e5eea0100680137654686c,0.0,0.0,1.0,1.0,1.0,0.2857142857142857,0.48795003647426644,0.0,4,4,0,0
4680,2018-04-28,bb50f2e236e5eea0100680137654686c,0.0,0.0,0.0,1.0,0.0,0.2857142857142857,0.48795003647426644,0.0,5,4,1,0
4690,2018-04-29,bb50f2e236e5eea0100680137654686c,0.0,0.0,0.0,0.0,0.0,0.2857142857142857,0.48795003647426644,0.0,6,4,1,0
4700,2018-04-30,bb50f2e236e5eea0100680137654686c,1.0,0.0,0.0,0.0,0.0,0.42857142857142855,0.5345224838248487,1.0,0,4,0,0
4710,2018-05-01,bb50f2e236e5eea0100680137654686c,0.0,1.0,0.0,0.0,1.0,0.2857142857142857,0.48795003647426644,-1.0,1,5,0,0
4720,2018-05-02,bb50f2e236e5eea0100680137654686c,1.0,0.0,1.0,0.0,1.0,0.2857142857142857,0.48795003647426644,1.0,2,5,0,0
4730,2018-05-03,bb50f2e236e5eea0100680137654686c,1.0,1.0,0.0,1.0,0.0,0.42857142857142855,0.5345224838248487,0.0,3,5,0,0
4740,2018-05-04,bb50f2e236e5eea0100680137654686c,0.0,1.0,1.0,0.0,0.0,0.42857142857142855,0.5345224838248487,-1.0,4,5,0,0
4750,2018-05-05,bb50f2e236e5eea0100680137654686c,1.0,0.0,1.0,1.0,0.0,0.5714285714285714,0.5345224838248487,1.0,5,5,1,0
4760,2018-05-06,bb50f2e236e5eea0100680137654686c,0.0,1.0,0.0,1.0,0.0,0.5714285714285714,0.5345224838248487,-1.0,6,5,1,0
4770,2018-05-07,bb50f2e236e5eea0100680137654686c,2.0,0.0,1.0,0.0,1.0,0.7142857142857143,0.7559289460184545,2.0,0,5,0,0
4780,2018-05-08,bb50f2e236e5eea0100680137654686c,1.0,2.0,0.0,1.0,0.0,0.8571428571428571,0.6900655593423543,-1.0,1,5,0,0
4790,2018-05-09,bb50f2e236e5eea0100680137654686c,2.0,1.0,2.0,0.0,1.0,1.0,0.8164965809277261,1.0,2,5,0,0
4800,2018-05-10,bb50f2e236e5eea0100680137654686c,1.0,2.0,1.0,2.0,1.0,1.0,0.8164965809277261,-1.0,3,5,0,0
4810,2018-05-11,bb50f2e236e5eea0100680137654686c,1.0,1.0,2.0,1.0,0.0,1.1428571428571428,0.6900655593423543,0.0,4,5,0,0
4820,2018-05-12,bb50f2e236e5eea0100680137654686c,0.0,1.0,1.0,2.0,1.0,1.0,0.8164965809277261,-1.0,5,5,1,0
4830,2018-05-13,bb50f2e236e5eea0100680137654686c,0.0,0.0,1.0,1.0,0.0,1.0,0.8164965809277261,0.0,6,5,1,0
4840,2018-05-14,bb50f2e236e5eea0100680137654686c,1.0,0.0,0.0,1.0,2.0,0.8571428571428571,0.6900655593423544,1.0,0,5,0,0
4850,2018-05-15,bb50f2e236e5eea0100680137654686c,0.0,1.0,0.0,0.0,1.0,0.7142857142857143,0.7559289460184546,-1.0,1,5,0,0
4860,2018-05-16,bb50f2e236e5eea0100680137654686c,1.0,0.0,1.0,0.0,2.0,0.5714285714285714,0.534522483824849,1.0,2,5,0,0
4870,2018-05-17,bb50f2e236e5eea0100680137654686c,2.0,1.0,0.0,1.0,1.0,0.7142857142857143,0.7559289460184546,1.0,3,5,0,0
4880,2018-05-18,bb50f2e236e5eea0100680137654686c,1.0,2.0,1.0,0.0,1.0,0.7142857142857143,0.7559289460184546,-1.0,4,5,0,0
4890,2018-05-19,bb50f2e236e5eea0100680137654686c,1.0,1.0,2.0,1.0,0.0,0.8571428571428571,0.6900655593423544,0.0,5,5,1,0
4900,2018-05-20,bb50f2e236e5eea0100680137654686c,0.0,1.0,1.0,2.0,0.0,0.8571428571428571,0.6900655593423544,-1.0,6,5,1,0
4910,2018-05-21,bb50f2e236e5eea0100680137654686c,0.0,0.0,1.0,1.0,1.0,0.7142857142857143,0.7559289460184546,0.0,0,5,0,0
4920,2018-05-22,bb50f2e236e5eea0100680137654686c,0.0,0.0,0.0,1.0,0.0,0.7142857142857143,0.7559289460184546,0.0,1,5,0,0
4930,2018-05-23,bb50f2e236e5eea0100680137654686c,0.0,0.0,0.0,0.0,1.0,0.5714285714285714,0.7867957924694434,0.0,2,5,0,0
4940,2018-05-24,bb50f2e236e5eea0100680137654686c,1.0,0.0,0.0,0.0,2.0,0.42857142857142855,0.5345224838248491,1.0,3,5,0,0
4950,2018-05-25,bb50f2e236e5eea0100680137654686c,0.0,1.0,0.0,0.0,1.0,0.2857142857142857,0.487950036474267,-1.0,4,5,0,0
4960,2018-05-26,bb50f2e236e5eea0100680137654686c,1.0,0.0,1.0,0.0,1.0,0.2857142857142857,0.487950036474267,1.0,5,5,1,0
4970,2018-05-27,bb50f2e236e5eea0100680137654686c,1.0,1.0,0.0,1.0,0.0,0.42857142857142855,0.534522483824849,0.0,6,5,1,0
4980,2018-05-28,bb50f2e236e5eea0100680137654686c,0.0,1.0,1.0,0.0,0.0,0.42857142857142855,0.534522483824849,-1.0,0,5,0,0
4990,2018-05-29,bb50f2e236e5eea0100680137654686c,0.0,0.0,1.0,1.0,0.0,0.42857142857142855,0.534522483824849,0.0,1,5,0,0
5000,2018-05-30,bb50f2e236e5eea0100680137654686c,0.0,0.0,0.0,1.0,0.0,0.42857142857142855,0.534522483824849,0.0,2,5,0,0
5010,2018-05-31,bb50f2e236e5eea0100680137654686c,0.0,0.0,0.0,0.0,1.0,0.2857142857142857,0.487950036474267,0.0,3,5,0,0
5020,2018-06-01,bb50f2e236e5eea0100680137654686c,1.0,0.0,0.0,0.0,0.0,0.42857142857142855,0.534522483824849,1.0,4,6,0,0
5030,2018-06-02,bb50f2e236e5eea0100680137654686c,0.0,1.0,0.0,0.0,1.0,0.2857142857142857,0.487950036474267,-1.0,5,6,1,0
5040,2018-06-03,bb50f2e236e5eea0100680137654686c,3.0,0.0,1.0,0.0,1.0,0.5714285714285714,1.133893419027682,3.0,6,6,1,0
5050,2018-06-04,bb50f2e236e5eea0100680137654686c,0.0,3.0,0.0,1.0,0.0,0.5714285714285714,1.133893419027682,-3.0,0,6,0,0
5060,2018-06-05,bb50f2e236e5eea0100680137654686c,1.0,0.0,3.0,0.0,0.0,0.7142857142857143,1.1126972805283737,1.0,1,6,0,0
5070,2018-06-06,bb50f2e236e5eea0100680137654686c,0.0,1.0,0.0,3.0,0.0,0.7142857142857143,1.1126972805283737,-1.0,2,6,0,0
5080,2018-06-07,bb50f2e236e5eea0100680137654686c,1.0,0.0,1.0,0.0,0.0,0.8571428571428571,1.0690449676496976,1.0,3,6,0,0
5090,2018-06-08,bb50f2e236e5eea0100680137654686c,0.0,1.0,0.0,1.0,1.0,0.7142857142857143,1.1126972805283737,-1.0,4,6,0,0
5100,2018-06-09,bb50f2e236e5eea0100680137654686c,2.0,0.0,1.0,0.0,0.0,1.0,1.1547005383792515,2.0,5,6,1,0
5110,2018-06-10,bb50f2e236e5eea0100680137654686c,0.0,2.0,0.0,1.0,3.0,0.5714285714285714,0.7867957924694434,-2.0,6,6,1,0
5120,2018-06-11,bb50f2e236e5eea0100680137654686c,0.0,0.0,2.0,0.0,0.0,0.5714285714285714,0.7867957924694434,0.0,0,6,0,0
5130,2018-06-12,bb50f2e236e5eea0100680137654686c,0.0,0.0,0.0,2.0,1.0,0.42857142857142855,0.7867957924694434,0.0,1,6,0,0
5140,2018-06-13,bb50f2e236e5eea0100680137654686c,1.0,0.0,0.0,0.0,0.0,0.5714285714285714,0.7867957924694434,1.0,2,6,0,0
5150,2018-06-14,bb50f2e236e5eea0100680137654686c,1.0,1.0,0.0,0.0,1.0,0.5714285714285714,0.7867957924694434,0.0,3,6,0,0
5160,2018-06-15,bb50f2e236e5eea0100680137654686c,1.0,1.0,1.0,0.0,0.0,0.7142857142857143,0.7559289460184546,0.0,4,6,0,0
5170,2018-06-16,bb50f2e236e5eea0100680137654686c,0.0,1.0,1.0,1.0,2.0,0.42857142857142855,0.534522483824849,-1.0,5,6,1,0
5180,2018-06-17,bb50f2e236e5eea0100680137654686c,0.0,0.0,1.0,1.0,0.0,0.42857142857142855,0.534522483824849,0.0,6,6,1,0
5190,2018-06-18,bb50f2e236e5eea0100680137654686c,0.0,0.0,0.0,1.0,0.0,0.42857142857142855,0.534522483824849,0.0,0,6,0,0
5200,2018-06-19,bb50f2e236e5eea0100680137654686c,0.0,0.0,0.0,0.0,0.0,0.42857142857142855,0.534522483824849,0.0,1,6,0,0
5210,2018-06-20,bb50f2e236e5eea0100680137654686c,0.0,0.0,0.0,0.0,1.0,0.2857142857142857,0.48795003647426693,0.0,2,6,0,0
5220,2018-06-21,bb50f2e236e5eea0100680137654686c,0.0,0.0,0.0,0.0,1.0,0.14285714285714285,0.37796447300922775,0.0,3,6,0,0
5230,2018-06-22,bb50f2e236e5eea0100680137654686c,1.0,0.0,0.0,0.0,1.0,0.14285714285714285,0.37796447300922725,1.0,4,6,0,0
5240,2018-06-23,bb50f2e236e5eea0100680137654686c,1.0,1.0,0.0,0.0,0.0,0.2857142857142857,0.4879500364742666,0.0,5,6,1,0
5250,2018-06-24,bb50f2e236e5eea0100680137654686c,0.0,1.0,1.0,0.0,0.0,0.2857142857142857,0.48795003647426666,-1.0,6,6,1,0
5260,2018-06-25,bb50f2e236e5eea0100680137654686c,1.0,0.0,1.0,1.0,0.0,0.42857142857142855,0.5345224838248488,1.0,0,6,0,0
5270,2018-06-26,bb50f2e236e5eea0100680137654686c,0.0,1.0,0.0,1.0,0.0,0.42857142857142855,0.5345224838248488,-1.0,1,6,0,0
5280,2018-06-27,bb50f2e236e5eea0100680137654686c,1.0,0.0,1.0,0.0,0.0,0.5714285714285714,0.5345224838248488,1.0,2,6,0,0
5290,2018-06-28,bb50f2e236e5eea0100680137654686c,1.0,1.0,0.0,1.0,0.0,0.7142857142857143,0.48795003647426666,0.0,3,6,0,0
5300,2018-06-29,bb50f2e236e5eea0100680137654686c,0.0,1.0,1.0,0.0,1.0,0.5714285714285714,0.5345224838248489,-1.0,4,6,0,0
5310,2018-06-30,bb50f2e236e5eea0100680137654686c,0.0,0.0,1.0,1.0,1.0,0.42857142857142855,0.5345224838248489,0.0,5,6,1,0
5320,2018-07-01,bb50f2e236e5eea0100680137654686c,0.0,0.0,0.0,1.0,0.0,0.42857142857142855,0.5345224838248489,0.0,6,7,1,0
5330,2018-07-02,bb50f2e236e5eea0100680137654686c,0.0,0.0,0.0,0.0,1.0,0.2857142857142857,0.48795003647426677,0.0,0,7,0,0
5340,2018-07-03,bb50f2e236e5eea0100680137654686c,0.0,0.0,0.0,0.0,0.0,0.2857142857142857,0.48795003647426677,0.0,1,7,0,0
5350,2018-07-04,bb50f2e236e5eea0100680137654686c,1.0,0.0,0.0,0.0,1.0,0.2857142857142857,0.48795003647426677,1.0,2,7,0,0
5360,2018-07-05,bb50f2e236e5eea0100680137654686c,0.0,1.0,0.0,0.0,1.0,0.14285714285714285,0.37796447300922753,-1.0,3,7,0,0
5370,2018-07-06,bb50f2e236e5eea0100680137654686c,1.0,0.0,1.0,0.0,0.0,0.2857142857142857,0.48795003647426677,1.0,4,7,0,0
5380,2018-07-07,bb50f2e236e5eea0100680137654686c,0.0,1.0,0.0,1.0,0.0,0.2857142857142857,0.48795003647426677,-1.0,5,7,1,0
5390,2018-07-08,bb50f2e236e5eea0100680137654686c,0.0,0.0,1.0,0.0,0.0,0.2857142857142857,0.48795003647426677,0.0,6,7,1,0
5400,2018-07-09,bb50f2e236e5eea0100680137654686c,0.0,0.0,0.0,1.0,0.0,0.2857142857142857,0.48795003647426677,0.0,0,7,0,0
5410,2018-07-10,bb50f2e236e5eea0100680137654686c,1.0,0.0,0.0,0.0,0.0,0.42857142857142855,0.5345224838248489,1.0,1,7,0,0
5420,2018-07-11,bb50f2e236e5eea0100680137654686c,0.0,1.0,0.0,0.0,1.0,0.2857142857142857,0.48795003647426677,-1.0,2,7,0,0
5430,2018-07-12,bb50f2e236e5eea0100680137654686c,1.0,0.0,1.0,0.0,0.0,0.42857142857142855,0.5345224838248489,1.0,3,7,0,0
5440,2018-07-13,bb50f2e236e5eea0100680137654686c,0.0,1.0,0.0,1.0,1.0,0.2857142857142857,0.48795003647426677,-1.0,4,7,0,0
5450,2018-07-14,bb50f2e236e5eea0100680137654686c,0.0,0.0,1.0,0.0,0.0,0.2857142857142857,0.48795003647426677,0.0,5,7,1,0
5460,2018-07-15,bb50f2e236e5eea0100680137654686c,0.0,0.0,0.0,1.0,0.0,0.2857142857142857,0.48795003647426677,0.0,6,7,1,0
5470,2018-07-16,bb50f2e236e5eea0100680137654686c,0.0,0.0,0.0,0.0,0.0,0.2857142857142857,0.48795003647426677,0.0,0,7,0,0
5480,2018-07-17,bb50f2e236e5eea0100680137654686c,0.0,0.0,0.0,0.0,1.0,0.14285714285714285,0.37796447300922753,0.0,1,7,0,0
5490,2018-07-18,bb50f2e236e5eea0100680137654686c,0.0,0.0,0.0,0.0,0.0,0.14285714285714285,0.37796447300922753,0.0,2,7,0,0
5500,2018-07-19,bb50f2e236e5eea0100680137654686c,0.0,0.0,0.0,0.0,1.0,0.0,0.0,0.0,3,7,0,0
5510,2018-07-20,bb50f2e236e5eea0100680137654686c,0.0,0.0,0.0,0.0,0.0,0.0,0.0,0.0,4,7,0,0
5520,2018-07-21,bb50f2e236e5eea0100680137654686c,0.0,0.0,0.0,0.0,0.0,0.0,0.0,0.0,5,7,1,0
5530,2018-07-22,bb50f2e236e5eea0100680137654686c,0.0,0.0,0.0,0.0,0.0,0.0,0.0,0.0,6,7,1,0
5540,2018-07-23,bb50f2e236e5eea0100680137654686c,1.0,0.0,0.0,0.0,0.0,0.14285714285714285,0.37796447300922725,1.0,0,7,0,0
5550,2018-07-24,bb50f2e236e5eea0100680137654686c,0.0,1.0,0.0,0.0,0.0,0.14285714285714285,0.37796447300922725,-1.0,1,7,0,0
5560,2018-07-25,bb50f2e236e5eea0100680137654686c,0.0,0.0,1.0,0.0,0.0,0.14285714285714285,0.37796447300922725,0.0,2,7,0,0
5570,2018-07-26,bb50f2e236e5eea0100680137654686c,1.0,0.0,0.0,1.0,0.0,0.2857142857142857,0.4879500364742666,1.0,3,7,0,0
5580,2018-07-27,bb50f2e236e5eea0100680137654686c,0.0,1.0,0.0,0.0,0.0,0.2857142857142857,0.48795003647426666,-1.0,4,7,0,0
5590,2018-07-28,bb50f2e236e5eea0100680137654686c,6.0,0.0,1.0,0.0,0.0,1.1428571428571428,2.1930626551751344,6.0,5,7,1,0
5600,2018-07-29,bb50f2e236e5eea0100680137654686c,1.0,6.0,0.0,1.0,0.0,1.2857142857142858,2.138089935299395,-5.0,6,7,1,0
5610,2018-07-30,bb50f2e236e5eea0100680137654686c,0.0,1.0,6.0,0.0,1.0,1.1428571428571428,2.1930626551751344,-1.0,0,7,0,0
5620,2018-07-31,bb50f2e236e5eea0100680137654686c,0.0,0.0,1.0,6.0,0.0,1.1428571428571428,2.1930626551751344,0.0,1,7,0,0
5630,2018-08-01,bb50f2e236e5eea0100680137654686c,0.0,0.0,0.0,1.0,0.0,1.1428571428571428,2.1930626551751344,0.0,2,8,0,0
5640,2018-08-02,bb50f2e236e5eea0100680137654686c,1.0,0.0,0.0,0.0,1.0,1.1428571428571428,2.1930626551751344,1.0,3,8,0,0
5650,2018-08-03,bb50f2e236e5eea0100680137654686c,0.0,1.0,0.0,0.0,0.0,1.1428571428571428,2.1930626551751344,-1.0,4,8,0,0
5660,2018-08-04,bb50f2e236e5eea0100680137654686c,0.0,0.0,1.0,0.0,6.0,0.2857142857142857,0.4879500364742664,0.0,5,8,1,0
5670,2018-08-05,bb50f2e236e5eea0100680137654686c,0.0,0.0,0.0,1.0,1.0,0.14285714285714285,0.37796447300922686,0.0,6,8,1,0
5680,2018-08-06,bb50f2e236e5eea0100680137654686c,3.0,0.0,0.0,0.0,0.0,0.5714285714285714,1.1338934190276817,3.0,0,8,0,0
5690,2018-08-07,bb50f2e236e5eea0100680137654686c,7.0,3.0,0.0,0.0,0.0,1.5714285714285714,2.63673679998231,4.0,1,8,0,0
5700,2018-08-08,bb50f2e236e5eea0100680137654686c,0.0,7.0,3.0,0.0,0.0,1.5714285714285714,2.63673679998231,-7.0,2,8,0,0
5710,2018-08-09,bb50f2e236e5eea0100680137654686c,1.0,0.0,7.0,3.0,1.0,1.5714285714285714,2.63673679998231,1.0,3,8,0,0
5720,2018-08-10,bb50f2e236e5eea0100680137654686c,2.0,1.0,0.0,7.0,0.0,1.8571428571428572,2.5448360411214077,1.0,4,8,0,0
5730,2018-08-11,bb50f2e236e5eea0100680137654686c,0.0,2.0,1.0,0.0,0.0,1.8571428571428572,2.5448360411214077,-2.0,5,8,1,0
5740,2018-08-12,bb50f2e236e5eea0100680137654686c,1.0,0.0,2.0,1.0,0.0,2.0,2.4494897427831783,1.0,6,8,1,0
5750,2018-08-13,bb50f2e236e5eea0100680137654686c,1.0,1.0,0.0,2.0,3.0,1.7142857142857142,2.429971585175824,0.0,0,8,0,0
5760,2018-08-14,bb50f2e236e5eea0100680137654686c,0.0,1.0,1.0,0.0,7.0,0.7142857142857143,0.7559289460184546,-1.0,1,8,0,0
5770,2018-08-15,bb50f2e236e5eea0100680137654686c,1.0,0.0,1.0,1.0,0.0,0.8571428571428571,0.6900655593423545,1.0,2,8,0,0
5780,2018-08-16,bb50f2e236e5eea0100680137654686c,1.0,1.0,0.0,1.0,1.0,0.8571428571428571,0.6900655593423545,0.0,3,8,0,0
5790,2018-08-17,bb50f2e236e5eea0100680137654686c,2.0,1.0,1.0,0.0,2.0,0.8571428571428571,0.6900655593423545,1.0,4,8,0,0
5800,2018-08-18,bb50f2e236e5eea0100680137654686c,1.0,2.0,1.0,1.0,0.0,1.0,0.5773502691896262,-1.0,5,8,1,0
5810,2018-08-19,bb50f2e236e5eea0100680137654686c,0.0,1.0,2.0,1.0,1.0,0.8571428571428571,0.6900655593423545,-1.0,6,8,1,0
5820,2018-08-20,bb50f2e236e5eea0100680137654686c,0.0,0.0,1.0,2.0,1.0,0.7142857142857143,0.7559289460184546,0.0,0,8,0,0
5830,2018-08-21,bb50f2e236e5eea0100680137654686c,3.0,0.0,0.0,1.0,0.0,1.1428571428571428,1.0690449676496978,3.0,1,8,0,0
5840,2018-08-22,bb50f2e236e5eea0100680137654686c,2.0,3.0,0.0,0.0,1.0,1.2857142857142858,1.112697280528374,-1.0,2,8,0,0
5850,2018-08-23,bb50f2e236e5eea0100680137654686c,0.0,2.0,3.0,0.0,1.0,1.1428571428571428,1.2149857925879122,-2.0,3,8,0,0
5860,2018-08-24,bb50f2e236e5eea0100680137654686c,0.0,0.0,2.0,3.0,2.0,0.8571428571428571,1.214985792587912,0.0,4,8,0,0
5870,2018-08-25,bb50f2e236e5eea0100680137654686c,1.0,0.0,0.0,2.0,1.0,0.8571428571428571,1.214985792587912,1.0,5,8,1,0
5880,2018-08-26,bb50f2e236e5eea0100680137654686c,1.0,1.0,0.0,0.0,0.0,1.0,1.1547005383792517,0.0,6,8,1,0
73,2017-01-22,d1c427060a0f73f6b889a5c7c61f2ac4,0.0,0.0,0.0,0.0,0.0,0.0,0.0,0.0,6,1,1,0
83,2017-01-23,d1c427060a0f73f6b889a5c7c61f2ac4,0.0,0.0,0.0,0.0,0.0,0.0,0.0,0.0,0,1,0,0
93,2017-01-24,d1c427060a0f73f6b889a5c7c61f2ac4,0.0,0.0,0.0,0.0,0.0,0.0,0.0,0.0,1,1,0,0
103,2017-01-25,d1c427060a0f73f6b889a5c7c61f2ac4,0.0,0.0,0.0,0.0,0.0,0.0,0.0,0.0,2,1,0,0
113,2017-01-26,d1c427060a0f73f6b889a5c7c61f2ac4,0.0,0.0,0.0,0.0,0.0,0.0,0.0,0.0,3,1,0,0
123,2017-01-27,d1c427060a0f73f6b889a5c7c61f2ac4,0.0,0.0,0.0,0.0,0.0,0.0,0.0,0.0,4,1,0,0
133,2017-01-28,d1c427060a0f73f6b889a5c7c61f2ac4,0.0,0.0,0.0,0.0,0.0,0.0,0.0,0.0,5,1,1,0
143,2017-01-29,d1c427060a0f73f6b889a5c7c61f2ac4,0.0,0.0,0.0,0.0,0.0,0.0,0.0,0.0,6,1,1,0
153,2017-01-30,d1c427060a0f73f6b889a5c7c61f2ac4,0.0,0.0,0.0,0.0,0.0,0.0,0.0,0.0,0,1,0,0
163,2017-01-31,d1c427060a0f73f6b889a5c7c61f2ac4,0.0,0.0,0.0,0.0,0.0,0.0,0.0,0.0,1,1,0,0
173,2017-02-01,d1c427060a0f73f6b889a5c7c61f2ac4,0.0,0.0,0.0,0.0,0.0,0.0,0.0,0.0,2,2,0,0
183,2017-02-02,d1c427060a0f73f6b889a5c7c61f2ac4,0.0,0.0,0.0,0.0,0.0,0.0,0.0,0.0,3,2,0,0
193,2017-02-03,d1c427060a0f73f6b889a5c7c61f2ac4,0.0,0.0,0.0,0.0,0.0,0.0,0.0,0.0,4,2,0,0
203,2017-02-04,d1c427060a0f73f6b889a5c7c61f2ac4,0.0,0.0,0.0,0.0,0.0,0.0,0.0,0.0,5,2,1,0
213,2017-02-05,d1c427060a0f73f6b889a5c7c61f2ac4,0.0,0.0,0.0,0.0,0.0,0.0,0.0,0.0,6,2,1,0
223,2017-02-06,d1c427060a0f73f6b889a5c7c61f2ac4,0.0,0.0,0.0,0.0,0.0,0.0,0.0,0.0,0,2,0,0
233,2017-02-07,d1c427060a0f73f6b889a5c7c61f2ac4,0.0,0.0,0.0,0.0,0.0,0.0,0.0,0.0,1,2,0,0
243,2017-02-08,d1c427060a0f73f6b889a5c7c61f2ac4,0.0,0.0,0.0,0.0,0.0,0.0,0.0,0.0,2,2,0,0
253,2017-02-09,d1c427060a0f73f6b889a5c7c61f2ac4,0.0,0.0,0.0,0.0,0.0,0.0,0.0,0.0,3,2,0,0
263,2017-02-10,d1c427060a0f73f6b889a5c7c61f2ac4,0.0,0.0,0.0,0.0,0.0,0.0,0.0,0.0,4,2,0,0
273,2017-02-11,d1c427060a0f73f6b889a5c7c61f2ac4,0.0,0.0,0.0,0.0,0.0,0.0,0.0,0.0,5,2,1,0
283,2017-02-12,d1c427060a0f73f6b889a5c7c61f2ac4,0.0,0.0,0.0,0.0,0.0,0.0,0.0,0.0,6,2,1,0
293,2017-02-13,d1c427060a0f73f6b889a5c7c61f2ac4,0.0,0.0,0.0,0.0,0.0,0.0,0.0,0.0,0,2,0,0
303,2017-02-14,d1c427060a0f73f6b889a5c7c61f2ac4,0.0,0.0,0.0,0.0,0.0,0.0,0.0,0.0,1,2,0,0
313,2017-02-15,d1c427060a0f73f6b889a5c7c61f2ac4,1.0,0.0,0.0,0.0,0.0,0.14285714285714285,0.37796447300922725,1.0,2,2,0,0
323,2017-02-16,d1c427060a0f73f6b889a5c7c61f2ac4,0.0,1.0,0.0,0.0,0.0,0.14285714285714285,0.37796447300922725,-1.0,3,2,0,0
333,2017-02-17,d1c427060a0f73f6b889a5c7c61f2ac4,0.0,0.0,1.0,0.0,0.0,0.14285714285714285,0.37796447300922725,0.0,4,2,0,0
343,2017-02-18,d1c427060a0f73f6b889a5c7c61f2ac4,0.0,0.0,0.0,1.0,0.0,0.14285714285714285,0.37796447300922725,0.0,5,2,1,0
353,2017-02-19,d1c427060a0f73f6b889a5c7c61f2ac4,0.0,0.0,0.0,0.0,0.0,0.14285714285714285,0.37796447300922725,0.0,6,2,1,0
363,2017-02-20,d1c427060a0f73f6b889a5c7c61f2ac4,0.0,0.0,0.0,0.0,0.0,0.14285714285714285,0.37796447300922725,0.0,0,2,0,0
373,2017-02-21,d1c427060a0f73f6b889a5c7c61f2ac4,1.0,0.0,0.0,0.0,0.0,0.2857142857142857,0.4879500364742666,1.0,1,2,0,0
383,2017-02-22,d1c427060a0f73f6b889a5c7c61f2ac4,0.0,1.0,0.0,0.0,1.0,0.14285714285714285,0.37796447300922725,-1.0,2,2,0,0
393,2017-02-23,d1c427060a0f73f6b889a5c7c61f2ac4,1.0,0.0,1.0,0.0,0.0,0.2857142857142857,0.4879500364742666,1.0,3,2,0,0
403,2017-02-24,d1c427060a0f73f6b889a5c7c61f2ac4,0.0,1.0,0.0,1.0,0.0,0.2857142857142857,0.48795003647426666,-1.0,4,2,0,0
413,2017-02-25,d1c427060a0f73f6b889a5c7c61f2ac4,0.0,0.0,1.0,0.0,0.0,0.2857142857142857,0.48795003647426666,0.0,5,2,1,0
423,2017-02-26,d1c427060a0f73f6b889a5c7c61f2ac4,0.0,0.0,0.0,1.0,0.0,0.2857142857142857,0.48795003647426666,0.0,6,2,1,0
433,2017-02-27,d1c427060a0f73f6b889a5c7c61f2ac4,0.0,0.0,0.0,0.0,0.0,0.2857142857142857,0.48795003647426666,0.0,0,2,0,0
443,2017-02-28,d1c427060a0f73f6b889a5c7c61f2ac4,0.0,0.0,0.0,0.0,1.0,0.14285714285714285,0.3779644730092273,0.0,1,2,0,0
453,2017-03-01,d1c427060a0f73f6b889a5c7c61f2ac4,0.0,0.0,0.0,0.0,0.0,0.14285714285714285,0.3779644730092273,0.0,2,3,0,0
463,2017-03-02,d1c427060a0f73f6b889a5c7c61f2ac4,0.0,0.0,0.0,0.0,1.0,0.0,0.0,0.0,3,3,0,0
473,2017-03-03,d1c427060a0f73f6b889a5c7c61f2ac4,0.0,0.0,0.0,0.0,0.0,0.0,0.0,0.0,4,3,0,0
483,2017-03-04,d1c427060a0f73f6b889a5c7c61f2ac4,0.0,0.0,0.0,0.0,0.0,0.0,0.0,0.0,5,3,1,0
493,2017-03-05,d1c427060a0f73f6b889a5c7c61f2ac4,0.0,0.0,0.0,0.0,0.0,0.0,0.0,0.0,6,3,1,0
503,2017-03-06,d1c427060a0f73f6b889a5c7c61f2ac4,0.0,0.0,0.0,0.0,0.0,0.0,0.0,0.0,0,3,0,0
513,2017-03-07,d1c427060a0f73f6b889a5c7c61f2ac4,0.0,0.0,0.0,0.0,0.0,0.0,0.0,0.0,1,3,0,0
523,2017-03-08,d1c427060a0f73f6b889a5c7c61f2ac4,0.0,0.0,0.0,0.0,0.0,0.0,0.0,0.0,2,3,0,0
533,2017-03-09,d1c427060a0f73f6b889a5c7c61f2ac4,0.0,0.0,0.0,0.0,0.0,0.0,0.0,0.0,3,3,0,0
543,2017-03-10,d1c427060a0f73f6b889a5c7c61f2ac4,1.0,0.0,0.0,0.0,0.0,0.14285714285714285,0.37796447300922725,1.0,4,3,0,0
553,2017-03-11,d1c427060a0f73f6b889a5c7c61f2ac4,0.0,1.0,0.0,0.0,0.0,0.14285714285714285,0.37796447300922725,-1.0,5,3,1,0
563,2017-03-12,d1c427060a0f73f6b889a5c7c61f2ac4,0.0,0.0,1.0,0.0,0.0,0.14285714285714285,0.37796447300922725,0.0,6,3,1,0
573,2017-03-13,d1c427060a0f73f6b889a5c7c61f2ac4,0.0,0.0,0.0,1.0,0.0,0.14285714285714285,0.37796447300922725,0.0,0,3,0,0
583,2017-03-14,d1c427060a0f73f6b889a5c7c61f2ac4,0.0,0.0,0.0,0.0,0.0,0.14285714285714285,0.37796447300922725,0.0,1,3,0,0
593,2017-03-15,d1c427060a0f73f6b889a5c7c61f2ac4,0.0,0.0,0.0,0.0,0.0,0.14285714285714285,0.37796447300922725,0.0,2,3,0,0
603,2017-03-16,d1c427060a0f73f6b889a5c7c61f2ac4,0.0,0.0,0.0,0.0,0.0,0.14285714285714285,0.37796447300922725,0.0,3,3,0,0
613,2017-03-17,d1c427060a0f73f6b889a5c7c61f2ac4,0.0,0.0,0.0,0.0,1.0,0.0,0.0,0.0,4,3,0,0
623,2017-03-18,d1c427060a0f73f6b889a5c7c61f2ac4,0.0,0.0,0.0,0.0,0.0,0.0,0.0,0.0,5,3,1,0
633,2017-03-19,d1c427060a0f73f6b889a5c7c61f2ac4,1.0,0.0,0.0,0.0,0.0,0.14285714285714285,0.37796447300922725,1.0,6,3,1,0
643,2017-03-20,d1c427060a0f73f6b889a5c7c61f2ac4,0.0,1.0,0.0,0.0,0.0,0.14285714285714285,0.37796447300922725,-1.0,0,3,0,0
653,2017-03-21,d1c427060a0f73f6b889a5c7c61f2ac4,0.0,0.0,1.0,0.0,0.0,0.14285714285714285,0.37796447300922725,0.0,1,3,0,0
663,2017-03-22,d1c427060a0f73f6b889a5c7c61f2ac4,0.0,0.0,0.0,1.0,0.0,0.14285714285714285,0.37796447300922725,0.0,2,3,0,0
673,2017-03-23,d1c427060a0f73f6b889a5c7c61f2ac4,0.0,0.0,0.0,0.0,0.0,0.14285714285714285,0.37796447300922725,0.0,3,3,0,0
683,2017-03-24,d1c427060a0f73f6b889a5c7c61f2ac4,0.0,0.0,0.0,0.0,0.0,0.14285714285714285,0.37796447300922725,0.0,4,3,0,0
693,2017-03-25,d1c427060a0f73f6b889a5c7c61f2ac4,0.0,0.0,0.0,0.0,0.0,0.14285714285714285,0.37796447300922725,0.0,5,3,1,0
703,2017-03-26,d1c427060a0f73f6b889a5c7c61f2ac4,0.0,0.0,0.0,0.0,1.0,0.0,0.0,0.0,6,3,1,0
713,2017-03-27,d1c427060a0f73f6b889a5c7c61f2ac4,0.0,0.0,0.0,0.0,0.0,0.0,0.0,0.0,0,3,0,0
723,2017-03-28,d1c427060a0f73f6b889a5c7c61f2ac4,1.0,0.0,0.0,0.0,0.0,0.14285714285714285,0.37796447300922725,1.0,1,3,0,0
733,2017-03-29,d1c427060a0f73f6b889a5c7c61f2ac4,0.0,1.0,0.0,0.0,0.0,0.14285714285714285,0.37796447300922725,-1.0,2,3,0,0
743,2017-03-30,d1c427060a0f73f6b889a5c7c61f2ac4,0.0,0.0,1.0,0.0,0.0,0.14285714285714285,0.37796447300922725,0.0,3,3,0,0
753,2017-03-31,d1c427060a0f73f6b889a5c7c61f2ac4,0.0,0.0,0.0,1.0,0.0,0.14285714285714285,0.37796447300922725,0.0,4,3,0,0
763,2017-04-01,d1c427060a0f73f6b889a5c7c61f2ac4,0.0,0.0,0.0,0.0,0.0,0.14285714285714285,0.37796447300922725,0.0,5,4,1,0
773,2017-04-02,d1c427060a0f73f6b889a5c7c61f2ac4,0.0,0.0,0.0,0.0,0.0,0.14285714285714285,0.37796447300922725,0.0,6,4,1,0
783,2017-04-03,d1c427060a0f73f6b889a5c7c61f2ac4,0.0,0.0,0.0,0.0,0.0,0.14285714285714285,0.37796447300922725,0.0,0,4,0,0
793,2017-04-04,d1c427060a0f73f6b889a5c7c61f2ac4,0.0,0.0,0.0,0.0,1.0,0.0,0.0,0.0,1,4,0,0
803,2017-04-05,d1c427060a0f73f6b889a5c7c61f2ac4,0.0,0.0,0.0,0.0,0.0,0.0,0.0,0.0,2,4,0,0
813,2017-04-06,d1c427060a0f73f6b889a5c7c61f2ac4,0.0,0.0,0.0,0.0,0.0,0.0,0.0,0.0,3,4,0,0
823,2017-04-07,d1c427060a0f73f6b889a5c7c61f2ac4,0.0,0.0,0.0,0.0,0.0,0.0,0.0,0.0,4,4,0,0
833,2017-04-08,d1c427060a0f73f6b889a5c7c61f2ac4,0.0,0.0,0.0,0.0,0.0,0.0,0.0,0.0,5,4,1,0
843,2017-04-09,d1c427060a0f73f6b889a5c7c61f2ac4,0.0,0.0,0.0,0.0,0.0,0.0,0.0,0.0,6,4,1,0
853,2017-04-10,d1c427060a0f73f6b889a5c7c61f2ac4,0.0,0.0,0.0,0.0,0.0,0.0,0.0,0.0,0,4,0,0
863,2017-04-11,d1c427060a0f73f6b889a5c7c61f2ac4,0.0,0.0,0.0,0.0,0.0,0.0,0.0,0.0,1,4,0,0
873,2017-04-12,d1c427060a0f73f6b889a5c7c61f2ac4,0.0,0.0,0.0,0.0,0.0,0.0,0.0,0.0,2,4,0,0
883,2017-04-13,d1c427060a0f73f6b889a5c7c61f2ac4,0.0,0.0,0.0,0.0,0.0,0.0,0.0,0.0,3,4,0,0
893,2017-04-14,d1c427060a0f73f6b889a5c7c61f2ac4,0.0,0.0,0.0,0.0,0.0,0.0,0.0,0.0,4,4,0,0
903,2017-04-15,d1c427060a0f73f6b889a5c7c61f2ac4,0.0,0.0,0.0,0.0,0.0,0.0,0.0,0.0,5,4,1,0
913,2017-04-16,d1c427060a0f73f6b889a5c7c61f2ac4,0.0,0.0,0.0,0.0,0.0,0.0,0.0,0.0,6,4,1,0
923,2017-04-17,d1c427060a0f73f6b889a5c7c61f2ac4,0.0,0.0,0.0,0.0,0.0,0.0,0.0,0.0,0,4,0,0
933,2017-04-18,d1c427060a0f73f6b889a5c7c61f2ac4,0.0,0.0,0.0,0.0,0.0,0.0,0.0,0.0,1,4,0,0
943,2017-04-19,d1c427060a0f73f6b889a5c7c61f2ac4,1.0,0.0,0.0,0.0,0.0,0.14285714285714285,0.37796447300922725,1.0,2,4,0,0
953,2017-04-20,d1c427060a0f73f6b889a5c7c61f2ac4,0.0,1.0,0.0,0.0,0.0,0.14285714285714285,0.37796447300922725,-1.0,3,4,0,0
963,2017-04-21,d1c427060a0f73f6b889a5c7c61f2ac4,0.0,0.0,1.0,0.0,0.0,0.14285714285714285,0.37796447300922725,0.0,4,4,0,0
973,2017-04-22,d1c427060a0f73f6b889a5c7c61f2ac4,0.0,0.0,0.0,1.0,0.0,0.14285714285714285,0.37796447300922725,0.0,5,4,1,0
983,2017-04-23,d1c427060a0f73f6b889a5c7c61f2ac4,1.0,0.0,0.0,0.0,0.0,0.2857142857142857,0.4879500364742666,1.0,6,4,1,0
993,2017-04-24,d1c427060a0f73f6b889a5c7c61f2ac4,1.0,1.0,0.0,0.0,0.0,0.42857142857142855,0.5345224838248488,0.0,0,4,0,0
1003,2017-04-25,d1c427060a0f73f6b889a5c7c61f2ac4,1.0,1.0,1.0,0.0,0.0,0.5714285714285714,0.5345224838248488,0.0,1,4,0,0
1013,2017-04-26,d1c427060a0f73f6b889a5c7c61f2ac4,0.0,1.0,1.0,1.0,1.0,0.42857142857142855,0.5345224838248488,-1.0,2,4,0,0
1023,2017-04-27,d1c427060a0f73f6b889a5c7c61f2ac4,0.0,0.0,1.0,1.0,0.0,0.42857142857142855,0.5345224838248488,0.0,3,4,0,0
1033,2017-04-28,d1c427060a0f73f6b889a5c7c61f2ac4,1.0,0.0,0.0,1.0,0.0,0.5714285714285714,0.5345224838248488,1.0,4,4,0,0
1043,2017-04-29,d1c427060a0f73f6b889a5c7c61f2ac4,0.0,1.0,0.0,0.0,0.0,0.5714285714285714,0.5345224838248488,-1.0,5,4,1,0
1053,2017-04-30,d1c427060a0f73f6b889a5c7c61f2ac4,0.0,0.0,1.0,0.0,1.0,0.42857142857142855,0.5345224838248488,0.0,6,4,1,0
1063,2017-05-01,d1c427060a0f73f6b889a5c7c61f2ac4,0.0,0.0,0.0,1.0,1.0,0.2857142857142857,0.48795003647426655,0.0,0,5,0,0
1073,2017-05-02,d1c427060a0f73f6b889a5c7c61f2ac4,0.0,0.0,0.0,0.0,1.0,0.14285714285714285,0.3779644730092271,0.0,1,5,0,0
1083,2017-05-03,d1c427060a0f73f6b889a5c7c61f2ac4,0.0,0.0,0.0,0.0,0.0,0.14285714285714285,0.3779644730092271,0.0,2,5,0,0
1093,2017-05-04,d1c427060a0f73f6b889a5c7c61f2ac4,0.0,0.0,0.0,0.0,0.0,0.14285714285714285,0.3779644730092271,0.0,3,5,0,0
1103,2017-05-05,d1c427060a0f73f6b889a5c7c61f2ac4,0.0,0.0,0.0,0.0,1.0,0.0,0.0,0.0,4,5,0,0
1113,2017-05-06,d1c427060a0f73f6b889a5c7c61f2ac4,0.0,0.0,0.0,0.0,0.0,0.0,0.0,0.0,5,5,1,0
1123,2017-05-07,d1c427060a0f73f6b889a5c7c61f2ac4,0.0,0.0,0.0,0.0,0.0,0.0,0.0,0.0,6,5,1,0
1133,2017-05-08,d1c427060a0f73f6b889a5c7c61f2ac4,0.0,0.0,0.0,0.0,0.0,0.0,0.0,0.0,0,5,0,0
1143,2017-05-09,d1c427060a0f73f6b889a5c7c61f2ac4,0.0,0.0,0.0,0.0,0.0,0.0,0.0,0.0,1,5,0,0
1153,2017-05-10,d1c427060a0f73f6b889a5c7c61f2ac4,0.0,0.0,0.0,0.0,0.0,0.0,0.0,0.0,2,5,0,0
1163,2017-05-11,d1c427060a0f73f6b889a5c7c61f2ac4,0.0,0.0,0.0,0.0,0.0,0.0,0.0,0.0,3,5,0,0
1173,2017-05-12,d1c427060a0f73f6b889a5c7c61f2ac4,0.0,0.0,0.0,0.0,0.0,0.0,0.0,0.0,4,5,0,0
1183,2017-05-13,d1c427060a0f73f6b889a5c7c61f2ac4,0.0,0.0,0.0,0.0,0.0,0.0,0.0,0.0,5,5,1,0
1193,2017-05-14,d1c427060a0f73f6b889a5c7c61f2ac4,0.0,0.0,0.0,0.0,0.0,0.0,0.0,0.0,6,5,1,0
1203,2017-05-15,d1c427060a0f73f6b889a5c7c61f2ac4,0.0,0.0,0.0,0.0,0.0,0.0,0.0,0.0,0,5,0,0
1213,2017-05-16,d1c427060a0f73f6b889a5c7c61f2ac4,0.0,0.0,0.0,0.0,0.0,0.0,0.0,0.0,1,5,0,0
1223,2017-05-17,d1c427060a0f73f6b889a5c7c61f2ac4,0.0,0.0,0.0,0.0,0.0,0.0,0.0,0.0,2,5,0,0
1233,2017-05-18,d1c427060a0f73f6b889a5c7c61f2ac4,0.0,0.0,0.0,0.0,0.0,0.0,0.0,0.0,3,5,0,0
1243,2017-05-19,d1c427060a0f73f6b889a5c7c61f2ac4,0.0,0.0,0.0,0.0,0.0,0.0,0.0,0.0,4,5,0,0
1253,2017-05-20,d1c427060a0f73f6b889a5c7c61f2ac4,0.0,0.0,0.0,0.0,0.0,0.0,0.0,0.0,5,5,1,0
1263,2017-05-21,d1c427060a0f73f6b889a5c7c61f2ac4,0.0,0.0,0.0,0.0,0.0,0.0,0.0,0.0,6,5,1,0
1273,2017-05-22,d1c427060a0f73f6b889a5c7c61f2ac4,0.0,0.0,0.0,0.0,0.0,0.0,0.0,0.0,0,5,0,0
1283,2017-05-23,d1c427060a0f73f6b889a5c7c61f2ac4,0.0,0.0,0.0,0.0,0.0,0.0,0.0,0.0,1,5,0,0
1293,2017-05-24,d1c427060a0f73f6b889a5c7c61f2ac4,0.0,0.0,0.0,0.0,0.0,0.0,0.0,0.0,2,5,0,0
1303,2017-05-25,d1c427060a0f73f6b889a5c7c61f2ac4,0.0,0.0,0.0,0.0,0.0,0.0,0.0,0.0,3,5,0,0
1313,2017-05-26,d1c427060a0f73f6b889a5c7c61f2ac4,0.0,0.0,0.0,0.0,0.0,0.0,0.0,0.0,4,5,0,0
1323,2017-05-27,d1c427060a0f73f6b889a5c7c61f2ac4,0.0,0.0,0.0,0.0,0.0,0.0,0.0,0.0,5,5,1,0
1333,2017-05-28,d1c427060a0f73f6b889a5c7c61f2ac4,0.0,0.0,0.0,0.0,0.0,0.0,0.0,0.0,6,5,1,0
1343,2017-05-29,d1c427060a0f73f6b889a5c7c61f2ac4,0.0,0.0,0.0,0.0,0.0,0.0,0.0,0.0,0,5,0,0
1353,2017-05-30,d1c427060a0f73f6b889a5c7c61f2ac4,0.0,0.0,0.0,0.0,0.0,0.0,0.0,0.0,1,5,0,0
1363,2017-05-31,d1c427060a0f73f6b889a5c7c61f2ac4,0.0,0.0,0.0,0.0,0.0,0.0,0.0,0.0,2,5,0,0
1373,2017-06-01,d1c427060a0f73f6b889a5c7c61f2ac4,0.0,0.0,0.0,0.0,0.0,0.0,0.0,0.0,3,6,0,0
1383,2017-06-02,d1c427060a0f73f6b889a5c7c61f2ac4,0.0,0.0,0.0,0.0,0.0,0.0,0.0,0.0,4,6,0,0
1393,2017-06-03,d1c427060a0f73f6b889a5c7c61f2ac4,0.0,0.0,0.0,0.0,0.0,0.0,0.0,0.0,5,6,1,0
1403,2017-06-04,d1c427060a0f73f6b889a5c7c61f2ac4,0.0,0.0,0.0,0.0,0.0,0.0,0.0,0.0,6,6,1,0
1413,2017-06-05,d1c427060a0f73f6b889a5c7c61f2ac4,0.0,0.0,0.0,0.0,0.0,0.0,0.0,0.0,0,6,0,0
1423,2017-06-06,d1c427060a0f73f6b889a5c7c61f2ac4,0.0,0.0,0.0,0.0,0.0,0.0,0.0,0.0,1,6,0,0
1433,2017-06-07,d1c427060a0f73f6b889a5c7c61f2ac4,1.0,0.0,0.0,0.0,0.0,0.14285714285714285,0.37796447300922725,1.0,2,6,0,0
1443,2017-06-08,d1c427060a0f73f6b889a5c7c61f2ac4,0.0,1.0,0.0,0.0,0.0,0.14285714285714285,0.37796447300922725,-1.0,3,6,0,0
1453,2017-06-09,d1c427060a0f73f6b889a5c7c61f2ac4,0.0,0.0,1.0,0.0,0.0,0.14285714285714285,0.37796447300922725,0.0,4,6,0,0
1463,2017-06-10,d1c427060a0f73f6b889a5c7c61f2ac4,0.0,0.0,0.0,1.0,0.0,0.14285714285714285,0.37796447300922725,0.0,5,6,1,0
1473,2017-06-11,d1c427060a0f73f6b889a5c7c61f2ac4,0.0,0.0,0.0,0.0,0.0,0.14285714285714285,0.37796447300922725,0.0,6,6,1,0
1483,2017-06-12,d1c427060a0f73f6b889a5c7c61f2ac4,0.0,0.0,0.0,0.0,0.0,0.14285714285714285,0.37796447300922725,0.0,0,6,0,0
1493,2017-06-13,d1c427060a0f73f6b889a5c7c61f2ac4,0.0,0.0,0.0,0.0,0.0,0.14285714285714285,0.37796447300922725,0.0,1,6,0,0
1503,2017-06-14,d1c427060a0f73f6b889a5c7c61f2ac4,0.0,0.0,0.0,0.0,1.0,0.0,0.0,0.0,2,6,0,0
1513,2017-06-15,d1c427060a0f73f6b889a5c7c61f2ac4,0.0,0.0,0.0,0.0,0.0,0.0,0.0,0.0,3,6,0,0
1523,2017-06-16,d1c427060a0f73f6b889a5c7c61f2ac4,0.0,0.0,0.0,0.0,0.0,0.0,0.0,0.0,4,6,0,0
1533,2017-06-17,d1c427060a0f73f6b889a5c7c61f2ac4,1.0,0.0,0.0,0.0,0.0,0.14285714285714285,0.37796447300922725,1.0,5,6,1,0
1543,2017-06-18,d1c427060a0f73f6b889a5c7c61f2ac4,0.0,1.0,0.0,0.0,0.0,0.14285714285714285,0.37796447300922725,-1.0,6,6,1,0
1553,2017-06-19,d1c427060a0f73f6b889a5c7c61f2ac4,1.0,0.0,1.0,0.0,0.0,0.2857142857142857,0.4879500364742666,1.0,0,6,0,0
1563,2017-06-20,d1c427060a0f73f6b889a5c7c61f2ac4,0.0,1.0,0.0,1.0,0.0,0.2857142857142857,0.48795003647426666,-1.0,1,6,0,0
1573,2017-06-21,d1c427060a0f73f6b889a5c7c61f2ac4,0.0,0.0,1.0,0.0,0.0,0.2857142857142857,0.48795003647426666,0.0,2,6,0,0
1583,2017-06-22,d1c427060a0f73f6b889a5c7c61f2ac4,0.0,0.0,0.0,1.0,0.0,0.2857142857142857,0.48795003647426666,0.0,3,6,0,0
1593,2017-06-23,d1c427060a0f73f6b889a5c7c61f2ac4,0.0,0.0,0.0,0.0,0.0,0.2857142857142857,0.48795003647426666,0.0,4,6,0,0
1603,2017-06-24,d1c427060a0f73f6b889a5c7c61f2ac4,0.0,0.0,0.0,0.0,1.0,0.14285714285714285,0.3779644730092273,0.0,5,6,1,0
1613,2017-06-25,d1c427060a0f73f6b889a5c7c61f2ac4,0.0,0.0,0.0,0.0,0.0,0.14285714285714285,0.3779644730092273,0.0,6,6,1,0
1623,2017-06-26,d1c427060a0f73f6b889a5c7c61f2ac4,0.0,0.0,0.0,0.0,1.0,0.0,0.0,0.0,0,6,0,0
1633,2017-06-27,d1c427060a0f73f6b889a5c7c61f2ac4,0.0,0.0,0.0,0.0,0.0,0.0,0.0,0.0,1,6,0,0
1643,2017-06-28,d1c427060a0f73f6b889a5c7c61f2ac4,0.0,0.0,0.0,0.0,0.0,0.0,0.0,0.0,2,6,0,0
1653,2017-06-29,d1c427060a0f73f6b889a5c7c61f2ac4,0.0,0.0,0.0,0.0,0.0,0.0,0.0,0.0,3,6,0,0
1663,2017-06-30,d1c427060a0f73f6b889a5c7c61f2ac4,0.0,0.0,0.0,0.0,0.0,0.0,0.0,0.0,4,6,0,0
1673,2017-07-01,d1c427060a0f73f6b889a5c7c61f2ac4,1.0,0.0,0.0,0.0,0.0,0.14285714285714285,0.37796447300922725,1.0,5,7,1,0
1683,2017-07-02,d1c427060a0f73f6b889a5c7c61f2ac4,1.0,1.0,0.0,0.0,0.0,0.2857142857142857,0.4879500364742666,0.0,6,7,1,0
1693,2017-07-03,d1c427060a0f73f6b889a5c7c61f2ac4,0.0,1.0,1.0,0.0,0.0,0.2857142857142857,0.48795003647426666,-1.0,0,7,0,0
1703,2017-07-04,d1c427060a0f73f6b889a5c7c61f2ac4,0.0,0.0,1.0,1.0,0.0,0.2857142857142857,0.48795003647426666,0.0,1,7,0,0
1713,2017-07-05,d1c427060a0f73f6b889a5c7c61f2ac4,0.0,0.0,0.0,1.0,0.0,0.2857142857142857,0.48795003647426666,0.0,2,7,0,0
1723,2017-07-06,d1c427060a0f73f6b889a5c7c61f2ac4,0.0,0.0,0.0,0.0,0.0,0.2857142857142857,0.48795003647426666,0.0,3,7,0,0
1733,2017-07-07,d1c427060a0f73f6b889a5c7c61f2ac4,1.0,0.0,0.0,0.0,0.0,0.42857142857142855,0.5345224838248488,1.0,4,7,0,0
1743,2017-07-08,d1c427060a0f73f6b889a5c7c61f2ac4,0.0,1.0,0.0,0.0,1.0,0.2857142857142857,0.48795003647426666,-1.0,5,7,1,0
1753,2017-07-09,d1c427060a0f73f6b889a5c7c61f2ac4,0.0,0.0,1.0,0.0,1.0,0.14285714285714285,0.3779644730092273,0.0,6,7,1,0
1763,2017-07-10,d1c427060a0f73f6b889a5c7c61f2ac4,0.0,0.0,0.0,1.0,0.0,0.14285714285714285,0.3779644730092273,0.0,0,7,0,0
1773,2017-07-11,d1c427060a0f73f6b889a5c7c61f2ac4,0.0,0.0,0.0,0.0,0.0,0.14285714285714285,0.3779644730092273,0.0,1,7,0,0
1783,2017-07-12,d1c427060a0f73f6b889a5c7c61f2ac4,0.0,0.0,0.0,0.0,0.0,0.14285714285714285,0.3779644730092273,0.0,2,7,0,0
1793,2017-07-13,d1c427060a0f73f6b889a5c7c61f2ac4,0.0,0.0,0.0,0.0,0.0,0.14285714285714285,0.3779644730092273,0.0,3,7,0,0
1803,2017-07-14,d1c427060a0f73f6b889a5c7c61f2ac4,0.0,0.0,0.0,0.0,1.0,0.0,0.0,0.0,4,7,0,0
1813,2017-07-15,d1c427060a0f73f6b889a5c7c61f2ac4,0.0,0.0,0.0,0.0,0.0,0.0,0.0,0.0,5,7,1,0
1823,2017-07-16,d1c427060a0f73f6b889a5c7c61f2ac4,0.0,0.0,0.0,0.0,0.0,0.0,0.0,0.0,6,7,1,0
1833,2017-07-17,d1c427060a0f73f6b889a5c7c61f2ac4,0.0,0.0,0.0,0.0,0.0,0.0,0.0,0.0,0,7,0,0
1843,2017-07-18,d1c427060a0f73f6b889a5c7c61f2ac4,1.0,0.0,0.0,0.0,0.0,0.14285714285714285,0.37796447300922725,1.0,1,7,0,0
1853,2017-07-19,d1c427060a0f73f6b889a5c7c61f2ac4,0.0,1.0,0.0,0.0,0.0,0.14285714285714285,0.37796447300922725,-1.0,2,7,0,0
1863,2017-07-20,d1c427060a0f73f6b889a5c7c61f2ac4,0.0,0.0,1.0,0.0,0.0,0.14285714285714285,0.37796447300922725,0.0,3,7,0,0
1873,2017-07-21,d1c427060a0f73f6b889a5c7c61f2ac4,0.0,0.0,0.0,1.0,0.0,0.14285714285714285,0.37796447300922725,0.0,4,7,0,0
1883,2017-07-22,d1c427060a0f73f6b889a5c7c61f2ac4,0.0,0.0,0.0,0.0,0.0,0.14285714285714285,0.37796447300922725,0.0,5,7,1,0
1893,2017-07-23,d1c427060a0f73f6b889a5c7c61f2ac4,0.0,0.0,0.0,0.0,0.0,0.14285714285714285,0.37796447300922725,0.0,6,7,1,0
1903,2017-07-24,d1c427060a0f73f6b889a5c7c61f2ac4,0.0,0.0,0.0,0.0,0.0,0.14285714285714285,0.37796447300922725,0.0,0,7,0,0
1913,2017-07-25,d1c427060a0f73f6b889a5c7c61f2ac4,0.0,0.0,0.0,0.0,1.0,0.0,0.0,0.0,1,7,0,0
1923,2017-07-26,d1c427060a0f73f6b889a5c7c61f2ac4,2.0,0.0,0.0,0.0,0.0,0.2857142857142857,0.7559289460184545,2.0,2,7,0,0
1933,2017-07-27,d1c427060a0f73f6b889a5c7c61f2ac4,0.0,2.0,0.0,0.0,0.0,0.2857142857142857,0.7559289460184545,-2.0,3,7,0,0
1943,2017-07-28,d1c427060a0f73f6b889a5c7c61f2ac4,0.0,0.0,2.0,0.0,0.0,0.2857142857142857,0.7559289460184545,0.0,4,7,0,0
1953,2017-07-29,d1c427060a0f73f6b889a5c7c61f2ac4,0.0,0.0,0.0,2.0,0.0,0.2857142857142857,0.7559289460184545,0.0,5,7,1,0
1963,2017-07-30,d1c427060a0f73f6b889a5c7c61f2ac4,0.0,0.0,0.0,0.0,0.0,0.2857142857142857,0.7559289460184545,0.0,6,7,1,0
1973,2017-07-31,d1c427060a0f73f6b889a5c7c61f2ac4,0.0,0.0,0.0,0.0,0.0,0.2857142857142857,0.7559289460184545,0.0,0,7,0,0
1983,2017-08-01,d1c427060a0f73f6b889a5c7c61f2ac4,0.0,0.0,0.0,0.0,0.0,0.2857142857142857,0.7559289460184545,0.0,1,8,0,0
1993,2017-08-02,d1c427060a0f73f6b889a5c7c61f2ac4,0.0,0.0,0.0,0.0,2.0,0.0,0.0,0.0,2,8,0,0
2003,2017-08-03,d1c427060a0f73f6b889a5c7c61f2ac4,0.0,0.0,0.0,0.0,0.0,0.0,0.0,0.0,3,8,0,0
2013,2017-08-04,d1c427060a0f73f6b889a5c7c61f2ac4,0.0,0.0,0.0,0.0,0.0,0.0,0.0,0.0,4,8,0,0
2023,2017-08-05,d1c427060a0f73f6b889a5c7c61f2ac4,1.0,0.0,0.0,0.0,0.0,0.14285714285714285,0.37796447300922725,1.0,5,8,1,0
2033,2017-08-06,d1c427060a0f73f6b889a5c7c61f2ac4,2.0,1.0,0.0,0.0,0.0,0.42857142857142855,0.7867957924694432,1.0,6,8,1,0
2043,2017-08-07,d1c427060a0f73f6b889a5c7c61f2ac4,0.0,2.0,1.0,0.0,0.0,0.42857142857142855,0.7867957924694432,-2.0,0,8,0,0
2053,2017-08-08,d1c427060a0f73f6b889a5c7c61f2ac4,0.0,0.0,2.0,1.0,0.0,0.42857142857142855,0.7867957924694432,0.0,1,8,0,0
2063,2017-08-09,d1c427060a0f73f6b889a5c7c61f2ac4,0.0,0.0,0.0,2.0,0.0,0.42857142857142855,0.7867957924694432,0.0,2,8,0,0
2073,2017-08-10,d1c427060a0f73f6b889a5c7c61f2ac4,0.0,0.0,0.0,0.0,0.0,0.42857142857142855,0.7867957924694432,0.0,3,8,0,0
2083,2017-08-11,d1c427060a0f73f6b889a5c7c61f2ac4,1.0,0.0,0.0,0.0,0.0,0.5714285714285714,0.7867957924694432,1.0,4,8,0,0
2093,2017-08-12,d1c427060a0f73f6b889a5c7c61f2ac4,0.0,1.0,0.0,0.0,1.0,0.42857142857142855,0.7867957924694432,-1.0,5,8,1,0
2103,2017-08-13,d1c427060a0f73f6b889a5c7c61f2ac4,1.0,0.0,1.0,0.0,2.0,0.2857142857142857,0.48795003647426655,1.0,6,8,1,0
2113,2017-08-14,d1c427060a0f73f6b889a5c7c61f2ac4,0.0,1.0,0.0,1.0,0.0,0.2857142857142857,0.48795003647426655,-1.0,0,8,0,0
2123,2017-08-15,d1c427060a0f73f6b889a5c7c61f2ac4,0.0,0.0,1.0,0.0,0.0,0.2857142857142857,0.48795003647426655,0.0,1,8,0,0
2133,2017-08-16,d1c427060a0f73f6b889a5c7c61f2ac4,0.0,0.0,0.0,1.0,0.0,0.2857142857142857,0.48795003647426655,0.0,2,8,0,0
2143,2017-08-17,d1c427060a0f73f6b889a5c7c61f2ac4,0.0,0.0,0.0,0.0,0.0,0.2857142857142857,0.48795003647426655,0.0,3,8,0,0
2153,2017-08-18,d1c427060a0f73f6b889a5c7c61f2ac4,0.0,0.0,0.0,0.0,1.0,0.14285714285714285,0.37796447300922714,0.0,4,8,0,0
2163,2017-08-19,d1c427060a0f73f6b889a5c7c61f2ac4,1.0,0.0,0.0,0.0,0.0,0.2857142857142857,0.48795003647426655,1.0,5,8,1,0
2173,2017-08-20,d1c427060a0f73f6b889a5c7c61f2ac4,0.0,1.0,0.0,0.0,1.0,0.14285714285714285,0.37796447300922714,-1.0,6,8,1,0
2183,2017-08-21,d1c427060a0f73f6b889a5c7c61f2ac4,0.0,0.0,1.0,0.0,0.0,0.14285714285714285,0.37796447300922714,0.0,0,8,0,0
2193,2017-08-22,d1c427060a0f73f6b889a5c7c61f2ac4,0.0,0.0,0.0,1.0,0.0,0.14285714285714285,0.37796447300922714,0.0,1,8,0,0
2203,2017-08-23,d1c427060a0f73f6b889a5c7c61f2ac4,0.0,0.0,0.0,0.0,0.0,0.14285714285714285,0.37796447300922714,0.0,2,8,0,0
2213,2017-08-24,d1c427060a0f73f6b889a5c7c61f2ac4,0.0,0.0,0.0,0.0,0.0,0.14285714285714285,0.37796447300922714,0.0,3,8,0,0
2223,2017-08-25,d1c427060a0f73f6b889a5c7c61f2ac4,0.0,0.0,0.0,0.0,0.0,0.14285714285714285,0.37796447300922714,0.0,4,8,0,0
2233,2017-08-26,d1c427060a0f73f6b889a5c7c61f2ac4,0.0,0.0,0.0,0.0,1.0,0.0,0.0,0.0,5,8,1,0
2243,2017-08-27,d1c427060a0f73f6b889a5c7c61f2ac4,1.0,0.0,0.0,0.0,0.0,0.14285714285714285,0.37796447300922725,1.0,6,8,1,0
2253,2017-08-28,d1c427060a0f73f6b889a5c7c61f2ac4,0.0,1.0,0.0,0.0,0.0,0.14285714285714285,0.37796447300922725,-1.0,0,8,0,0
2263,2017-08-29,d1c427060a0f73f6b889a5c7c61f2ac4,0.0,0.0,1.0,0.0,0.0,0.14285714285714285,0.37796447300922725,0.0,1,8,0,0
2273,2017-08-30,d1c427060a0f73f6b889a5c7c61f2ac4,0.0,0.0,0.0,1.0,0.0,0.14285714285714285,0.37796447300922725,0.0,2,8,0,0
2283,2017-08-31,d1c427060a0f73f6b889a5c7c61f2ac4,0.0,0.0,0.0,0.0,0.0,0.14285714285714285,0.37796447300922725,0.0,3,8,0,0
2293,2017-09-01,d1c427060a0f73f6b889a5c7c61f2ac4,0.0,0.0,0.0,0.0,0.0,0.14285714285714285,0.37796447300922725,0.0,4,9,0,0
2303,2017-09-02,d1c427060a0f73f6b889a5c7c61f2ac4,0.0,0.0,0.0,0.0,0.0,0.14285714285714285,0.37796447300922725,0.0,5,9,1,0
2313,2017-09-03,d1c427060a0f73f6b889a5c7c61f2ac4,0.0,0.0,0.0,0.0,1.0,0.0,0.0,0.0,6,9,1,0
2323,2017-09-04,d1c427060a0f73f6b889a5c7c61f2ac4,0.0,0.0,0.0,0.0,0.0,0.0,0.0,0.0,0,9,0,0
2333,2017-09-05,d1c427060a0f73f6b889a5c7c61f2ac4,0.0,0.0,0.0,0.0,0.0,0.0,0.0,0.0,1,9,0,0
2343,2017-09-06,d1c427060a0f73f6b889a5c7c61f2ac4,0.0,0.0,0.0,0.0,0.0,0.0,0.0,0.0,2,9,0,0
2353,2017-09-07,d1c427060a0f73f6b889a5c7c61f2ac4,0.0,0.0,0.0,0.0,0.0,0.0,0.0,0.0,3,9,0,0
2363,2017-09-08,d1c427060a0f73f6b889a5c7c61f2ac4,3.0,0.0,0.0,0.0,0.0,0.42857142857142855,1.1338934190276817,3.0,4,9,0,0
2373,2017-09-09,d1c427060a0f73f6b889a5c7c61f2ac4,0.0,3.0,0.0,0.0,0.0,0.42857142857142855,1.1338934190276817,-3.0,5,9,1,0
2383,2017-09-10,d1c427060a0f73f6b889a5c7c61f2ac4,0.0,0.0,3.0,0.0,0.0,0.42857142857142855,1.1338934190276817,0.0,6,9,1,0
2393,2017-09-11,d1c427060a0f73f6b889a5c7c61f2ac4,1.0,0.0,0.0,3.0,0.0,0.5714285714285714,1.1338934190276817,1.0,0,9,0,0
2403,2017-09-12,d1c427060a0f73f6b889a5c7c61f2ac4,1.0,1.0,0.0,0.0,0.0,0.7142857142857143,1.1126972805283737,0.0,1,9,0,0
2413,2017-09-13,d1c427060a0f73f6b889a5c7c61f2ac4,0.0,1.0,1.0,0.0,0.0,0.7142857142857143,1.1126972805283737,-1.0,2,9,0,0
2423,2017-09-14,d1c427060a0f73f6b889a5c7c61f2ac4,1.0,0.0,1.0,1.0,0.0,0.8571428571428571,1.0690449676496976,1.0,3,9,0,0
2433,2017-09-15,d1c427060a0f73f6b889a5c7c61f2ac4,1.0,1.0,0.0,1.0,3.0,0.5714285714285714,0.5345224838248489,0.0,4,9,0,0
2443,2017-09-16,d1c427060a0f73f6b889a5c7c61f2ac4,0.0,1.0,1.0,0.0,0.0,0.5714285714285714,0.5345224838248489,-1.0,5,9,1,0
2453,2017-09-17,d1c427060a0f73f6b889a5c7c61f2ac4,0.0,0.0,1.0,1.0,0.0,0.5714285714285714,0.5345224838248489,0.0,6,9,1,0
2463,2017-09-18,d1c427060a0f73f6b889a5c7c61f2ac4,0.0,0.0,0.0,1.0,1.0,0.42857142857142855,0.5345224838248489,0.0,0,9,0,0
2473,2017-09-19,d1c427060a0f73f6b889a5c7c61f2ac4,0.0,0.0,0.0,0.0,1.0,0.2857142857142857,0.48795003647426666,0.0,1,9,0,0
2483,2017-09-20,d1c427060a0f73f6b889a5c7c61f2ac4,0.0,0.0,0.0,0.0,0.0,0.2857142857142857,0.48795003647426666,0.0,2,9,0,0
2493,2017-09-21,d1c427060a0f73f6b889a5c7c61f2ac4,1.0,0.0,0.0,0.0,1.0,0.2857142857142857,0.48795003647426666,1.0,3,9,0,0
2503,2017-09-22,d1c427060a0f73f6b889a5c7c61f2ac4,0.0,1.0,0.0,0.0,1.0,0.14285714285714285,0.3779644730092273,-1.0,4,9,0,0
2513,2017-09-23,d1c427060a0f73f6b889a5c7c61f2ac4,0.0,0.0,1.0,0.0,0.0,0.14285714285714285,0.3779644730092273,0.0,5,9,1,0
2523,2017-09-24,d1c427060a0f73f6b889a5c7c61f2ac4,0.0,0.0,0.0,1.0,0.0,0.14285714285714285,0.3779644730092273,0.0,6,9,1,0
2533,2017-09-25,d1c427060a0f73f6b889a5c7c61f2ac4,1.0,0.0,0.0,0.0,0.0,0.2857142857142857,0.4879500364742667,1.0,0,9,0,0
2543,2017-09-26,d1c427060a0f73f6b889a5c7c61f2ac4,0.0,1.0,0.0,0.0,0.0,0.2857142857142857,0.4879500364742667,-1.0,1,9,0,0
2553,2017-09-27,d1c427060a0f73f6b889a5c7c61f2ac4,0.0,0.0,1.0,0.0,0.0,0.2857142857142857,0.4879500364742667,0.0,2,9,0,0
2563,2017-09-28,d1c427060a0f73f6b889a5c7c61f2ac4,1.0,0.0,0.0,1.0,1.0,0.2857142857142857,0.4879500364742667,1.0,3,9,0,0
2573,2017-09-29,d1c427060a0f73f6b889a5c7c61f2ac4,0.0,1.0,0.0,0.0,0.0,0.2857142857142857,0.4879500364742667,-1.0,4,9,0,0
2583,2017-09-30,d1c427060a0f73f6b889a5c7c61f2ac4,1.0,0.0,1.0,0.0,0.0,0.42857142857142855,0.5345224838248489,1.0,5,9,1,0
2593,2017-10-01,d1c427060a0f73f6b889a5c7c61f2ac4,0.0,1.0,0.0,1.0,0.0,0.42857142857142855,0.5345224838248489,-1.0,6,10,1,0
2603,2017-10-02,d1c427060a0f73f6b889a5c7c61f2ac4,0.0,0.0,1.0,0.0,1.0,0.2857142857142857,0.48795003647426677,0.0,0,10,0,0
2613,2017-10-03,d1c427060a0f73f6b889a5c7c61f2ac4,0.0,0.0,0.0,1.0,0.0,0.2857142857142857,0.48795003647426677,0.0,1,10,0,0
2623,2017-10-04,d1c427060a0f73f6b889a5c7c61f2ac4,1.0,0.0,0.0,0.0,0.0,0.42857142857142855,0.5345224838248489,1.0,2,10,0,0
2633,2017-10-05,d1c427060a0f73f6b889a5c7c61f2ac4,0.0,1.0,0.0,0.0,1.0,0.2857142857142857,0.48795003647426677,-1.0,3,10,0,0
2643,2017-10-06,d1c427060a0f73f6b889a5c7c61f2ac4,0.0,0.0,1.0,0.0,0.0,0.2857142857142857,0.48795003647426677,0.0,4,10,0,0
2653,2017-10-07,d1c427060a0f73f6b889a5c7c61f2ac4,0.0,0.0,0.0,1.0,1.0,0.14285714285714285,0.3779644730092274,0.0,5,10,1,0
2663,2017-10-08,d1c427060a0f73f6b889a5c7c61f2ac4,0.0,0.0,0.0,0.0,0.0,0.14285714285714285,0.3779644730092274,0.0,6,10,1,0
2673,2017-10-09,d1c427060a0f73f6b889a5c7c61f2ac4,2.0,0.0,0.0,0.0,0.0,0.42857142857142855,0.7867957924694432,2.0,0,10,0,0
2683,2017-10-10,d1c427060a0f73f6b889a5c7c61f2ac4,1.0,2.0,0.0,0.0,0.0,0.5714285714285714,0.7867957924694432,-1.0,1,10,0,0
2693,2017-10-11,d1c427060a0f73f6b889a5c7c61f2ac4,1.0,1.0,2.0,0.0,1.0,0.5714285714285714,0.7867957924694432,0.0,2,10,0,0
2703,2017-10-12,d1c427060a0f73f6b889a5c7c61f2ac4,1.0,1.0,1.0,2.0,0.0,0.7142857142857143,0.7559289460184546,0.0,3,10,0,0
2713,2017-10-13,d1c427060a0f73f6b889a5c7c61f2ac4,0.0,1.0,1.0,1.0,0.0,0.7142857142857143,0.7559289460184546,-1.0,4,10,0,0
2723,2017-10-14,d1c427060a0f73f6b889a5c7c61f2ac4,1.0,0.0,1.0,1.0,0.0,0.8571428571428571,0.6900655593423544,1.0,5,10,1,0
2733,2017-10-15,d1c427060a0f73f6b889a5c7c61f2ac4,1.0,1.0,0.0,1.0,0.0,1.0,0.577350269189626,0.0,6,10,1,0
2743,2017-10-16,d1c427060a0f73f6b889a5c7c61f2ac4,0.0,1.0,1.0,0.0,2.0,0.7142857142857143,0.4879500364742669,-1.0,0,10,0,0
2753,2017-10-17,d1c427060a0f73f6b889a5c7c61f2ac4,1.0,0.0,1.0,1.0,1.0,0.7142857142857143,0.4879500364742669,1.0,1,10,0,0
2763,2017-10-18,d1c427060a0f73f6b889a5c7c61f2ac4,1.0,1.0,0.0,1.0,1.0,0.7142857142857143,0.4879500364742669,0.0,2,10,0,0
2773,2017-10-19,d1c427060a0f73f6b889a5c7c61f2ac4,1.0,1.0,1.0,0.0,1.0,0.7142857142857143,0.4879500364742669,0.0,3,10,0,0
2783,2017-10-20,d1c427060a0f73f6b889a5c7c61f2ac4,2.0,1.0,1.0,1.0,0.0,1.0,0.577350269189626,1.0,4,10,0,0
2793,2017-10-21,d1c427060a0f73f6b889a5c7c61f2ac4,0.0,2.0,1.0,1.0,1.0,0.8571428571428571,0.6900655593423544,-2.0,5,10,1,0
2803,2017-10-22,d1c427060a0f73f6b889a5c7c61f2ac4,1.0,0.0,2.0,1.0,1.0,0.8571428571428571,0.6900655593423544,1.0,6,10,1,0
2813,2017-10-23,d1c427060a0f73f6b889a5c7c61f2ac4,1.0,1.0,0.0,2.0,0.0,1.0,0.577350269189626,0.0,0,10,0,0
2823,2017-10-24,d1c427060a0f73f6b889a5c7c61f2ac4,1.0,1.0,1.0,0.0,1.0,1.0,0.577350269189626,0.0,1,10,0,0
2833,2017-10-25,d1c427060a0f73f6b889a5c7c61f2ac4,0.0,1.0,1.0,1.0,1.0,0.8571428571428571,0.6900655593423544,-1.0,2,10,0,0
2843,2017-10-26,d1c427060a0f73f6b889a5c7c61f2ac4,0.0,0.0,1.0,1.0,1.0,0.7142857142857143,0.7559289460184546,0.0,3,10,0,0
2853,2017-10-27,d1c427060a0f73f6b889a5c7c61f2ac4,1.0,0.0,0.0,1.0,2.0,0.5714285714285714,0.534522483824849,1.0,4,10,0,0
2863,2017-10-28,d1c427060a0f73f6b889a5c7c61f2ac4,0.0,1.0,0.0,0.0,0.0,0.5714285714285714,0.534522483824849,-1.0,5,10,1,0
2873,2017-10-29,d1c427060a0f73f6b889a5c7c61f2ac4,0.0,0.0,1.0,0.0,1.0,0.42857142857142855,0.534522483824849,0.0,6,10,1,0
2883,2017-10-30,d1c427060a0f73f6b889a5c7c61f2ac4,0.0,0.0,0.0,1.0,1.0,0.2857142857142857,0.4879500364742668,0.0,0,10,0,0
2893,2017-10-31,d1c427060a0f73f6b889a5c7c61f2ac4,0.0,0.0,0.0,0.0,1.0,0.14285714285714285,0.3779644730092275,0.0,1,10,0,0
2903,2017-11-01,d1c427060a0f73f6b889a5c7c61f2ac4,2.0,0.0,0.0,0.0,0.0,0.42857142857142855,0.7867957924694434,2.0,2,11,0,1
2913,2017-11-02,d1c427060a0f73f6b889a5c7c61f2ac4,0.0,2.0,0.0,0.0,0.0,0.42857142857142855,0.7867957924694434,-2.0,3,11,0,1
2923,2017-11-03,d1c427060a0f73f6b889a5c7c61f2ac4,1.0,0.0,2.0,0.0,1.0,0.42857142857142855,0.7867957924694434,1.0,4,11,0,1
2933,2017-11-04,d1c427060a0f73f6b889a5c7c61f2ac4,0.0,1.0,0.0,2.0,0.0,0.42857142857142855,0.7867957924694434,-1.0,5,11,1,1
2943,2017-11-05,d1c427060a0f73f6b889a5c7c61f2ac4,0.0,0.0,1.0,0.0,0.0,0.42857142857142855,0.7867957924694434,0.0,6,11,1,1
2953,2017-11-06,d1c427060a0f73f6b889a5c7c61f2ac4,1.0,0.0,0.0,1.0,0.0,0.5714285714285714,0.7867957924694434,1.0,0,11,0,1
2963,2017-11-07,d1c427060a0f73f6b889a5c7c61f2ac4,0.0,1.0,0.0,0.0,0.0,0.5714285714285714,0.7867957924694434,-1.0,1,11,0,1
2973,2017-11-08,d1c427060a0f73f6b889a5c7c61f2ac4,0.0,0.0,1.0,0.0,2.0,0.2857142857142857,0.48795003647426677,0.0,2,11,0,1
2983,2017-11-09,d1c427060a0f73f6b889a5c7c61f2ac4,1.0,0.0,0.0,1.0,0.0,0.42857142857142855,0.534522483824849,1.0,3,11,0,1
2993,2017-11-10,d1c427060a0f73f6b889a5c7c61f2ac4,0.0,1.0,0.0,0.0,1.0,0.2857142857142857,0.48795003647426677,-1.0,4,11,0,1
3003,2017-11-11,d1c427060a0f73f6b889a5c7c61f2ac4,0.0,0.0,1.0,0.0,0.0,0.2857142857142857,0.48795003647426677,0.0,5,11,1,1
3013,2017-11-12,d1c427060a0f73f6b889a5c7c61f2ac4,0.0,0.0,0.0,1.0,0.0,0.2857142857142857,0.48795003647426677,0.0,6,11,1,1
3023,2017-11-13,d1c427060a0f73f6b889a5c7c61f2ac4,0.0,0.0,0.0,0.0,1.0,0.14285714285714285,0.37796447300922736,0.0,0,11,0,1
3033,2017-11-14,d1c427060a0f73f6b889a5c7c61f2ac4,0.0,0.0,0.0,0.0,0.0,0.14285714285714285,0.37796447300922736,0.0,1,11,0,1
3043,2017-11-15,d1c427060a0f73f6b889a5c7c61f2ac4,0.0,0.0,0.0,0.0,0.0,0.14285714285714285,0.37796447300922736,0.0,2,11,0,1
3053,2017-11-16,d1c427060a0f73f6b889a5c7c61f2ac4,0.0,0.0,0.0,0.0,1.0,0.0,0.0,0.0,3,11,0,1
3063,2017-11-17,d1c427060a0f73f6b889a5c7c61f2ac4,1.0,0.0,0.0,0.0,0.0,0.14285714285714285,0.37796447300922725,1.0,4,11,0,1
3073,2017-11-18,d1c427060a0f73f6b889a5c7c61f2ac4,1.0,1.0,0.0,0.0,0.0,0.2857142857142857,0.4879500364742666,0.0,5,11,1,1
3083,2017-11-19,d1c427060a0f73f6b889a5c7c61f2ac4,0.0,1.0,1.0,0.0,0.0,0.2857142857142857,0.48795003647426666,-1.0,6,11,1,1
3093,2017-11-20,d1c427060a0f73f6b889a5c7c61f2ac4,1.0,0.0,1.0,1.0,0.0,0.42857142857142855,0.5345224838248488,1.0,0,11,0,1
3103,2017-11-21,d1c427060a0f73f6b889a5c7c61f2ac4,0.0,1.0,0.0,1.0,0.0,0.42857142857142855,0.5345224838248488,-1.0,1,11,0,1
3113,2017-11-22,d1c427060a0f73f6b889a5c7c61f2ac4,0.0,0.0,1.0,0.0,0.0,0.42857142857142855,0.5345224838248488,0.0,2,11,0,1
3123,2017-11-23,d1c427060a0f73f6b889a5c7c61f2ac4,0.0,0.0,0.0,1.0,0.0,0.42857142857142855,0.5345224838248488,0.0,3,11,0,1
3133,2017-11-24,d1c427060a0f73f6b889a5c7c61f2ac4,4.0,0.0,0.0,0.0,1.0,0.8571428571428571,1.4638501094227998,4.0,4,11,0,1
3143,2017-11-25,d1c427060a0f73f6b889a5c7c61f2ac4,2.0,4.0,0.0,0.0,1.0,1.0,1.5275252316519468,-2.0,5,11,1,1
3153,2017-11-26,d1c427060a0f73f6b889a5c7c61f2ac4,1.0,2.0,4.0,0.0,0.0,1.1428571428571428,1.4638501094227998,-1.0,6,11,1,1
3163,2017-11-27,d1c427060a0f73f6b889a5c7c61f2ac4,2.0,1.0,2.0,4.0,1.0,1.2857142857142858,1.4960264830861913,1.0,0,11,0,1
3173,2017-11-28,d1c427060a0f73f6b889a5c7c61f2ac4,1.0,2.0,1.0,2.0,0.0,1.4285714285714286,1.3972762620115438,-1.0,1,11,0,1
3183,2017-11-29,d1c427060a0f73f6b889a5c7c61f2ac4,0.0,1.0,2.0,1.0,0.0,1.4285714285714286,1.3972762620115438,-1.0,2,11,0,1
3193,2017-11-30,d1c427060a0f73f6b889a5c7c61f2ac4,0.0,0.0,1.0,2.0,0.0,1.4285714285714286,1.3972762620115438,0.0,3,11,0,1
3203,2017-12-01,d1c427060a0f73f6b889a5c7c61f2ac4,0.0,0.0,0.0,1.0,4.0,0.8571428571428571,0.8997354108424377,0.0,4,12,0,0
3213,2017-12-02,d1c427060a0f73f6b889a5c7c61f2ac4,1.0,0.0,0.0,0.0,2.0,0.7142857142857143,0.7559289460184548,1.0,5,12,1,0
3223,2017-12-03,d1c427060a0f73f6b889a5c7c61f2ac4,0.0,1.0,0.0,0.0,1.0,0.5714285714285714,0.7867957924694436,-1.0,6,12,1,0
3233,2017-12-04,d1c427060a0f73f6b889a5c7c61f2ac4,1.0,0.0,1.0,0.0,2.0,0.42857142857142855,0.5345224838248497,1.0,0,12,0,0
3243,2017-12-05,d1c427060a0f73f6b889a5c7c61f2ac4,1.0,1.0,0.0,1.0,1.0,0.42857142857142855,0.5345224838248497,0.0,1,12,0,0
3253,2017-12-06,d1c427060a0f73f6b889a5c7c61f2ac4,0.0,1.0,1.0,0.0,0.0,0.42857142857142855,0.5345224838248497,-1.0,2,12,0,0
3263,2017-12-07,d1c427060a0f73f6b889a5c7c61f2ac4,2.0,0.0,1.0,1.0,0.0,0.7142857142857143,0.7559289460184548,2.0,3,12,0,0
3273,2017-12-08,d1c427060a0f73f6b889a5c7c61f2ac4,0.0,2.0,0.0,1.0,0.0,0.7142857142857143,0.7559289460184548,-2.0,4,12,0,0
3283,2017-12-09,d1c427060a0f73f6b889a5c7c61f2ac4,2.0,0.0,2.0,0.0,1.0,0.8571428571428571,0.8997354108424377,2.0,5,12,1,0
3293,2017-12-10,d1c427060a0f73f6b889a5c7c61f2ac4,1.0,2.0,0.0,2.0,0.0,1.0,0.8164965809277263,-1.0,6,12,1,0
3303,2017-12-11,d1c427060a0f73f6b889a5c7c61f2ac4,0.0,1.0,2.0,0.0,1.0,0.8571428571428571,0.8997354108424377,-1.0,0,12,0,0
3313,2017-12-12,d1c427060a0f73f6b889a5c7c61f2ac4,0.0,0.0,1.0,2.0,1.0,0.7142857142857143,0.9511897312113422,0.0,1,12,0,0
3323,2017-12-13,d1c427060a0f73f6b889a5c7c61f2ac4,2.0,0.0,0.0,1.0,0.0,1.0,1.0,2.0,2,12,0,0
3333,2017-12-14,d1c427060a0f73f6b889a5c7c61f2ac4,0.0,2.0,0.0,0.0,2.0,0.7142857142857143,0.9511897312113421,-2.0,3,12,0,0
3343,2017-12-15,d1c427060a0f73f6b889a5c7c61f2ac4,0.0,0.0,2.0,0.0,0.0,0.7142857142857143,0.9511897312113421,0.0,4,12,0,0
3353,2017-12-16,d1c427060a0f73f6b889a5c7c61f2ac4,0.0,0.0,0.0,2.0,2.0,0.42857142857142855,0.7867957924694436,0.0,5,12,1,0
3363,2017-12-17,d1c427060a0f73f6b889a5c7c61f2ac4,0.0,0.0,0.0,0.0,1.0,0.2857142857142857,0.7559289460184551,0.0,6,12,1,0
3373,2017-12-18,d1c427060a0f73f6b889a5c7c61f2ac4,0.0,0.0,0.0,0.0,0.0,0.2857142857142857,0.7559289460184551,0.0,0,12,0,0
3383,2017-12-19,d1c427060a0f73f6b889a5c7c61f2ac4,1.0,0.0,0.0,0.0,0.0,0.42857142857142855,0.7867957924694436,1.0,1,12,0,0
3393,2017-12-20,d1c427060a0f73f6b889a5c7c61f2ac4,2.0,1.0,0.0,0.0,2.0,0.42857142857142855,0.7867957924694436,1.0,2,12,0,0
3403,2017-12-21,d1c427060a0f73f6b889a5c7c61f2ac4,1.0,2.0,1.0,0.0,0.0,0.5714285714285714,0.7867957924694435,-1.0,3,12,0,0
3413,2017-12-22,d1c427060a0f73f6b889a5c7c61f2ac4,2.0,1.0,2.0,1.0,0.0,0.8571428571428571,0.8997354108424375,1.0,4,12,0,0
3423,2017-12-23,d1c427060a0f73f6b889a5c7c61f2ac4,4.0,2.0,1.0,2.0,0.0,1.4285714285714286,1.3972762620115435,2.0,5,12,1,0
3433,2017-12-24,d1c427060a0f73f6b889a5c7c61f2ac4,0.0,4.0,2.0,1.0,0.0,1.4285714285714286,1.3972762620115435,-4.0,6,12,1,0
3443,2017-12-25,d1c427060a0f73f6b889a5c7c61f2ac4,0.0,0.0,4.0,2.0,0.0,1.4285714285714286,1.3972762620115435,0.0,0,12,0,0
3453,2017-12-26,d1c427060a0f73f6b889a5c7c61f2ac4,1.0,0.0,0.0,4.0,1.0,1.4285714285714286,1.3972762620115435,1.0,1,12,0,0
3463,2017-12-27,d1c427060a0f73f6b889a5c7c61f2ac4,1.0,1.0,0.0,0.0,2.0,1.2857142857142858,1.3801311186847083,0.0,2,12,0,0
3473,2017-12-28,d1c427060a0f73f6b889a5c7c61f2ac4,1.0,1.0,1.0,0.0,1.0,1.2857142857142858,1.3801311186847083,0.0,3,12,0,0
3483,2017-12-29,d1c427060a0f73f6b889a5c7c61f2ac4,0.0,1.0,1.0,1.0,2.0,1.0,1.4142135623730951,-1.0,4,12,0,0
3493,2017-12-30,d1c427060a0f73f6b889a5c7c61f2ac4,0.0,0.0,1.0,1.0,4.0,0.42857142857142855,0.5345224838248498,0.0,5,12,1,0
3503,2017-12-31,d1c427060a0f73f6b889a5c7c61f2ac4,0.0,0.0,0.0,1.0,0.0,0.42857142857142855,0.5345224838248498,0.0,6,12,1,0
3513,2018-01-01,d1c427060a0f73f6b889a5c7c61f2ac4,0.0,0.0,0.0,0.0,0.0,0.42857142857142855,0.5345224838248498,0.0,0,1,0,0
3523,2018-01-02,d1c427060a0f73f6b889a5c7c61f2ac4,0.0,0.0,0.0,0.0,1.0,0.2857142857142857,0.4879500364742679,0.0,1,1,0,0
3533,2018-01-03,d1c427060a0f73f6b889a5c7c61f2ac4,0.0,0.0,0.0,0.0,1.0,0.14285714285714285,0.37796447300922925,0.0,2,1,0,0
3543,2018-01-04,d1c427060a0f73f6b889a5c7c61f2ac4,0.0,0.0,0.0,0.0,1.0,0.0,0.0,0.0,3,1,0,0
3553,2018-01-05,d1c427060a0f73f6b889a5c7c61f2ac4,1.0,0.0,0.0,0.0,0.0,0.14285714285714285,0.37796447300922725,1.0,4,1,0,0
3563,2018-01-06,d1c427060a0f73f6b889a5c7c61f2ac4,0.0,1.0,0.0,0.0,0.0,0.14285714285714285,0.37796447300922725,-1.0,5,1,1,0
3573,2018-01-07,d1c427060a0f73f6b889a5c7c61f2ac4,0.0,0.0,1.0,0.0,0.0,0.14285714285714285,0.37796447300922725,0.0,6,1,1,0
3583,2018-01-08,d1c427060a0f73f6b889a5c7c61f2ac4,5.0,0.0,0.0,1.0,0.0,0.8571428571428571,1.864454471471609,5.0,0,1,0,0
3593,2018-01-09,d1c427060a0f73f6b889a5c7c61f2ac4,3.0,5.0,0.0,0.0,0.0,1.2857142857142858,1.9760470401187076,-2.0,1,1,0,0
3603,2018-01-10,d1c427060a0f73f6b889a5c7c61f2ac4,1.0,3.0,5.0,0.0,0.0,1.4285714285714286,1.902379462422684,-2.0,2,1,0,0
3613,2018-01-11,d1c427060a0f73f6b889a5c7c61f2ac4,0.0,1.0,3.0,5.0,0.0,1.4285714285714286,1.902379462422684,-1.0,3,1,0,0
3623,2018-01-12,d1c427060a0f73f6b889a5c7c61f2ac4,0.0,0.0,1.0,3.0,1.0,1.2857142857142858,1.9760470401187076,0.0,4,1,0,0
3633,2018-01-13,d1c427060a0f73f6b889a5c7c61f2ac4,1.0,0.0,0.0,1.0,0.0,1.4285714285714286,1.902379462422684,1.0,5,1,1,0
3643,2018-01-14,d1c427060a0f73f6b889a5c7c61f2ac4,0.0,1.0,0.0,0.0,0.0,1.4285714285714286,1.902379462422684,-1.0,6,1,1,0
3653,2018-01-15,d1c427060a0f73f6b889a5c7c61f2ac4,1.0,0.0,1.0,0.0,5.0,0.8571428571428571,1.0690449676496978,1.0,0,1,0,0
3663,2018-01-16,d1c427060a0f73f6b889a5c7c61f2ac4,1.0,1.0,0.0,1.0,3.0,0.5714285714285714,0.534522483824849,0.0,1,1,0,0
3673,2018-01-17,d1c427060a0f73f6b889a5c7c61f2ac4,3.0,1.0,1.0,0.0,1.0,0.8571428571428571,1.0690449676496978,2.0,2,1,0,0
3683,2018-01-18,d1c427060a0f73f6b889a5c7c61f2ac4,1.0,3.0,1.0,1.0,0.0,1.0,1.0000000000000002,-2.0,3,1,0,0
3693,2018-01-19,d1c427060a0f73f6b889a5c7c61f2ac4,3.0,1.0,3.0,1.0,0.0,1.4285714285714286,1.133893419027682,2.0,4,1,0,0
3703,2018-01-20,d1c427060a0f73f6b889a5c7c61f2ac4,2.0,3.0,1.0,3.0,1.0,1.5714285714285714,1.133893419027682,-1.0,5,1,1,0
3713,2018-01-21,d1c427060a0f73f6b889a5c7c61f2ac4,4.0,2.0,3.0,1.0,0.0,2.142857142857143,1.2149857925879122,2.0,6,1,1,0
3723,2018-01-22,d1c427060a0f73f6b889a5c7c61f2ac4,3.0,4.0,2.0,3.0,1.0,2.4285714285714284,1.133893419027682,-1.0,0,1,0,0
3733,2018-01-23,d1c427060a0f73f6b889a5c7c61f2ac4,1.0,3.0,4.0,2.0,1.0,2.4285714285714284,1.133893419027682,-2.0,1,1,0,0
3743,2018-01-24,d1c427060a0f73f6b889a5c7c61f2ac4,1.0,1.0,3.0,4.0,3.0,2.142857142857143,1.2149857925879122,0.0,2,1,0,0
3753,2018-01-25,d1c427060a0f73f6b889a5c7c61f2ac4,1.0,1.0,1.0,3.0,1.0,2.142857142857143,1.2149857925879122,0.0,3,1,0,0
3763,2018-01-26,d1c427060a0f73f6b889a5c7c61f2ac4,2.0,1.0,1.0,1.0,3.0,2.0,1.1547005383792517,1.0,4,1,0,0
3773,2018-01-27,d1c427060a0f73f6b889a5c7c61f2ac4,1.0,2.0,1.0,1.0,2.0,1.8571428571428572,1.2149857925879122,-1.0,5,1,1,0
3783,2018-01-28,d1c427060a0f73f6b889a5c7c61f2ac4,2.0,1.0,2.0,1.0,4.0,1.5714285714285714,0.7867957924694436,1.0,6,1,1,0
3793,2018-01-29,d1c427060a0f73f6b889a5c7c61f2ac4,2.0,2.0,1.0,2.0,3.0,1.4285714285714286,0.5345224838248495,0.0,0,1,0,0
3803,2018-01-30,d1c427060a0f73f6b889a5c7c61f2ac4,1.0,2.0,2.0,1.0,1.0,1.4285714285714286,0.5345224838248495,-1.0,1,1,0,0
3813,2018-01-31,d1c427060a0f73f6b889a5c7c61f2ac4,5.0,1.0,2.0,2.0,1.0,2.0,1.4142135623730951,4.0,2,1,0,0
3823,2018-02-01,d1c427060a0f73f6b889a5c7c61f2ac4,2.0,5.0,1.0,2.0,1.0,2.142857142857143,1.3451854182690988,-3.0,3,2,0,0
3833,2018-02-02,d1c427060a0f73f6b889a5c7c61f2ac4,1.0,2.0,5.0,1.0,2.0,2.0,1.4142135623730951,-1.0,4,2,0,0
3843,2018-02-03,d1c427060a0f73f6b889a5c7c61f2ac4,2.0,1.0,2.0,5.0,1.0,2.142857142857143,1.3451854182690988,1.0,5,2,1,0
3853,2018-02-04,d1c427060a0f73f6b889a5c7c61f2ac4,0.0,2.0,1.0,2.0,2.0,1.8571428571428572,1.5735915849388864,-2.0,6,2,1,0
3863,2018-02-05,d1c427060a0f73f6b889a5c7c61f2ac4,0.0,0.0,2.0,1.0,2.0,1.5714285714285714,1.7182493859684493,0.0,0,2,0,0
3873,2018-02-06,d1c427060a0f73f6b889a5c7c61f2ac4,1.0,0.0,0.0,2.0,1.0,1.5714285714285714,1.7182493859684493,1.0,1,2,0,0
3883,2018-02-07,d1c427060a0f73f6b889a5c7c61f2ac4,1.0,1.0,0.0,0.0,5.0,1.0,0.8164965809277264,0.0,2,2,0,0
3893,2018-02-08,d1c427060a0f73f6b889a5c7c61f2ac4,1.0,1.0,1.0,0.0,2.0,0.8571428571428571,0.6900655593423546,0.0,3,2,0,0
3903,2018-02-09,d1c427060a0f73f6b889a5c7c61f2ac4,1.0,1.0,1.0,1.0,1.0,0.8571428571428571,0.6900655593423546,0.0,4,2,0,0
3913,2018-02-10,d1c427060a0f73f6b889a5c7c61f2ac4,2.0,1.0,1.0,1.0,2.0,0.8571428571428571,0.6900655593423546,1.0,5,2,1,0
3923,2018-02-11,d1c427060a0f73f6b889a5c7c61f2ac4,3.0,2.0,1.0,1.0,0.0,1.2857142857142858,0.9511897312113423,1.0,6,2,1,0
3933,2018-02-12,d1c427060a0f73f6b889a5c7c61f2ac4,1.0,3.0,2.0,1.0,0.0,1.4285714285714286,0.7867957924694438,-2.0,0,2,0,0
3943,2018-02-13,d1c427060a0f73f6b889a5c7c61f2ac4,0.0,1.0,3.0,2.0,1.0,1.2857142857142858,0.9511897312113423,-1.0,1,2,0,0
3953,2018-02-14,d1c427060a0f73f6b889a5c7c61f2ac4,2.0,0.0,1.0,3.0,1.0,1.4285714285714286,0.9759000729485338,2.0,2,2,0,0
3963,2018-02-15,d1c427060a0f73f6b889a5c7c61f2ac4,3.0,2.0,0.0,1.0,1.0,1.7142857142857142,1.1126972805283741,1.0,3,2,0,0
3973,2018-02-16,d1c427060a0f73f6b889a5c7c61f2ac4,0.0,3.0,2.0,0.0,1.0,1.5714285714285714,1.272418020560704,-3.0,4,2,0,0
3983,2018-02-17,d1c427060a0f73f6b889a5c7c61f2ac4,2.0,0.0,3.0,2.0,2.0,1.5714285714285714,1.272418020560704,2.0,5,2,1,0
3993,2018-02-18,d1c427060a0f73f6b889a5c7c61f2ac4,3.0,2.0,0.0,3.0,3.0,1.5714285714285714,1.272418020560704,1.0,6,2,1,0
4003,2018-02-19,d1c427060a0f73f6b889a5c7c61f2ac4,2.0,3.0,2.0,0.0,1.0,1.7142857142857142,1.2535663410560178,-1.0,0,2,0,0
4013,2018-02-20,d1c427060a0f73f6b889a5c7c61f2ac4,1.0,2.0,3.0,2.0,0.0,1.8571428571428572,1.069044967649698,-1.0,1,2,0,0
4023,2018-02-21,d1c427060a0f73f6b889a5c7c61f2ac4,0.0,1.0,2.0,3.0,2.0,1.5714285714285714,1.272418020560704,-1.0,2,2,0,0
4033,2018-02-22,d1c427060a0f73f6b889a5c7c61f2ac4,1.0,0.0,1.0,2.0,3.0,1.2857142857142858,1.1126972805283741,1.0,3,2,0,0
4043,2018-02-23,d1c427060a0f73f6b889a5c7c61f2ac4,0.0,1.0,0.0,1.0,0.0,1.2857142857142858,1.1126972805283741,-1.0,4,2,0,0
4053,2018-02-24,d1c427060a0f73f6b889a5c7c61f2ac4,0.0,0.0,1.0,0.0,2.0,1.0,1.1547005383792521,0.0,5,2,1,0
4063,2018-02-25,d1c427060a0f73f6b889a5c7c61f2ac4,0.0,0.0,0.0,1.0,3.0,0.5714285714285714,0.786795792469444,0.0,6,2,1,0
4073,2018-02-26,d1c427060a0f73f6b889a5c7c61f2ac4,1.0,0.0,0.0,0.0,2.0,0.42857142857142855,0.53452248382485,1.0,0,2,0,0
4083,2018-02-27,d1c427060a0f73f6b889a5c7c61f2ac4,0.0,1.0,0.0,0.0,1.0,0.2857142857142857,0.487950036474268,-1.0,1,2,0,0
4093,2018-02-28,d1c427060a0f73f6b889a5c7c61f2ac4,1.0,0.0,1.0,0.0,0.0,0.42857142857142855,0.53452248382485,1.0,2,2,0,0
4103,2018-03-01,d1c427060a0f73f6b889a5c7c61f2ac4,3.0,1.0,0.0,1.0,1.0,0.7142857142857143,1.1126972805283741,2.0,3,3,0,0
4113,2018-03-02,d1c427060a0f73f6b889a5c7c61f2ac4,1.0,3.0,1.0,0.0,0.0,0.8571428571428571,1.069044967649698,-2.0,4,3,0,0
4123,2018-03-03,d1c427060a0f73f6b889a5c7c61f2ac4,3.0,1.0,3.0,1.0,0.0,1.2857142857142858,1.2535663410560178,2.0,5,3,1,0
4133,2018-03-04,d1c427060a0f73f6b889a5c7c61f2ac4,1.0,3.0,1.0,3.0,0.0,1.4285714285714286,1.133893419027682,-2.0,6,3,1,0
4143,2018-03-05,d1c427060a0f73f6b889a5c7c61f2ac4,2.0,1.0,3.0,1.0,1.0,1.5714285714285714,1.133893419027682,1.0,0,3,0,0
4153,2018-03-06,d1c427060a0f73f6b889a5c7c61f2ac4,4.0,2.0,1.0,3.0,0.0,2.142857142857143,1.2149857925879117,2.0,1,3,0,0
4163,2018-03-07,d1c427060a0f73f6b889a5c7c61f2ac4,0.0,4.0,2.0,1.0,1.0,2.0,1.4142135623730951,-4.0,2,3,0,0
4173,2018-03-08,d1c427060a0f73f6b889a5c7c61f2ac4,0.0,0.0,4.0,2.0,3.0,1.5714285714285714,1.511857892036909,0.0,3,3,0,0
4183,2018-03-09,d1c427060a0f73f6b889a5c7c61f2ac4,0.0,0.0,0.0,4.0,1.0,1.4285714285714286,1.6183471874253743,0.0,4,3,0,0
4193,2018-03-10,d1c427060a0f73f6b889a5c7c61f2ac4,0.0,0.0,0.0,0.0,3.0,1.0,1.527525231651947,0.0,5,3,1,0
4203,2018-03-11,d1c427060a0f73f6b889a5c7c61f2ac4,0.0,0.0,0.0,0.0,1.0,0.8571428571428571,1.5735915849388868,0.0,6,3,1,0
4213,2018-03-12,d1c427060a0f73f6b889a5c7c61f2ac4,0.0,0.0,0.0,0.0,2.0,0.5714285714285714,1.5118578920369097,0.0,0,3,0,0
4223,2018-03-13,d1c427060a0f73f6b889a5c7c61f2ac4,0.0,0.0,0.0,0.0,4.0,0.0,0.0,0.0,1,3,0,0
4233,2018-03-14,d1c427060a0f73f6b889a5c7c61f2ac4,4.0,0.0,0.0,0.0,0.0,0.5714285714285714,1.511857892036909,4.0,2,3,0,0
4243,2018-03-15,d1c427060a0f73f6b889a5c7c61f2ac4,0.0,4.0,0.0,0.0,0.0,0.5714285714285714,1.511857892036909,-4.0,3,3,0,0
4253,2018-03-16,d1c427060a0f73f6b889a5c7c61f2ac4,2.0,0.0,4.0,0.0,0.0,0.8571428571428571,1.5735915849388864,2.0,4,3,0,0
4263,2018-03-17,d1c427060a0f73f6b889a5c7c61f2ac4,0.0,2.0,0.0,4.0,0.0,0.8571428571428571,1.5735915849388864,-2.0,5,3,1,0
4273,2018-03-18,d1c427060a0f73f6b889a5c7c61f2ac4,2.0,0.0,2.0,0.0,0.0,1.1428571428571428,1.5735915849388864,2.0,6,3,1,0
4283,2018-03-19,d1c427060a0f73f6b889a5c7c61f2ac4,5.0,2.0,0.0,2.0,0.0,1.8571428571428572,2.0354009783964297,3.0,0,3,0,0
4293,2018-03-20,d1c427060a0f73f6b889a5c7c61f2ac4,3.0,5.0,2.0,0.0,0.0,2.2857142857142856,1.889822365046136,-2.0,1,3,0,0
4303,2018-03-21,d1c427060a0f73f6b889a5c7c61f2ac4,2.0,3.0,5.0,2.0,4.0,2.0,1.7320508075688772,-1.0,2,3,0,0
4313,2018-03-22,d1c427060a0f73f6b889a5c7c61f2ac4,0.0,2.0,3.0,5.0,0.0,2.0,1.7320508075688772,-2.0,3,3,0,0
4323,2018-03-23,d1c427060a0f73f6b889a5c7c61f2ac4,3.0,0.0,2.0,3.0,2.0,2.142857142857143,1.7728105208558367,3.0,4,3,0,0
4333,2018-03-24,d1c427060a0f73f6b889a5c7c61f2ac4,2.0,3.0,0.0,2.0,0.0,2.4285714285714284,1.5118578920369088,-1.0,5,3,1,0
4343,2018-03-25,d1c427060a0f73f6b889a5c7c61f2ac4,0.0,2.0,3.0,0.0,2.0,2.142857142857143,1.7728105208558367,-2.0,6,3,1,0
4353,2018-03-26,d1c427060a0f73f6b889a5c7c61f2ac4,2.0,0.0,2.0,3.0,5.0,1.7142857142857142,1.2535663410560176,2.0,0,3,0,0
4363,2018-03-27,d1c427060a0f73f6b889a5c7c61f2ac4,4.0,2.0,0.0,2.0,3.0,1.8571428571428572,1.4638501094227998,2.0,1,3,0,0
4373,2018-03-28,d1c427060a0f73f6b889a5c7c61f2ac4,0.0,4.0,2.0,0.0,2.0,1.5714285714285714,1.6183471874253743,-4.0,2,3,0,0
4383,2018-03-29,d1c427060a0f73f6b889a5c7c61f2ac4,1.0,0.0,4.0,2.0,0.0,1.7142857142857142,1.4960264830861913,1.0,3,3,0,0
4393,2018-03-30,d1c427060a0f73f6b889a5c7c61f2ac4,0.0,1.0,0.0,4.0,3.0,1.2857142857142858,1.4960264830861916,-1.0,4,3,0,0
4403,2018-03-31,d1c427060a0f73f6b889a5c7c61f2ac4,0.0,0.0,1.0,0.0,2.0,1.0,1.5275252316519472,0.0,5,3,1,0
4413,2018-04-01,d1c427060a0f73f6b889a5c7c61f2ac4,2.0,0.0,0.0,1.0,0.0,1.2857142857142858,1.4960264830861918,2.0,6,4,1,0
4423,2018-04-02,d1c427060a0f73f6b889a5c7c61f2ac4,1.0,2.0,0.0,0.0,2.0,1.1428571428571428,1.4638501094228002,-1.0,0,4,0,0
4433,2018-04-03,d1c427060a0f73f6b889a5c7c61f2ac4,1.0,1.0,2.0,0.0,4.0,0.7142857142857143,0.7559289460184561,0.0,1,4,0,0
4443,2018-04-04,d1c427060a0f73f6b889a5c7c61f2ac4,1.0,1.0,1.0,2.0,0.0,0.8571428571428571,0.6900655593423558,0.0,2,4,0,0
4453,2018-04-05,d1c427060a0f73f6b889a5c7c61f2ac4,1.0,1.0,1.0,1.0,1.0,0.8571428571428571,0.6900655593423558,0.0,3,4,0,0
4463,2018-04-06,d1c427060a0f73f6b889a5c7c61f2ac4,0.0,1.0,1.0,1.0,0.0,0.8571428571428571,0.6900655593423558,-1.0,4,4,0,0
4473,2018-04-07,d1c427060a0f73f6b889a5c7c61f2ac4,1.0,0.0,1.0,1.0,0.0,1.0,0.5773502691896274,1.0,5,4,1,0
4483,2018-04-08,d1c427060a0f73f6b889a5c7c61f2ac4,2.0,1.0,0.0,1.0,2.0,1.0,0.5773502691896274,1.0,6,4,1,0
4493,2018-04-09,d1c427060a0f73f6b889a5c7c61f2ac4,1.0,2.0,1.0,0.0,1.0,1.0,0.5773502691896274,-1.0,0,4,0,0
4503,2018-04-10,d1c427060a0f73f6b889a5c7c61f2ac4,0.0,1.0,2.0,1.0,1.0,0.8571428571428571,0.6900655593423558,-1.0,1,4,0,0
4513,2018-04-11,d1c427060a0f73f6b889a5c7c61f2ac4,1.0,0.0,1.0,2.0,1.0,0.8571428571428571,0.6900655593423558,1.0,2,4,0,0
4523,2018-04-12,d1c427060a0f73f6b889a5c7c61f2ac4,2.0,1.0,0.0,1.0,1.0,1.0,0.8164965809277273,1.0,3,4,0,0
4533,2018-04-13,d1c427060a0f73f6b889a5c7c61f2ac4,1.0,2.0,1.0,0.0,0.0,1.1428571428571428,0.6900655593423555,-1.0,4,4,0,0
4543,2018-04-14,d1c427060a0f73f6b889a5c7c61f2ac4,2.0,1.0,2.0,1.0,1.0,1.2857142857142858,0.7559289460184555,1.0,5,4,1,0
4553,2018-04-15,d1c427060a0f73f6b889a5c7c61f2ac4,0.0,2.0,1.0,2.0,2.0,1.0,0.8164965809277273,-2.0,6,4,1,0
4563,2018-04-16,d1c427060a0f73f6b889a5c7c61f2ac4,4.0,0.0,2.0,1.0,1.0,1.4285714285714286,1.3972762620115442,4.0,0,4,0,0
4573,2018-04-17,d1c427060a0f73f6b889a5c7c61f2ac4,4.0,4.0,0.0,2.0,0.0,2.0,1.5275252316519468,0.0,1,4,0,0
4583,2018-04-18,d1c427060a0f73f6b889a5c7c61f2ac4,6.0,4.0,4.0,0.0,1.0,2.7142857142857144,2.0586634591635513,2.0,2,4,0,0
4593,2018-04-19,d1c427060a0f73f6b889a5c7c61f2ac4,5.0,6.0,4.0,4.0,2.0,3.142857142857143,2.1930626551751344,-1.0,3,4,0,0
4603,2018-04-20,d1c427060a0f73f6b889a5c7c61f2ac4,0.0,5.0,6.0,4.0,1.0,3.0,2.3804761428476167,-5.0,4,4,0,0
4613,2018-04-21,d1c427060a0f73f6b889a5c7c61f2ac4,0.0,0.0,5.0,6.0,2.0,2.7142857142857144,2.627691364061218,0.0,5,4,1,0
4623,2018-04-22,d1c427060a0f73f6b889a5c7c61f2ac4,1.0,0.0,0.0,5.0,0.0,2.857142857142857,2.4784787961282104,1.0,6,4,1,0
4633,2018-04-23,d1c427060a0f73f6b889a5c7c61f2ac4,2.0,1.0,0.0,0.0,4.0,2.5714285714285716,2.439750182371333,1.0,0,4,0,0
4643,2018-04-24,d1c427060a0f73f6b889a5c7c61f2ac4,4.0,2.0,1.0,0.0,4.0,2.5714285714285716,2.439750182371333,2.0,1,4,0,0
4653,2018-04-25,d1c427060a0f73f6b889a5c7c61f2ac4,2.0,4.0,2.0,1.0,6.0,2.0,1.9148542155126755,-2.0,2,4,0,0
4663,2018-04-26,d1c427060a0f73f6b889a5c7c61f2ac4,1.0,2.0,4.0,2.0,5.0,1.4285714285714286,1.3972762620115426,-1.0,3,4,0,0
4673,2018-04-27,d1c427060a0f73f6b889a5c7c61f2ac4,2.0,1.0,2.0,4.0,0.0,1.7142857142857142,1.2535663410560163,1.0,4,4,0,0
4683,2018-04-28,d1c427060a0f73f6b889a5c7c61f2ac4,3.0,2.0,1.0,2.0,0.0,2.142857142857143,1.0690449676496967,1.0,5,4,1,0
4693,2018-04-29,d1c427060a0f73f6b889a5c7c61f2ac4,1.0,3.0,2.0,1.0,1.0,2.142857142857143,1.0690449676496967,-2.0,6,4,1,0
4703,2018-04-30,d1c427060a0f73f6b889a5c7c61f2ac4,5.0,1.0,3.0,2.0,2.0,2.5714285714285716,1.5118578920369086,4.0,0,4,0,0
4713,2018-05-01,d1c427060a0f73f6b889a5c7c61f2ac4,0.0,5.0,1.0,3.0,4.0,2.0,1.6329931618554514,-5.0,1,5,0,0
4723,2018-05-02,d1c427060a0f73f6b889a5c7c61f2ac4,4.0,0.0,5.0,1.0,2.0,2.2857142857142856,1.7994708216848743,4.0,2,5,0,0
4733,2018-05-03,d1c427060a0f73f6b889a5c7c61f2ac4,1.0,4.0,0.0,5.0,1.0,2.2857142857142856,1.7994708216848743,-3.0,3,5,0,0
4743,2018-05-04,d1c427060a0f73f6b889a5c7c61f2ac4,3.0,1.0,4.0,0.0,2.0,2.4285714285714284,1.8126539343499313,2.0,4,5,0,0
4753,2018-05-05,d1c427060a0f73f6b889a5c7c61f2ac4,1.0,3.0,1.0,4.0,3.0,2.142857142857143,1.8644544714716085,-2.0,5,5,1,0
4763,2018-05-06,d1c427060a0f73f6b889a5c7c61f2ac4,1.0,1.0,3.0,1.0,1.0,2.142857142857143,1.8644544714716085,0.0,6,5,1,0
4773,2018-05-07,d1c427060a0f73f6b889a5c7c61f2ac4,2.0,1.0,1.0,3.0,5.0,1.7142857142857142,1.3801311186847076,1.0,0,5,0,0
4783,2018-05-08,d1c427060a0f73f6b889a5c7c61f2ac4,0.0,2.0,1.0,1.0,0.0,1.7142857142857142,1.3801311186847076,-2.0,1,5,0,0
4793,2018-05-09,d1c427060a0f73f6b889a5c7c61f2ac4,2.0,0.0,2.0,1.0,4.0,1.4285714285714286,0.9759000729485318,2.0,2,5,0,0
4803,2018-05-10,d1c427060a0f73f6b889a5c7c61f2ac4,1.0,2.0,0.0,2.0,1.0,1.4285714285714286,0.9759000729485318,-1.0,3,5,0,0
4813,2018-05-11,d1c427060a0f73f6b889a5c7c61f2ac4,0.0,1.0,2.0,0.0,3.0,1.0,0.8164965809277239,-1.0,4,5,0,0
4823,2018-05-12,d1c427060a0f73f6b889a5c7c61f2ac4,2.0,0.0,1.0,2.0,1.0,1.1428571428571428,0.8997354108424356,2.0,5,5,1,0
4833,2018-05-13,d1c427060a0f73f6b889a5c7c61f2ac4,0.0,2.0,0.0,1.0,1.0,1.0,0.9999999999999982,-2.0,6,5,1,0
4843,2018-05-14,d1c427060a0f73f6b889a5c7c61f2ac4,4.0,0.0,2.0,0.0,2.0,1.2857142857142858,1.4960264830861902,4.0,0,5,0,0
4853,2018-05-15,d1c427060a0f73f6b889a5c7c61f2ac4,1.0,4.0,0.0,2.0,0.0,1.4285714285714286,1.3972762620115426,-3.0,1,5,0,0
4863,2018-05-16,d1c427060a0f73f6b889a5c7c61f2ac4,0.0,1.0,4.0,0.0,2.0,1.1428571428571428,1.4638501094227985,-1.0,2,5,0,0
4873,2018-05-17,d1c427060a0f73f6b889a5c7c61f2ac4,0.0,0.0,1.0,4.0,1.0,1.0,1.5275252316519456,0.0,3,5,0,0
4883,2018-05-18,d1c427060a0f73f6b889a5c7c61f2ac4,0.0,0.0,0.0,1.0,0.0,1.0,1.5275252316519456,0.0,4,5,0,0
4893,2018-05-19,d1c427060a0f73f6b889a5c7c61f2ac4,1.0,0.0,0.0,0.0,2.0,0.8571428571428571,1.4638501094227985,1.0,5,5,1,0
4903,2018-05-20,d1c427060a0f73f6b889a5c7c61f2ac4,0.0,1.0,0.0,0.0,0.0,0.8571428571428571,1.4638501094227985,-1.0,6,5,1,0
4913,2018-05-21,d1c427060a0f73f6b889a5c7c61f2ac4,1.0,0.0,1.0,0.0,4.0,0.42857142857142855,0.5345224838248448,1.0,0,5,0,0
4923,2018-05-22,d1c427060a0f73f6b889a5c7c61f2ac4,0.0,1.0,0.0,1.0,1.0,0.2857142857142857,0.4879500364742621,-1.0,1,5,0,0
4933,2018-05-23,d1c427060a0f73f6b889a5c7c61f2ac4,0.0,0.0,1.0,0.0,0.0,0.2857142857142857,0.4879500364742621,0.0,2,5,0,0
4943,2018-05-24,d1c427060a0f73f6b889a5c7c61f2ac4,0.0,0.0,0.0,1.0,0.0,0.2857142857142857,0.4879500364742621,0.0,3,5,0,0
4953,2018-05-25,d1c427060a0f73f6b889a5c7c61f2ac4,0.0,0.0,0.0,0.0,0.0,0.2857142857142857,0.4879500364742621,0.0,4,5,0,0
4963,2018-05-26,d1c427060a0f73f6b889a5c7c61f2ac4,0.0,0.0,0.0,0.0,1.0,0.14285714285714285,0.37796447300922115,0.0,5,5,1,0
4973,2018-05-27,d1c427060a0f73f6b889a5c7c61f2ac4,0.0,0.0,0.0,0.0,0.0,0.14285714285714285,0.37796447300922115,0.0,6,5,1,0
4983,2018-05-28,d1c427060a0f73f6b889a5c7c61f2ac4,0.0,0.0,0.0,0.0,1.0,0.0,0.0,0.0,0,5,0,0
4993,2018-05-29,d1c427060a0f73f6b889a5c7c61f2ac4,0.0,0.0,0.0,0.0,0.0,0.0,0.0,0.0,1,5,0,0
5003,2018-05-30,d1c427060a0f73f6b889a5c7c61f2ac4,1.0,0.0,0.0,0.0,0.0,0.14285714285714285,0.37796447300922725,1.0,2,5,0,0
5013,2018-05-31,d1c427060a0f73f6b889a5c7c61f2ac4,0.0,1.0,0.0,0.0,0.0,0.14285714285714285,0.37796447300922725,-1.0,3,5,0,0
5023,2018-06-01,d1c427060a0f73f6b889a5c7c61f2ac4,0.0,0.0,1.0,0.0,0.0,0.14285714285714285,0.37796447300922725,0.0,4,6,0,0
5033,2018-06-02,d1c427060a0f73f6b889a5c7c61f2ac4,0.0,0.0,0.0,1.0,0.0,0.14285714285714285,0.37796447300922725,0.0,5,6,1,0
5043,2018-06-03,d1c427060a0f73f6b889a5c7c61f2ac4,0.0,0.0,0.0,0.0,0.0,0.14285714285714285,0.37796447300922725,0.0,6,6,1,0
5053,2018-06-04,d1c427060a0f73f6b889a5c7c61f2ac4,3.0,0.0,0.0,0.0,0.0,0.5714285714285714,1.1338934190276817,3.0,0,6,0,0
5063,2018-06-05,d1c427060a0f73f6b889a5c7c61f2ac4,0.0,3.0,0.0,0.0,0.0,0.5714285714285714,1.1338934190276817,-3.0,1,6,0,0
5073,2018-06-06,d1c427060a0f73f6b889a5c7c61f2ac4,1.0,0.0,3.0,0.0,1.0,0.5714285714285714,1.1338934190276817,1.0,2,6,0,0
5083,2018-06-07,d1c427060a0f73f6b889a5c7c61f2ac4,3.0,1.0,0.0,3.0,0.0,1.0,1.4142135623730951,2.0,3,6,0,0
5093,2018-06-08,d1c427060a0f73f6b889a5c7c61f2ac4,1.0,3.0,1.0,0.0,0.0,1.1428571428571428,1.3451854182690985,-2.0,4,6,0,0
5103,2018-06-09,d1c427060a0f73f6b889a5c7c61f2ac4,2.0,1.0,3.0,1.0,0.0,1.4285714285714286,1.2724180205607036,1.0,5,6,1,0
5113,2018-06-10,d1c427060a0f73f6b889a5c7c61f2ac4,0.0,2.0,1.0,3.0,0.0,1.4285714285714286,1.2724180205607036,-2.0,6,6,1,0
5123,2018-06-11,d1c427060a0f73f6b889a5c7c61f2ac4,1.0,0.0,2.0,1.0,3.0,1.1428571428571428,1.0690449676496976,1.0,0,6,0,0
5133,2018-06-12,d1c427060a0f73f6b889a5c7c61f2ac4,5.0,1.0,0.0,2.0,0.0,1.8571428571428572,1.6761634196950517,4.0,1,6,0,0
5143,2018-06-13,d1c427060a0f73f6b889a5c7c61f2ac4,0.0,5.0,1.0,0.0,1.0,1.7142857142857142,1.799470821684875,-5.0,2,6,0,0
5153,2018-06-14,d1c427060a0f73f6b889a5c7c61f2ac4,0.0,0.0,5.0,1.0,3.0,1.2857142857142858,1.799470821684875,0.0,3,6,0,0
5163,2018-06-15,d1c427060a0f73f6b889a5c7c61f2ac4,0.0,0.0,0.0,5.0,1.0,1.1428571428571428,1.8644544714716091,0.0,4,6,0,0
5173,2018-06-16,d1c427060a0f73f6b889a5c7c61f2ac4,2.0,0.0,0.0,0.0,2.0,1.1428571428571428,1.8644544714716091,2.0,5,6,1,0
5183,2018-06-17,d1c427060a0f73f6b889a5c7c61f2ac4,0.0,2.0,0.0,0.0,0.0,1.1428571428571428,1.8644544714716091,-2.0,6,6,1,0
5193,2018-06-18,d1c427060a0f73f6b889a5c7c61f2ac4,0.0,0.0,2.0,0.0,1.0,1.0,1.9148542155126764,0.0,0,6,0,0
5203,2018-06-19,d1c427060a0f73f6b889a5c7c61f2ac4,1.0,0.0,0.0,2.0,5.0,0.42857142857142855,0.7867957924694441,1.0,1,6,0,0
5213,2018-06-20,d1c427060a0f73f6b889a5c7c61f2ac4,2.0,1.0,0.0,0.0,0.0,0.7142857142857143,0.9511897312113425,1.0,2,6,0,0
5223,2018-06-21,d1c427060a0f73f6b889a5c7c61f2ac4,2.0,2.0,1.0,0.0,0.0,1.0,1.0000000000000004,0.0,3,6,0,0
5233,2018-06-22,d1c427060a0f73f6b889a5c7c61f2ac4,0.0,2.0,2.0,1.0,0.0,1.0,1.0000000000000004,-2.0,4,6,0,0
5243,2018-06-23,d1c427060a0f73f6b889a5c7c61f2ac4,0.0,0.0,2.0,2.0,2.0,0.7142857142857143,0.9511897312113425,0.0,5,6,1,0
5253,2018-06-24,d1c427060a0f73f6b889a5c7c61f2ac4,1.0,0.0,0.0,2.0,0.0,0.8571428571428571,0.899735410842438,1.0,6,6,1,0
5263,2018-06-25,d1c427060a0f73f6b889a5c7c61f2ac4,1.0,1.0,0.0,0.0,0.0,1.0,0.8164965809277268,0.0,0,6,0,0
5273,2018-06-26,d1c427060a0f73f6b889a5c7c61f2ac4,0.0,1.0,1.0,0.0,1.0,0.8571428571428571,0.899735410842438,-1.0,1,6,0,0
5283,2018-06-27,d1c427060a0f73f6b889a5c7c61f2ac4,1.0,0.0,1.0,1.0,2.0,0.7142857142857143,0.7559289460184554,1.0,2,6,0,0
5293,2018-06-28,d1c427060a0f73f6b889a5c7c61f2ac4,0.0,1.0,0.0,1.0,2.0,0.42857142857142855,0.5345224838248501,-1.0,3,6,0,0
5303,2018-06-29,d1c427060a0f73f6b889a5c7c61f2ac4,1.0,0.0,1.0,0.0,0.0,0.5714285714285714,0.53452248382485,1.0,4,6,0,0
5313,2018-06-30,d1c427060a0f73f6b889a5c7c61f2ac4,0.0,1.0,0.0,1.0,0.0,0.5714285714285714,0.53452248382485,-1.0,5,6,1,0
5323,2018-07-01,d1c427060a0f73f6b889a5c7c61f2ac4,0.0,0.0,1.0,0.0,1.0,0.42857142857142855,0.53452248382485,0.0,6,7,1,0
5333,2018-07-02,d1c427060a0f73f6b889a5c7c61f2ac4,0.0,0.0,0.0,1.0,1.0,0.2857142857142857,0.4879500364742681,0.0,0,7,0,0
5343,2018-07-03,d1c427060a0f73f6b889a5c7c61f2ac4,0.0,0.0,0.0,0.0,0.0,0.2857142857142857,0.4879500364742681,0.0,1,7,0,0
5353,2018-07-04,d1c427060a0f73f6b889a5c7c61f2ac4,1.0,0.0,0.0,0.0,1.0,0.2857142857142857,0.4879500364742681,1.0,2,7,0,0
5363,2018-07-05,d1c427060a0f73f6b889a5c7c61f2ac4,0.0,1.0,0.0,0.0,0.0,0.2857142857142857,0.4879500364742681,-1.0,3,7,0,0
5373,2018-07-06,d1c427060a0f73f6b889a5c7c61f2ac4,0.0,0.0,1.0,0.0,1.0,0.14285714285714285,0.37796447300922914,0.0,4,7,0,0
5383,2018-07-07,d1c427060a0f73f6b889a5c7c61f2ac4,0.0,0.0,0.0,1.0,0.0,0.14285714285714285,0.37796447300922914,0.0,5,7,1,0
5393,2018-07-08,d1c427060a0f73f6b889a5c7c61f2ac4,0.0,0.0,0.0,0.0,0.0,0.14285714285714285,0.37796447300922914,0.0,6,7,1,0
5403,2018-07-09,d1c427060a0f73f6b889a5c7c61f2ac4,0.0,0.0,0.0,0.0,0.0,0.14285714285714285,0.37796447300922914,0.0,0,7,0,0
5413,2018-07-10,d1c427060a0f73f6b889a5c7c61f2ac4,0.0,0.0,0.0,0.0,0.0,0.14285714285714285,0.37796447300922914,0.0,1,7,0,0
5423,2018-07-11,d1c427060a0f73f6b889a5c7c61f2ac4,0.0,0.0,0.0,0.0,1.0,0.0,0.0,0.0,2,7,0,0
5433,2018-07-12,d1c427060a0f73f6b889a5c7c61f2ac4,0.0,0.0,0.0,0.0,0.0,0.0,0.0,0.0,3,7,0,0
5443,2018-07-13,d1c427060a0f73f6b889a5c7c61f2ac4,1.0,0.0,0.0,0.0,0.0,0.14285714285714285,0.37796447300922725,1.0,4,7,0,0
5453,2018-07-14,d1c427060a0f73f6b889a5c7c61f2ac4,0.0,1.0,0.0,0.0,0.0,0.14285714285714285,0.37796447300922725,-1.0,5,7,1,0
5463,2018-07-15,d1c427060a0f73f6b889a5c7c61f2ac4,0.0,0.0,1.0,0.0,0.0,0.14285714285714285,0.37796447300922725,0.0,6,7,1,0
5473,2018-07-16,d1c427060a0f73f6b889a5c7c61f2ac4,1.0,0.0,0.0,1.0,0.0,0.2857142857142857,0.4879500364742666,1.0,0,7,0,0
5483,2018-07-17,d1c427060a0f73f6b889a5c7c61f2ac4,2.0,1.0,0.0,0.0,0.0,0.5714285714285714,0.7867957924694432,1.0,1,7,0,0
5493,2018-07-18,d1c427060a0f73f6b889a5c7c61f2ac4,0.0,2.0,1.0,0.0,0.0,0.5714285714285714,0.7867957924694432,-2.0,2,7,0,0
5503,2018-07-19,d1c427060a0f73f6b889a5c7c61f2ac4,0.0,0.0,2.0,1.0,0.0,0.5714285714285714,0.7867957924694432,0.0,3,7,0,0
5513,2018-07-20,d1c427060a0f73f6b889a5c7c61f2ac4,0.0,0.0,0.0,2.0,1.0,0.42857142857142855,0.7867957924694432,0.0,4,7,0,0
5523,2018-07-21,d1c427060a0f73f6b889a5c7c61f2ac4,0.0,0.0,0.0,0.0,0.0,0.42857142857142855,0.7867957924694432,0.0,5,7,1,0
5533,2018-07-22,d1c427060a0f73f6b889a5c7c61f2ac4,0.0,0.0,0.0,0.0,0.0,0.42857142857142855,0.7867957924694432,0.0,6,7,1,0
5543,2018-07-23,d1c427060a0f73f6b889a5c7c61f2ac4,0.0,0.0,0.0,0.0,1.0,0.2857142857142857,0.7559289460184545,0.0,0,7,0,0
5553,2018-07-24,d1c427060a0f73f6b889a5c7c61f2ac4,0.0,0.0,0.0,0.0,2.0,0.0,0.0,0.0,1,7,0,0
5563,2018-07-25,d1c427060a0f73f6b889a5c7c61f2ac4,0.0,0.0,0.0,0.0,0.0,0.0,0.0,0.0,2,7,0,0
5573,2018-07-26,d1c427060a0f73f6b889a5c7c61f2ac4,3.0,0.0,0.0,0.0,0.0,0.42857142857142855,1.1338934190276817,3.0,3,7,0,0
5583,2018-07-27,d1c427060a0f73f6b889a5c7c61f2ac4,0.0,3.0,0.0,0.0,0.0,0.42857142857142855,1.1338934190276817,-3.0,4,7,0,0
5593,2018-07-28,d1c427060a0f73f6b889a5c7c61f2ac4,1.0,0.0,3.0,0.0,0.0,0.5714285714285714,1.1338934190276817,1.0,5,7,1,0
5603,2018-07-29,d1c427060a0f73f6b889a5c7c61f2ac4,0.0,1.0,0.0,3.0,0.0,0.5714285714285714,1.1338934190276817,-1.0,6,7,1,0
5613,2018-07-30,d1c427060a0f73f6b889a5c7c61f2ac4,0.0,0.0,1.0,0.0,0.0,0.5714285714285714,1.1338934190276817,0.0,0,7,0,0
5623,2018-07-31,d1c427060a0f73f6b889a5c7c61f2ac4,0.0,0.0,0.0,1.0,0.0,0.5714285714285714,1.1338934190276817,0.0,1,7,0,0
5633,2018-08-01,d1c427060a0f73f6b889a5c7c61f2ac4,0.0,0.0,0.0,0.0,0.0,0.5714285714285714,1.1338934190276817,0.0,2,8,0,0
5643,2018-08-02,d1c427060a0f73f6b889a5c7c61f2ac4,0.0,0.0,0.0,0.0,3.0,0.14285714285714285,0.37796447300922714,0.0,3,8,0,0
5653,2018-08-03,d1c427060a0f73f6b889a5c7c61f2ac4,1.0,0.0,0.0,0.0,0.0,0.2857142857142857,0.48795003647426655,1.0,4,8,0,0
5663,2018-08-04,d1c427060a0f73f6b889a5c7c61f2ac4,0.0,1.0,0.0,0.0,1.0,0.14285714285714285,0.37796447300922714,-1.0,5,8,1,0
5673,2018-08-05,d1c427060a0f73f6b889a5c7c61f2ac4,1.0,0.0,1.0,0.0,0.0,0.2857142857142857,0.48795003647426655,1.0,6,8,1,0
5683,2018-08-06,d1c427060a0f73f6b889a5c7c61f2ac4,0.0,1.0,0.0,1.0,0.0,0.2857142857142857,0.48795003647426655,-1.0,0,8,0,0
5693,2018-08-07,d1c427060a0f73f6b889a5c7c61f2ac4,3.0,0.0,1.0,0.0,0.0,0.7142857142857143,1.1126972805283737,3.0,1,8,0,0
5703,2018-08-08,d1c427060a0f73f6b889a5c7c61f2ac4,0.0,3.0,0.0,1.0,0.0,0.7142857142857143,1.1126972805283737,-3.0,2,8,0,0
5713,2018-08-09,d1c427060a0f73f6b889a5c7c61f2ac4,0.0,0.0,3.0,0.0,0.0,0.7142857142857143,1.1126972805283737,0.0,3,8,0,0
5723,2018-08-10,d1c427060a0f73f6b889a5c7c61f2ac4,0.0,0.0,0.0,3.0,1.0,0.5714285714285714,1.1338934190276817,0.0,4,8,0,0
5733,2018-08-11,d1c427060a0f73f6b889a5c7c61f2ac4,0.0,0.0,0.0,0.0,0.0,0.5714285714285714,1.1338934190276817,0.0,5,8,1,0
5743,2018-08-12,d1c427060a0f73f6b889a5c7c61f2ac4,1.0,0.0,0.0,0.0,1.0,0.5714285714285714,1.1338934190276817,1.0,6,8,1,0
5753,2018-08-13,d1c427060a0f73f6b889a5c7c61f2ac4,1.0,1.0,0.0,0.0,0.0,0.7142857142857143,1.1126972805283737,0.0,0,8,0,0
5763,2018-08-14,d1c427060a0f73f6b889a5c7c61f2ac4,1.0,1.0,1.0,0.0,3.0,0.42857142857142855,0.5345224838248487,0.0,1,8,0,0
5773,2018-08-15,d1c427060a0f73f6b889a5c7c61f2ac4,0.0,1.0,1.0,1.0,0.0,0.42857142857142855,0.5345224838248487,-1.0,2,8,0,0
5783,2018-08-16,d1c427060a0f73f6b889a5c7c61f2ac4,0.0,0.0,1.0,1.0,0.0,0.42857142857142855,0.5345224838248487,0.0,3,8,0,0
5793,2018-08-17,d1c427060a0f73f6b889a5c7c61f2ac4,0.0,0.0,0.0,1.0,0.0,0.42857142857142855,0.5345224838248487,0.0,4,8,0,0
5803,2018-08-18,d1c427060a0f73f6b889a5c7c61f2ac4,0.0,0.0,0.0,0.0,0.0,0.42857142857142855,0.5345224838248487,0.0,5,8,1,0
5813,2018-08-19,d1c427060a0f73f6b889a5c7c61f2ac4,0.0,0.0,0.0,0.0,1.0,0.2857142857142857,0.48795003647426655,0.0,6,8,1,0
5823,2018-08-20,d1c427060a0f73f6b889a5c7c61f2ac4,1.0,0.0,0.0,0.0,1.0,0.2857142857142857,0.48795003647426655,1.0,0,8,0,0
5833,2018-08-21,d1c427060a0f73f6b889a5c7c61f2ac4,0.0,1.0,0.0,0.0,1.0,0.14285714285714285,0.3779644730092271,-1.0,1,8,0,0
5843,2018-08-22,d1c427060a0f73f6b889a5c7c61f2ac4,1.0,0.0,1.0,0.0,0.0,0.2857142857142857,0.48795003647426655,1.0,2,8,0,0
5853,2018-08-23,d1c427060a0f73f6b889a5c7c61f2ac4,0.0,1.0,0.0,1.0,0.0,0.2857142857142857,0.48795003647426655,-1.0,3,8,0,0
5863,2018-08-24,d1c427060a0f73f6b889a5c7c61f2ac4,0.0,0.0,1.0,0.0,0.0,0.2857142857142857,0.48795003647426655,0.0,4,8,0,0
5873,2018-08-25,d1c427060a0f73f6b889a5c7c61f2ac4,0.0,0.0,0.0,1.0,0.0,0.2857142857142857,0.48795003647426655,0.0,5,8,1,0
5883,2018-08-26,d1c427060a0f73f6b889a5c7c61f2ac4,0.0,0.0,0.0,0.0,0.0,0.2857142857142857,0.48795003647426655,0.0,6,8,1,0
72,2017-01-22,d6160fb7873f184099d9bc95e30376af,0.0,0.0,0.0,0.0,0.0,0.0,0.0,0.0,6,1,1,0
82,2017-01-23,d6160fb7873f184099d9bc95e30376af,0.0,0.0,0.0,0.0,0.0,0.0,0.0,0.0,0,1,0,0
92,2017-01-24,d6160fb7873f184099d9bc95e30376af,0.0,0.0,0.0,0.0,0.0,0.0,0.0,0.0,1,1,0,0
102,2017-01-25,d6160fb7873f184099d9bc95e30376af,0.0,0.0,0.0,0.0,0.0,0.0,0.0,0.0,2,1,0,0
112,2017-01-26,d6160fb7873f184099d9bc95e30376af,0.0,0.0,0.0,0.0,0.0,0.0,0.0,0.0,3,1,0,0
122,2017-01-27,d6160fb7873f184099d9bc95e30376af,0.0,0.0,0.0,0.0,0.0,0.0,0.0,0.0,4,1,0,0
132,2017-01-28,d6160fb7873f184099d9bc95e30376af,0.0,0.0,0.0,0.0,0.0,0.0,0.0,0.0,5,1,1,0
142,2017-01-29,d6160fb7873f184099d9bc95e30376af,0.0,0.0,0.0,0.0,0.0,0.0,0.0,0.0,6,1,1,0
152,2017-01-30,d6160fb7873f184099d9bc95e30376af,0.0,0.0,0.0,0.0,0.0,0.0,0.0,0.0,0,1,0,0
162,2017-01-31,d6160fb7873f184099d9bc95e30376af,0.0,0.0,0.0,0.0,0.0,0.0,0.0,0.0,1,1,0,0
172,2017-02-01,d6160fb7873f184099d9bc95e30376af,0.0,0.0,0.0,0.0,0.0,0.0,0.0,0.0,2,2,0,0
182,2017-02-02,d6160fb7873f184099d9bc95e30376af,0.0,0.0,0.0,0.0,0.0,0.0,0.0,0.0,3,2,0,0
192,2017-02-03,d6160fb7873f184099d9bc95e30376af,0.0,0.0,0.0,0.0,0.0,0.0,0.0,0.0,4,2,0,0
202,2017-02-04,d6160fb7873f184099d9bc95e30376af,0.0,0.0,0.0,0.0,0.0,0.0,0.0,0.0,5,2,1,0
212,2017-02-05,d6160fb7873f184099d9bc95e30376af,0.0,0.0,0.0,0.0,0.0,0.0,0.0,0.0,6,2,1,0
222,2017-02-06,d6160fb7873f184099d9bc95e30376af,0.0,0.0,0.0,0.0,0.0,0.0,0.0,0.0,0,2,0,0
232,2017-02-07,d6160fb7873f184099d9bc95e30376af,0.0,0.0,0.0,0.0,0.0,0.0,0.0,0.0,1,2,0,0
242,2017-02-08,d6160fb7873f184099d9bc95e30376af,0.0,0.0,0.0,0.0,0.0,0.0,0.0,0.0,2,2,0,0
252,2017-02-09,d6160fb7873f184099d9bc95e30376af,0.0,0.0,0.0,0.0,0.0,0.0,0.0,0.0,3,2,0,0
262,2017-02-10,d6160fb7873f184099d9bc95e30376af,0.0,0.0,0.0,0.0,0.0,0.0,0.0,0.0,4,2,0,0
272,2017-02-11,d6160fb7873f184099d9bc95e30376af,0.0,0.0,0.0,0.0,0.0,0.0,0.0,0.0,5,2,1,0
282,2017-02-12,d6160fb7873f184099d9bc95e30376af,0.0,0.0,0.0,0.0,0.0,0.0,0.0,0.0,6,2,1,0
292,2017-02-13,d6160fb7873f184099d9bc95e30376af,0.0,0.0,0.0,0.0,0.0,0.0,0.0,0.0,0,2,0,0
302,2017-02-14,d6160fb7873f184099d9bc95e30376af,0.0,0.0,0.0,0.0,0.0,0.0,0.0,0.0,1,2,0,0
312,2017-02-15,d6160fb7873f184099d9bc95e30376af,0.0,0.0,0.0,0.0,0.0,0.0,0.0,0.0,2,2,0,0
322,2017-02-16,d6160fb7873f184099d9bc95e30376af,0.0,0.0,0.0,0.0,0.0,0.0,0.0,0.0,3,2,0,0
332,2017-02-17,d6160fb7873f184099d9bc95e30376af,0.0,0.0,0.0,0.0,0.0,0.0,0.0,0.0,4,2,0,0
342,2017-02-18,d6160fb7873f184099d9bc95e30376af,0.0,0.0,0.0,0.0,0.0,0.0,0.0,0.0,5,2,1,0
352,2017-02-19,d6160fb7873f184099d9bc95e30376af,0.0,0.0,0.0,0.0,0.0,0.0,0.0,0.0,6,2,1,0
362,2017-02-20,d6160fb7873f184099d9bc95e30376af,0.0,0.0,0.0,0.0,0.0,0.0,0.0,0.0,0,2,0,0
372,2017-02-21,d6160fb7873f184099d9bc95e30376af,0.0,0.0,0.0,0.0,0.0,0.0,0.0,0.0,1,2,0,0
382,2017-02-22,d6160fb7873f184099d9bc95e30376af,0.0,0.0,0.0,0.0,0.0,0.0,0.0,0.0,2,2,0,0
392,2017-02-23,d6160fb7873f184099d9bc95e30376af,0.0,0.0,0.0,0.0,0.0,0.0,0.0,0.0,3,2,0,0
402,2017-02-24,d6160fb7873f184099d9bc95e30376af,0.0,0.0,0.0,0.0,0.0,0.0,0.0,0.0,4,2,0,0
412,2017-02-25,d6160fb7873f184099d9bc95e30376af,0.0,0.0,0.0,0.0,0.0,0.0,0.0,0.0,5,2,1,0
422,2017-02-26,d6160fb7873f184099d9bc95e30376af,0.0,0.0,0.0,0.0,0.0,0.0,0.0,0.0,6,2,1,0
432,2017-02-27,d6160fb7873f184099d9bc95e30376af,0.0,0.0,0.0,0.0,0.0,0.0,0.0,0.0,0,2,0,0
442,2017-02-28,d6160fb7873f184099d9bc95e30376af,0.0,0.0,0.0,0.0,0.0,0.0,0.0,0.0,1,2,0,0
452,2017-03-01,d6160fb7873f184099d9bc95e30376af,0.0,0.0,0.0,0.0,0.0,0.0,0.0,0.0,2,3,0,0
462,2017-03-02,d6160fb7873f184099d9bc95e30376af,0.0,0.0,0.0,0.0,0.0,0.0,0.0,0.0,3,3,0,0
472,2017-03-03,d6160fb7873f184099d9bc95e30376af,0.0,0.0,0.0,0.0,0.0,0.0,0.0,0.0,4,3,0,0
482,2017-03-04,d6160fb7873f184099d9bc95e30376af,0.0,0.0,0.0,0.0,0.0,0.0,0.0,0.0,5,3,1,0
492,2017-03-05,d6160fb7873f184099d9bc95e30376af,0.0,0.0,0.0,0.0,0.0,0.0,0.0,0.0,6,3,1,0
502,2017-03-06,d6160fb7873f184099d9bc95e30376af,0.0,0.0,0.0,0.0,0.0,0.0,0.0,0.0,0,3,0,0
512,2017-03-07,d6160fb7873f184099d9bc95e30376af,0.0,0.0,0.0,0.0,0.0,0.0,0.0,0.0,1,3,0,0
522,2017-03-08,d6160fb7873f184099d9bc95e30376af,0.0,0.0,0.0,0.0,0.0,0.0,0.0,0.0,2,3,0,0
532,2017-03-09,d6160fb7873f184099d9bc95e30376af,0.0,0.0,0.0,0.0,0.0,0.0,0.0,0.0,3,3,0,0
542,2017-03-10,d6160fb7873f184099d9bc95e30376af,0.0,0.0,0.0,0.0,0.0,0.0,0.0,0.0,4,3,0,0
552,2017-03-11,d6160fb7873f184099d9bc95e30376af,0.0,0.0,0.0,0.0,0.0,0.0,0.0,0.0,5,3,1,0
562,2017-03-12,d6160fb7873f184099d9bc95e30376af,0.0,0.0,0.0,0.0,0.0,0.0,0.0,0.0,6,3,1,0
572,2017-03-13,d6160fb7873f184099d9bc95e30376af,0.0,0.0,0.0,0.0,0.0,0.0,0.0,0.0,0,3,0,0
582,2017-03-14,d6160fb7873f184099d9bc95e30376af,0.0,0.0,0.0,0.0,0.0,0.0,0.0,0.0,1,3,0,0
592,2017-03-15,d6160fb7873f184099d9bc95e30376af,0.0,0.0,0.0,0.0,0.0,0.0,0.0,0.0,2,3,0,0
602,2017-03-16,d6160fb7873f184099d9bc95e30376af,0.0,0.0,0.0,0.0,0.0,0.0,0.0,0.0,3,3,0,0
612,2017-03-17,d6160fb7873f184099d9bc95e30376af,0.0,0.0,0.0,0.0,0.0,0.0,0.0,0.0,4,3,0,0
622,2017-03-18,d6160fb7873f184099d9bc95e30376af,0.0,0.0,0.0,0.0,0.0,0.0,0.0,0.0,5,3,1,0
632,2017-03-19,d6160fb7873f184099d9bc95e30376af,0.0,0.0,0.0,0.0,0.0,0.0,0.0,0.0,6,3,1,0
642,2017-03-20,d6160fb7873f184099d9bc95e30376af,0.0,0.0,0.0,0.0,0.0,0.0,0.0,0.0,0,3,0,0
652,2017-03-21,d6160fb7873f184099d9bc95e30376af,0.0,0.0,0.0,0.0,0.0,0.0,0.0,0.0,1,3,0,0
662,2017-03-22,d6160fb7873f184099d9bc95e30376af,0.0,0.0,0.0,0.0,0.0,0.0,0.0,0.0,2,3,0,0
672,2017-03-23,d6160fb7873f184099d9bc95e30376af,0.0,0.0,0.0,0.0,0.0,0.0,0.0,0.0,3,3,0,0
682,2017-03-24,d6160fb7873f184099d9bc95e30376af,0.0,0.0,0.0,0.0,0.0,0.0,0.0,0.0,4,3,0,0
692,2017-03-25,d6160fb7873f184099d9bc95e30376af,0.0,0.0,0.0,0.0,0.0,0.0,0.0,0.0,5,3,1,0
702,2017-03-26,d6160fb7873f184099d9bc95e30376af,0.0,0.0,0.0,0.0,0.0,0.0,0.0,0.0,6,3,1,0
712,2017-03-27,d6160fb7873f184099d9bc95e30376af,0.0,0.0,0.0,0.0,0.0,0.0,0.0,0.0,0,3,0,0
722,2017-03-28,d6160fb7873f184099d9bc95e30376af,0.0,0.0,0.0,0.0,0.0,0.0,0.0,0.0,1,3,0,0
732,2017-03-29,d6160fb7873f184099d9bc95e30376af,0.0,0.0,0.0,0.0,0.0,0.0,0.0,0.0,2,3,0,0
742,2017-03-30,d6160fb7873f184099d9bc95e30376af,0.0,0.0,0.0,0.0,0.0,0.0,0.0,0.0,3,3,0,0
752,2017-03-31,d6160fb7873f184099d9bc95e30376af,0.0,0.0,0.0,0.0,0.0,0.0,0.0,0.0,4,3,0,0
762,2017-04-01,d6160fb7873f184099d9bc95e30376af,0.0,0.0,0.0,0.0,0.0,0.0,0.0,0.0,5,4,1,0
772,2017-04-02,d6160fb7873f184099d9bc95e30376af,0.0,0.0,0.0,0.0,0.0,0.0,0.0,0.0,6,4,1,0
782,2017-04-03,d6160fb7873f184099d9bc95e30376af,0.0,0.0,0.0,0.0,0.0,0.0,0.0,0.0,0,4,0,0
792,2017-04-04,d6160fb7873f184099d9bc95e30376af,0.0,0.0,0.0,0.0,0.0,0.0,0.0,0.0,1,4,0,0
802,2017-04-05,d6160fb7873f184099d9bc95e30376af,0.0,0.0,0.0,0.0,0.0,0.0,0.0,0.0,2,4,0,0
812,2017-04-06,d6160fb7873f184099d9bc95e30376af,0.0,0.0,0.0,0.0,0.0,0.0,0.0,0.0,3,4,0,0
822,2017-04-07,d6160fb7873f184099d9bc95e30376af,0.0,0.0,0.0,0.0,0.0,0.0,0.0,0.0,4,4,0,0
832,2017-04-08,d6160fb7873f184099d9bc95e30376af,0.0,0.0,0.0,0.0,0.0,0.0,0.0,0.0,5,4,1,0
842,2017-04-09,d6160fb7873f184099d9bc95e30376af,0.0,0.0,0.0,0.0,0.0,0.0,0.0,0.0,6,4,1,0
852,2017-04-10,d6160fb7873f184099d9bc95e30376af,0.0,0.0,0.0,0.0,0.0,0.0,0.0,0.0,0,4,0,0
862,2017-04-11,d6160fb7873f184099d9bc95e30376af,0.0,0.0,0.0,0.0,0.0,0.0,0.0,0.0,1,4,0,0
872,2017-04-12,d6160fb7873f184099d9bc95e30376af,0.0,0.0,0.0,0.0,0.0,0.0,0.0,0.0,2,4,0,0
882,2017-04-13,d6160fb7873f184099d9bc95e30376af,0.0,0.0,0.0,0.0,0.0,0.0,0.0,0.0,3,4,0,0
892,2017-04-14,d6160fb7873f184099d9bc95e30376af,0.0,0.0,0.0,0.0,0.0,0.0,0.0,0.0,4,4,0,0
902,2017-04-15,d6160fb7873f184099d9bc95e30376af,0.0,0.0,0.0,0.0,0.0,0.0,0.0,0.0,5,4,1,0
912,2017-04-16,d6160fb7873f184099d9bc95e30376af,0.0,0.0,0.0,0.0,0.0,0.0,0.0,0.0,6,4,1,0
922,2017-04-17,d6160fb7873f184099d9bc95e30376af,0.0,0.0,0.0,0.0,0.0,0.0,0.0,0.0,0,4,0,0
932,2017-04-18,d6160fb7873f184099d9bc95e30376af,0.0,0.0,0.0,0.0,0.0,0.0,0.0,0.0,1,4,0,0
942,2017-04-19,d6160fb7873f184099d9bc95e30376af,0.0,0.0,0.0,0.0,0.0,0.0,0.0,0.0,2,4,0,0
952,2017-04-20,d6160fb7873f184099d9bc95e30376af,0.0,0.0,0.0,0.0,0.0,0.0,0.0,0.0,3,4,0,0
962,2017-04-21,d6160fb7873f184099d9bc95e30376af,0.0,0.0,0.0,0.0,0.0,0.0,0.0,0.0,4,4,0,0
972,2017-04-22,d6160fb7873f184099d9bc95e30376af,0.0,0.0,0.0,0.0,0.0,0.0,0.0,0.0,5,4,1,0
982,2017-04-23,d6160fb7873f184099d9bc95e30376af,0.0,0.0,0.0,0.0,0.0,0.0,0.0,0.0,6,4,1,0
992,2017-04-24,d6160fb7873f184099d9bc95e30376af,0.0,0.0,0.0,0.0,0.0,0.0,0.0,0.0,0,4,0,0
1002,2017-04-25,d6160fb7873f184099d9bc95e30376af,0.0,0.0,0.0,0.0,0.0,0.0,0.0,0.0,1,4,0,0
1012,2017-04-26,d6160fb7873f184099d9bc95e30376af,0.0,0.0,0.0,0.0,0.0,0.0,0.0,0.0,2,4,0,0
1022,2017-04-27,d6160fb7873f184099d9bc95e30376af,0.0,0.0,0.0,0.0,0.0,0.0,0.0,0.0,3,4,0,0
1032,2017-04-28,d6160fb7873f184099d9bc95e30376af,0.0,0.0,0.0,0.0,0.0,0.0,0.0,0.0,4,4,0,0
1042,2017-04-29,d6160fb7873f184099d9bc95e30376af,0.0,0.0,0.0,0.0,0.0,0.0,0.0,0.0,5,4,1,0
1052,2017-04-30,d6160fb7873f184099d9bc95e30376af,0.0,0.0,0.0,0.0,0.0,0.0,0.0,0.0,6,4,1,0
1062,2017-05-01,d6160fb7873f184099d9bc95e30376af,0.0,0.0,0.0,0.0,0.0,0.0,0.0,0.0,0,5,0,0
1072,2017-05-02,d6160fb7873f184099d9bc95e30376af,0.0,0.0,0.0,0.0,0.0,0.0,0.0,0.0,1,5,0,0
1082,2017-05-03,d6160fb7873f184099d9bc95e30376af,0.0,0.0,0.0,0.0,0.0,0.0,0.0,0.0,2,5,0,0
1092,2017-05-04,d6160fb7873f184099d9bc95e30376af,0.0,0.0,0.0,0.0,0.0,0.0,0.0,0.0,3,5,0,0
1102,2017-05-05,d6160fb7873f184099d9bc95e30376af,0.0,0.0,0.0,0.0,0.0,0.0,0.0,0.0,4,5,0,0
1112,2017-05-06,d6160fb7873f184099d9bc95e30376af,0.0,0.0,0.0,0.0,0.0,0.0,0.0,0.0,5,5,1,0
1122,2017-05-07,d6160fb7873f184099d9bc95e30376af,0.0,0.0,0.0,0.0,0.0,0.0,0.0,0.0,6,5,1,0
1132,2017-05-08,d6160fb7873f184099d9bc95e30376af,0.0,0.0,0.0,0.0,0.0,0.0,0.0,0.0,0,5,0,0
1142,2017-05-09,d6160fb7873f184099d9bc95e30376af,0.0,0.0,0.0,0.0,0.0,0.0,0.0,0.0,1,5,0,0
1152,2017-05-10,d6160fb7873f184099d9bc95e30376af,0.0,0.0,0.0,0.0,0.0,0.0,0.0,0.0,2,5,0,0
1162,2017-05-11,d6160fb7873f184099d9bc95e30376af,0.0,0.0,0.0,0.0,0.0,0.0,0.0,0.0,3,5,0,0
1172,2017-05-12,d6160fb7873f184099d9bc95e30376af,0.0,0.0,0.0,0.0,0.0,0.0,0.0,0.0,4,5,0,0
1182,2017-05-13,d6160fb7873f184099d9bc95e30376af,0.0,0.0,0.0,0.0,0.0,0.0,0.0,0.0,5,5,1,0
1192,2017-05-14,d6160fb7873f184099d9bc95e30376af,0.0,0.0,0.0,0.0,0.0,0.0,0.0,0.0,6,5,1,0
1202,2017-05-15,d6160fb7873f184099d9bc95e30376af,0.0,0.0,0.0,0.0,0.0,0.0,0.0,0.0,0,5,0,0
1212,2017-05-16,d6160fb7873f184099d9bc95e30376af,0.0,0.0,0.0,0.0,0.0,0.0,0.0,0.0,1,5,0,0
1222,2017-05-17,d6160fb7873f184099d9bc95e30376af,0.0,0.0,0.0,0.0,0.0,0.0,0.0,0.0,2,5,0,0
1232,2017-05-18,d6160fb7873f184099d9bc95e30376af,0.0,0.0,0.0,0.0,0.0,0.0,0.0,0.0,3,5,0,0
1242,2017-05-19,d6160fb7873f184099d9bc95e30376af,0.0,0.0,0.0,0.0,0.0,0.0,0.0,0.0,4,5,0,0
1252,2017-05-20,d6160fb7873f184099d9bc95e30376af,0.0,0.0,0.0,0.0,0.0,0.0,0.0,0.0,5,5,1,0
1262,2017-05-21,d6160fb7873f184099d9bc95e30376af,0.0,0.0,0.0,0.0,0.0,0.0,0.0,0.0,6,5,1,0
1272,2017-05-22,d6160fb7873f184099d9bc95e30376af,0.0,0.0,0.0,0.0,0.0,0.0,0.0,0.0,0,5,0,0
1282,2017-05-23,d6160fb7873f184099d9bc95e30376af,0.0,0.0,0.0,0.0,0.0,0.0,0.0,0.0,1,5,0,0
1292,2017-05-24,d6160fb7873f184099d9bc95e30376af,0.0,0.0,0.0,0.0,0.0,0.0,0.0,0.0,2,5,0,0
1302,2017-05-25,d6160fb7873f184099d9bc95e30376af,0.0,0.0,0.0,0.0,0.0,0.0,0.0,0.0,3,5,0,0
1312,2017-05-26,d6160fb7873f184099d9bc95e30376af,0.0,0.0,0.0,0.0,0.0,0.0,0.0,0.0,4,5,0,0
1322,2017-05-27,d6160fb7873f184099d9bc95e30376af,0.0,0.0,0.0,0.0,0.0,0.0,0.0,0.0,5,5,1,0
1332,2017-05-28,d6160fb7873f184099d9bc95e30376af,0.0,0.0,0.0,0.0,0.0,0.0,0.0,0.0,6,5,1,0
1342,2017-05-29,d6160fb7873f184099d9bc95e30376af,0.0,0.0,0.0,0.0,0.0,0.0,0.0,0.0,0,5,0,0
1352,2017-05-30,d6160fb7873f184099d9bc95e30376af,0.0,0.0,0.0,0.0,0.0,0.0,0.0,0.0,1,5,0,0
1362,2017-05-31,d6160fb7873f184099d9bc95e30376af,0.0,0.0,0.0,0.0,0.0,0.0,0.0,0.0,2,5,0,0
1372,2017-06-01,d6160fb7873f184099d9bc95e30376af,0.0,0.0,0.0,0.0,0.0,0.0,0.0,0.0,3,6,0,0
1382,2017-06-02,d6160fb7873f184099d9bc95e30376af,0.0,0.0,0.0,0.0,0.0,0.0,0.0,0.0,4,6,0,0
1392,2017-06-03,d6160fb7873f184099d9bc95e30376af,0.0,0.0,0.0,0.0,0.0,0.0,0.0,0.0,5,6,1,0
1402,2017-06-04,d6160fb7873f184099d9bc95e30376af,0.0,0.0,0.0,0.0,0.0,0.0,0.0,0.0,6,6,1,0
1412,2017-06-05,d6160fb7873f184099d9bc95e30376af,0.0,0.0,0.0,0.0,0.0,0.0,0.0,0.0,0,6,0,0
1422,2017-06-06,d6160fb7873f184099d9bc95e30376af,0.0,0.0,0.0,0.0,0.0,0.0,0.0,0.0,1,6,0,0
1432,2017-06-07,d6160fb7873f184099d9bc95e30376af,0.0,0.0,0.0,0.0,0.0,0.0,0.0,0.0,2,6,0,0
1442,2017-06-08,d6160fb7873f184099d9bc95e30376af,0.0,0.0,0.0,0.0,0.0,0.0,0.0,0.0,3,6,0,0
1452,2017-06-09,d6160fb7873f184099d9bc95e30376af,0.0,0.0,0.0,0.0,0.0,0.0,0.0,0.0,4,6,0,0
1462,2017-06-10,d6160fb7873f184099d9bc95e30376af,0.0,0.0,0.0,0.0,0.0,0.0,0.0,0.0,5,6,1,0
1472,2017-06-11,d6160fb7873f184099d9bc95e30376af,0.0,0.0,0.0,0.0,0.0,0.0,0.0,0.0,6,6,1,0
1482,2017-06-12,d6160fb7873f184099d9bc95e30376af,0.0,0.0,0.0,0.0,0.0,0.0,0.0,0.0,0,6,0,0
1492,2017-06-13,d6160fb7873f184099d9bc95e30376af,0.0,0.0,0.0,0.0,0.0,0.0,0.0,0.0,1,6,0,0
1502,2017-06-14,d6160fb7873f184099d9bc95e30376af,0.0,0.0,0.0,0.0,0.0,0.0,0.0,0.0,2,6,0,0
1512,2017-06-15,d6160fb7873f184099d9bc95e30376af,0.0,0.0,0.0,0.0,0.0,0.0,0.0,0.0,3,6,0,0
1522,2017-06-16,d6160fb7873f184099d9bc95e30376af,0.0,0.0,0.0,0.0,0.0,0.0,0.0,0.0,4,6,0,0
1532,2017-06-17,d6160fb7873f184099d9bc95e30376af,0.0,0.0,0.0,0.0,0.0,0.0,0.0,0.0,5,6,1,0
1542,2017-06-18,d6160fb7873f184099d9bc95e30376af,0.0,0.0,0.0,0.0,0.0,0.0,0.0,0.0,6,6,1,0
1552,2017-06-19,d6160fb7873f184099d9bc95e30376af,0.0,0.0,0.0,0.0,0.0,0.0,0.0,0.0,0,6,0,0
1562,2017-06-20,d6160fb7873f184099d9bc95e30376af,0.0,0.0,0.0,0.0,0.0,0.0,0.0,0.0,1,6,0,0
1572,2017-06-21,d6160fb7873f184099d9bc95e30376af,0.0,0.0,0.0,0.0,0.0,0.0,0.0,0.0,2,6,0,0
1582,2017-06-22,d6160fb7873f184099d9bc95e30376af,0.0,0.0,0.0,0.0,0.0,0.0,0.0,0.0,3,6,0,0
1592,2017-06-23,d6160fb7873f184099d9bc95e30376af,0.0,0.0,0.0,0.0,0.0,0.0,0.0,0.0,4,6,0,0
1602,2017-06-24,d6160fb7873f184099d9bc95e30376af,0.0,0.0,0.0,0.0,0.0,0.0,0.0,0.0,5,6,1,0
1612,2017-06-25,d6160fb7873f184099d9bc95e30376af,0.0,0.0,0.0,0.0,0.0,0.0,0.0,0.0,6,6,1,0
1622,2017-06-26,d6160fb7873f184099d9bc95e30376af,0.0,0.0,0.0,0.0,0.0,0.0,0.0,0.0,0,6,0,0
1632,2017-06-27,d6160fb7873f184099d9bc95e30376af,0.0,0.0,0.0,0.0,0.0,0.0,0.0,0.0,1,6,0,0
1642,2017-06-28,d6160fb7873f184099d9bc95e30376af,0.0,0.0,0.0,0.0,0.0,0.0,0.0,0.0,2,6,0,0
1652,2017-06-29,d6160fb7873f184099d9bc95e30376af,0.0,0.0,0.0,0.0,0.0,0.0,0.0,0.0,3,6,0,0
1662,2017-06-30,d6160fb7873f184099d9bc95e30376af,0.0,0.0,0.0,0.0,0.0,0.0,0.0,0.0,4,6,0,0
1672,2017-07-01,d6160fb7873f184099d9bc95e30376af,0.0,0.0,0.0,0.0,0.0,0.0,0.0,0.0,5,7,1,0
1682,2017-07-02,d6160fb7873f184099d9bc95e30376af,0.0,0.0,0.0,0.0,0.0,0.0,0.0,0.0,6,7,1,0
1692,2017-07-03,d6160fb7873f184099d9bc95e30376af,0.0,0.0,0.0,0.0,0.0,0.0,0.0,0.0,0,7,0,0
1702,2017-07-04,d6160fb7873f184099d9bc95e30376af,0.0,0.0,0.0,0.0,0.0,0.0,0.0,0.0,1,7,0,0
1712,2017-07-05,d6160fb7873f184099d9bc95e30376af,0.0,0.0,0.0,0.0,0.0,0.0,0.0,0.0,2,7,0,0
1722,2017-07-06,d6160fb7873f184099d9bc95e30376af,0.0,0.0,0.0,0.0,0.0,0.0,0.0,0.0,3,7,0,0
1732,2017-07-07,d6160fb7873f184099d9bc95e30376af,0.0,0.0,0.0,0.0,0.0,0.0,0.0,0.0,4,7,0,0
1742,2017-07-08,d6160fb7873f184099d9bc95e30376af,0.0,0.0,0.0,0.0,0.0,0.0,0.0,0.0,5,7,1,0
1752,2017-07-09,d6160fb7873f184099d9bc95e30376af,0.0,0.0,0.0,0.0,0.0,0.0,0.0,0.0,6,7,1,0
1762,2017-07-10,d6160fb7873f184099d9bc95e30376af,0.0,0.0,0.0,0.0,0.0,0.0,0.0,0.0,0,7,0,0
1772,2017-07-11,d6160fb7873f184099d9bc95e30376af,0.0,0.0,0.0,0.0,0.0,0.0,0.0,0.0,1,7,0,0
1782,2017-07-12,d6160fb7873f184099d9bc95e30376af,0.0,0.0,0.0,0.0,0.0,0.0,0.0,0.0,2,7,0,0
1792,2017-07-13,d6160fb7873f184099d9bc95e30376af,0.0,0.0,0.0,0.0,0.0,0.0,0.0,0.0,3,7,0,0
1802,2017-07-14,d6160fb7873f184099d9bc95e30376af,0.0,0.0,0.0,0.0,0.0,0.0,0.0,0.0,4,7,0,0
1812,2017-07-15,d6160fb7873f184099d9bc95e30376af,0.0,0.0,0.0,0.0,0.0,0.0,0.0,0.0,5,7,1,0
1822,2017-07-16,d6160fb7873f184099d9bc95e30376af,0.0,0.0,0.0,0.0,0.0,0.0,0.0,0.0,6,7,1,0
1832,2017-07-17,d6160fb7873f184099d9bc95e30376af,0.0,0.0,0.0,0.0,0.0,0.0,0.0,0.0,0,7,0,0
1842,2017-07-18,d6160fb7873f184099d9bc95e30376af,0.0,0.0,0.0,0.0,0.0,0.0,0.0,0.0,1,7,0,0
1852,2017-07-19,d6160fb7873f184099d9bc95e30376af,0.0,0.0,0.0,0.0,0.0,0.0,0.0,0.0,2,7,0,0
1862,2017-07-20,d6160fb7873f184099d9bc95e30376af,0.0,0.0,0.0,0.0,0.0,0.0,0.0,0.0,3,7,0,0
1872,2017-07-21,d6160fb7873f184099d9bc95e30376af,0.0,0.0,0.0,0.0,0.0,0.0,0.0,0.0,4,7,0,0
1882,2017-07-22,d6160fb7873f184099d9bc95e30376af,0.0,0.0,0.0,0.0,0.0,0.0,0.0,0.0,5,7,1,0
1892,2017-07-23,d6160fb7873f184099d9bc95e30376af,0.0,0.0,0.0,0.0,0.0,0.0,0.0,0.0,6,7,1,0
1902,2017-07-24,d6160fb7873f184099d9bc95e30376af,0.0,0.0,0.0,0.0,0.0,0.0,0.0,0.0,0,7,0,0
1912,2017-07-25,d6160fb7873f184099d9bc95e30376af,0.0,0.0,0.0,0.0,0.0,0.0,0.0,0.0,1,7,0,0
1922,2017-07-26,d6160fb7873f184099d9bc95e30376af,0.0,0.0,0.0,0.0,0.0,0.0,0.0,0.0,2,7,0,0
1932,2017-07-27,d6160fb7873f184099d9bc95e30376af,0.0,0.0,0.0,0.0,0.0,0.0,0.0,0.0,3,7,0,0
1942,2017-07-28,d6160fb7873f184099d9bc95e30376af,0.0,0.0,0.0,0.0,0.0,0.0,0.0,0.0,4,7,0,0
1952,2017-07-29,d6160fb7873f184099d9bc95e30376af,0.0,0.0,0.0,0.0,0.0,0.0,0.0,0.0,5,7,1,0
1962,2017-07-30,d6160fb7873f184099d9bc95e30376af,0.0,0.0,0.0,0.0,0.0,0.0,0.0,0.0,6,7,1,0
1972,2017-07-31,d6160fb7873f184099d9bc95e30376af,0.0,0.0,0.0,0.0,0.0,0.0,0.0,0.0,0,7,0,0
1982,2017-08-01,d6160fb7873f184099d9bc95e30376af,0.0,0.0,0.0,0.0,0.0,0.0,0.0,0.0,1,8,0,0
1992,2017-08-02,d6160fb7873f184099d9bc95e30376af,0.0,0.0,0.0,0.0,0.0,0.0,0.0,0.0,2,8,0,0
2002,2017-08-03,d6160fb7873f184099d9bc95e30376af,0.0,0.0,0.0,0.0,0.0,0.0,0.0,0.0,3,8,0,0
2012,2017-08-04,d6160fb7873f184099d9bc95e30376af,0.0,0.0,0.0,0.0,0.0,0.0,0.0,0.0,4,8,0,0
2022,2017-08-05,d6160fb7873f184099d9bc95e30376af,0.0,0.0,0.0,0.0,0.0,0.0,0.0,0.0,5,8,1,0
2032,2017-08-06,d6160fb7873f184099d9bc95e30376af,0.0,0.0,0.0,0.0,0.0,0.0,0.0,0.0,6,8,1,0
2042,2017-08-07,d6160fb7873f184099d9bc95e30376af,0.0,0.0,0.0,0.0,0.0,0.0,0.0,0.0,0,8,0,0
2052,2017-08-08,d6160fb7873f184099d9bc95e30376af,0.0,0.0,0.0,0.0,0.0,0.0,0.0,0.0,1,8,0,0
2062,2017-08-09,d6160fb7873f184099d9bc95e30376af,0.0,0.0,0.0,0.0,0.0,0.0,0.0,0.0,2,8,0,0
2072,2017-08-10,d6160fb7873f184099d9bc95e30376af,0.0,0.0,0.0,0.0,0.0,0.0,0.0,0.0,3,8,0,0
2082,2017-08-11,d6160fb7873f184099d9bc95e30376af,0.0,0.0,0.0,0.0,0.0,0.0,0.0,0.0,4,8,0,0
2092,2017-08-12,d6160fb7873f184099d9bc95e30376af,0.0,0.0,0.0,0.0,0.0,0.0,0.0,0.0,5,8,1,0
2102,2017-08-13,d6160fb7873f184099d9bc95e30376af,0.0,0.0,0.0,0.0,0.0,0.0,0.0,0.0,6,8,1,0
2112,2017-08-14,d6160fb7873f184099d9bc95e30376af,0.0,0.0,0.0,0.0,0.0,0.0,0.0,0.0,0,8,0,0
2122,2017-08-15,d6160fb7873f184099d9bc95e30376af,0.0,0.0,0.0,0.0,0.0,0.0,0.0,0.0,1,8,0,0
2132,2017-08-16,d6160fb7873f184099d9bc95e30376af,0.0,0.0,0.0,0.0,0.0,0.0,0.0,0.0,2,8,0,0
2142,2017-08-17,d6160fb7873f184099d9bc95e30376af,0.0,0.0,0.0,0.0,0.0,0.0,0.0,0.0,3,8,0,0
2152,2017-08-18,d6160fb7873f184099d9bc95e30376af,0.0,0.0,0.0,0.0,0.0,0.0,0.0,0.0,4,8,0,0
2162,2017-08-19,d6160fb7873f184099d9bc95e30376af,0.0,0.0,0.0,0.0,0.0,0.0,0.0,0.0,5,8,1,0
2172,2017-08-20,d6160fb7873f184099d9bc95e30376af,0.0,0.0,0.0,0.0,0.0,0.0,0.0,0.0,6,8,1,0
2182,2017-08-21,d6160fb7873f184099d9bc95e30376af,0.0,0.0,0.0,0.0,0.0,0.0,0.0,0.0,0,8,0,0
2192,2017-08-22,d6160fb7873f184099d9bc95e30376af,0.0,0.0,0.0,0.0,0.0,0.0,0.0,0.0,1,8,0,0
2202,2017-08-23,d6160fb7873f184099d9bc95e30376af,0.0,0.0,0.0,0.0,0.0,0.0,0.0,0.0,2,8,0,0
2212,2017-08-24,d6160fb7873f184099d9bc95e30376af,0.0,0.0,0.0,0.0,0.0,0.0,0.0,0.0,3,8,0,0
2222,2017-08-25,d6160fb7873f184099d9bc95e30376af,0.0,0.0,0.0,0.0,0.0,0.0,0.0,0.0,4,8,0,0
2232,2017-08-26,d6160fb7873f184099d9bc95e30376af,0.0,0.0,0.0,0.0,0.0,0.0,0.0,0.0,5,8,1,0
2242,2017-08-27,d6160fb7873f184099d9bc95e30376af,0.0,0.0,0.0,0.0,0.0,0.0,0.0,0.0,6,8,1,0
2252,2017-08-28,d6160fb7873f184099d9bc95e30376af,1.0,0.0,0.0,0.0,0.0,0.14285714285714285,0.37796447300922725,1.0,0,8,0,0
2262,2017-08-29,d6160fb7873f184099d9bc95e30376af,3.0,1.0,0.0,0.0,0.0,0.5714285714285714,1.1338934190276817,2.0,1,8,0,0
2272,2017-08-30,d6160fb7873f184099d9bc95e30376af,5.0,3.0,1.0,0.0,0.0,1.2857142857142858,1.9760470401187076,2.0,2,8,0,0
2282,2017-08-31,d6160fb7873f184099d9bc95e30376af,0.0,5.0,3.0,1.0,0.0,1.2857142857142858,1.9760470401187076,-5.0,3,8,0,0
2292,2017-09-01,d6160fb7873f184099d9bc95e30376af,2.0,0.0,5.0,3.0,0.0,1.5714285714285714,1.902379462422684,2.0,4,9,0,0
2302,2017-09-02,d6160fb7873f184099d9bc95e30376af,2.0,2.0,0.0,5.0,0.0,1.8571428571428572,1.7728105208558371,0.0,5,9,1,0
2312,2017-09-03,d6160fb7873f184099d9bc95e30376af,1.0,2.0,2.0,0.0,0.0,2.0,1.6329931618554525,-1.0,6,9,1,0
2322,2017-09-04,d6160fb7873f184099d9bc95e30376af,2.0,1.0,2.0,2.0,1.0,2.142857142857143,1.5735915849388868,1.0,0,9,0,0
2332,2017-09-05,d6160fb7873f184099d9bc95e30376af,0.0,2.0,1.0,2.0,3.0,1.7142857142857142,1.704336206492694,-2.0,1,9,0,0
2342,2017-09-06,d6160fb7873f184099d9bc95e30376af,3.0,0.0,2.0,1.0,5.0,1.4285714285714286,1.1338934190276824,3.0,2,9,0,0
2352,2017-09-07,d6160fb7873f184099d9bc95e30376af,2.0,3.0,0.0,2.0,0.0,1.7142857142857142,0.9511897312113426,-1.0,3,9,0,0
2362,2017-09-08,d6160fb7873f184099d9bc95e30376af,0.0,2.0,3.0,0.0,2.0,1.4285714285714286,1.1338934190276824,-2.0,4,9,0,0
2372,2017-09-09,d6160fb7873f184099d9bc95e30376af,0.0,0.0,2.0,3.0,2.0,1.1428571428571428,1.2149857925879126,0.0,5,9,1,0
2382,2017-09-10,d6160fb7873f184099d9bc95e30376af,0.0,0.0,0.0,2.0,1.0,1.0,1.2909944487358065,0.0,6,9,1,0
2392,2017-09-11,d6160fb7873f184099d9bc95e30376af,0.0,0.0,0.0,0.0,2.0,0.7142857142857143,1.2535663410560185,0.0,0,9,0,0
2402,2017-09-12,d6160fb7873f184099d9bc95e30376af,1.0,0.0,0.0,0.0,0.0,0.8571428571428571,1.2149857925879126,1.0,1,9,0,0
2412,2017-09-13,d6160fb7873f184099d9bc95e30376af,0.0,1.0,0.0,0.0,3.0,0.42857142857142855,0.786795792469445,-1.0,2,9,0,0
2422,2017-09-14,d6160fb7873f184099d9bc95e30376af,1.0,0.0,1.0,0.0,2.0,0.2857142857142857,0.4879500364742696,1.0,3,9,0,0
2432,2017-09-15,d6160fb7873f184099d9bc95e30376af,0.0,1.0,0.0,1.0,0.0,0.2857142857142857,0.4879500364742696,-1.0,4,9,0,0
2442,2017-09-16,d6160fb7873f184099d9bc95e30376af,1.0,0.0,1.0,0.0,0.0,0.42857142857142855,0.5345224838248513,1.0,5,9,1,0
2452,2017-09-17,d6160fb7873f184099d9bc95e30376af,2.0,1.0,0.0,1.0,0.0,0.7142857142857143,0.7559289460184561,1.0,6,9,1,0
2462,2017-09-18,d6160fb7873f184099d9bc95e30376af,1.0,2.0,1.0,0.0,0.0,0.8571428571428571,0.6900655593423558,-1.0,0,9,0,0
2472,2017-09-19,d6160fb7873f184099d9bc95e30376af,0.0,1.0,2.0,1.0,1.0,0.7142857142857143,0.7559289460184561,-1.0,1,9,0,0
2482,2017-09-20,d6160fb7873f184099d9bc95e30376af,0.0,0.0,1.0,2.0,0.0,0.7142857142857143,0.7559289460184561,0.0,2,9,0,0
2492,2017-09-21,d6160fb7873f184099d9bc95e30376af,0.0,0.0,0.0,1.0,1.0,0.5714285714285714,0.7867957924694448,0.0,3,9,0,0
2502,2017-09-22,d6160fb7873f184099d9bc95e30376af,0.0,0.0,0.0,0.0,0.0,0.5714285714285714,0.7867957924694448,0.0,4,9,0,0
2512,2017-09-23,d6160fb7873f184099d9bc95e30376af,0.0,0.0,0.0,0.0,1.0,0.42857142857142855,0.786795792469445,0.0,5,9,1,0
2522,2017-09-24,d6160fb7873f184099d9bc95e30376af,0.0,0.0,0.0,0.0,2.0,0.14285714285714285,0.3779644730092314,0.0,6,9,1,0
2532,2017-09-25,d6160fb7873f184099d9bc95e30376af,1.0,0.0,0.0,0.0,1.0,0.14285714285714285,0.37796447300922725,1.0,0,9,0,0
2542,2017-09-26,d6160fb7873f184099d9bc95e30376af,0.0,1.0,0.0,0.0,0.0,0.14285714285714285,0.37796447300922725,-1.0,1,9,0,0
2552,2017-09-27,d6160fb7873f184099d9bc95e30376af,0.0,0.0,1.0,0.0,0.0,0.14285714285714285,0.37796447300922725,0.0,2,9,0,0
2562,2017-09-28,d6160fb7873f184099d9bc95e30376af,1.0,0.0,0.0,1.0,0.0,0.2857142857142857,0.4879500364742666,1.0,3,9,0,0
2572,2017-09-29,d6160fb7873f184099d9bc95e30376af,0.0,1.0,0.0,0.0,0.0,0.2857142857142857,0.48795003647426666,-1.0,4,9,0,0
2582,2017-09-30,d6160fb7873f184099d9bc95e30376af,1.0,0.0,1.0,0.0,0.0,0.42857142857142855,0.5345224838248488,1.0,5,9,1,0
2592,2017-10-01,d6160fb7873f184099d9bc95e30376af,1.0,1.0,0.0,1.0,0.0,0.5714285714285714,0.5345224838248488,0.0,6,10,1,0
2602,2017-10-02,d6160fb7873f184099d9bc95e30376af,0.0,1.0,1.0,0.0,1.0,0.42857142857142855,0.5345224838248488,-1.0,0,10,0,0
2612,2017-10-03,d6160fb7873f184099d9bc95e30376af,1.0,0.0,1.0,1.0,0.0,0.5714285714285714,0.5345224838248488,1.0,1,10,0,0
2622,2017-10-04,d6160fb7873f184099d9bc95e30376af,0.0,1.0,0.0,1.0,0.0,0.5714285714285714,0.5345224838248488,-1.0,2,10,0,0
2632,2017-10-05,d6160fb7873f184099d9bc95e30376af,2.0,0.0,1.0,0.0,1.0,0.7142857142857143,0.7559289460184545,2.0,3,10,0,0
2642,2017-10-06,d6160fb7873f184099d9bc95e30376af,0.0,2.0,0.0,1.0,0.0,0.7142857142857143,0.7559289460184545,-2.0,4,10,0,0
2652,2017-10-07,d6160fb7873f184099d9bc95e30376af,1.0,0.0,2.0,0.0,1.0,0.7142857142857143,0.7559289460184545,1.0,5,10,1,0
2662,2017-10-08,d6160fb7873f184099d9bc95e30376af,0.0,1.0,0.0,2.0,1.0,0.5714285714285714,0.7867957924694432,-1.0,6,10,1,0
2672,2017-10-09,d6160fb7873f184099d9bc95e30376af,0.0,0.0,1.0,0.0,0.0,0.5714285714285714,0.7867957924694432,0.0,0,10,0,0
2682,2017-10-10,d6160fb7873f184099d9bc95e30376af,0.0,0.0,0.0,1.0,1.0,0.42857142857142855,0.7867957924694431,0.0,1,10,0,0
2692,2017-10-11,d6160fb7873f184099d9bc95e30376af,0.0,0.0,0.0,0.0,0.0,0.42857142857142855,0.7867957924694431,0.0,2,10,0,0
2702,2017-10-12,d6160fb7873f184099d9bc95e30376af,0.0,0.0,0.0,0.0,2.0,0.14285714285714285,0.37796447300922703,0.0,3,10,0,0
2712,2017-10-13,d6160fb7873f184099d9bc95e30376af,0.0,0.0,0.0,0.0,0.0,0.14285714285714285,0.37796447300922703,0.0,4,10,0,0
2722,2017-10-14,d6160fb7873f184099d9bc95e30376af,0.0,0.0,0.0,0.0,1.0,0.0,0.0,0.0,5,10,1,0
2732,2017-10-15,d6160fb7873f184099d9bc95e30376af,0.0,0.0,0.0,0.0,0.0,0.0,0.0,0.0,6,10,1,0
2742,2017-10-16,d6160fb7873f184099d9bc95e30376af,0.0,0.0,0.0,0.0,0.0,0.0,0.0,0.0,0,10,0,0
2752,2017-10-17,d6160fb7873f184099d9bc95e30376af,0.0,0.0,0.0,0.0,0.0,0.0,0.0,0.0,1,10,0,0
2762,2017-10-18,d6160fb7873f184099d9bc95e30376af,0.0,0.0,0.0,0.0,0.0,0.0,0.0,0.0,2,10,0,0
2772,2017-10-19,d6160fb7873f184099d9bc95e30376af,0.0,0.0,0.0,0.0,0.0,0.0,0.0,0.0,3,10,0,0
2782,2017-10-20,d6160fb7873f184099d9bc95e30376af,0.0,0.0,0.0,0.0,0.0,0.0,0.0,0.0,4,10,0,0
2792,2017-10-21,d6160fb7873f184099d9bc95e30376af,0.0,0.0,0.0,0.0,0.0,0.0,0.0,0.0,5,10,1,0
2802,2017-10-22,d6160fb7873f184099d9bc95e30376af,0.0,0.0,0.0,0.0,0.0,0.0,0.0,0.0,6,10,1,0
2812,2017-10-23,d6160fb7873f184099d9bc95e30376af,0.0,0.0,0.0,0.0,0.0,0.0,0.0,0.0,0,10,0,0
2822,2017-10-24,d6160fb7873f184099d9bc95e30376af,0.0,0.0,0.0,0.0,0.0,0.0,0.0,0.0,1,10,0,0
2832,2017-10-25,d6160fb7873f184099d9bc95e30376af,0.0,0.0,0.0,0.0,0.0,0.0,0.0,0.0,2,10,0,0
2842,2017-10-26,d6160fb7873f184099d9bc95e30376af,0.0,0.0,0.0,0.0,0.0,0.0,0.0,0.0,3,10,0,0
2852,2017-10-27,d6160fb7873f184099d9bc95e30376af,0.0,0.0,0.0,0.0,0.0,0.0,0.0,0.0,4,10,0,0
2862,2017-10-28,d6160fb7873f184099d9bc95e30376af,0.0,0.0,0.0,0.0,0.0,0.0,0.0,0.0,5,10,1,0
2872,2017-10-29,d6160fb7873f184099d9bc95e30376af,0.0,0.0,0.0,0.0,0.0,0.0,0.0,0.0,6,10,1,0
2882,2017-10-30,d6160fb7873f184099d9bc95e30376af,0.0,0.0,0.0,0.0,0.0,0.0,0.0,0.0,0,10,0,0
2892,2017-10-31,d6160fb7873f184099d9bc95e30376af,0.0,0.0,0.0,0.0,0.0,0.0,0.0,0.0,1,10,0,0
2902,2017-11-01,d6160fb7873f184099d9bc95e30376af,0.0,0.0,0.0,0.0,0.0,0.0,0.0,0.0,2,11,0,1
2912,2017-11-02,d6160fb7873f184099d9bc95e30376af,0.0,0.0,0.0,0.0,0.0,0.0,0.0,0.0,3,11,0,1
2922,2017-11-03,d6160fb7873f184099d9bc95e30376af,0.0,0.0,0.0,0.0,0.0,0.0,0.0,0.0,4,11,0,1
2932,2017-11-04,d6160fb7873f184099d9bc95e30376af,0.0,0.0,0.0,0.0,0.0,0.0,0.0,0.0,5,11,1,1
2942,2017-11-05,d6160fb7873f184099d9bc95e30376af,0.0,0.0,0.0,0.0,0.0,0.0,0.0,0.0,6,11,1,1
2952,2017-11-06,d6160fb7873f184099d9bc95e30376af,0.0,0.0,0.0,0.0,0.0,0.0,0.0,0.0,0,11,0,1
2962,2017-11-07,d6160fb7873f184099d9bc95e30376af,0.0,0.0,0.0,0.0,0.0,0.0,0.0,0.0,1,11,0,1
2972,2017-11-08,d6160fb7873f184099d9bc95e30376af,0.0,0.0,0.0,0.0,0.0,0.0,0.0,0.0,2,11,0,1
2982,2017-11-09,d6160fb7873f184099d9bc95e30376af,0.0,0.0,0.0,0.0,0.0,0.0,0.0,0.0,3,11,0,1
2992,2017-11-10,d6160fb7873f184099d9bc95e30376af,0.0,0.0,0.0,0.0,0.0,0.0,0.0,0.0,4,11,0,1
3002,2017-11-11,d6160fb7873f184099d9bc95e30376af,0.0,0.0,0.0,0.0,0.0,0.0,0.0,0.0,5,11,1,1
3012,2017-11-12,d6160fb7873f184099d9bc95e30376af,0.0,0.0,0.0,0.0,0.0,0.0,0.0,0.0,6,11,1,1
3022,2017-11-13,d6160fb7873f184099d9bc95e30376af,0.0,0.0,0.0,0.0,0.0,0.0,0.0,0.0,0,11,0,1
3032,2017-11-14,d6160fb7873f184099d9bc95e30376af,0.0,0.0,0.0,0.0,0.0,0.0,0.0,0.0,1,11,0,1
3042,2017-11-15,d6160fb7873f184099d9bc95e30376af,0.0,0.0,0.0,0.0,0.0,0.0,0.0,0.0,2,11,0,1
3052,2017-11-16,d6160fb7873f184099d9bc95e30376af,0.0,0.0,0.0,0.0,0.0,0.0,0.0,0.0,3,11,0,1
3062,2017-11-17,d6160fb7873f184099d9bc95e30376af,0.0,0.0,0.0,0.0,0.0,0.0,0.0,0.0,4,11,0,1
3072,2017-11-18,d6160fb7873f184099d9bc95e30376af,0.0,0.0,0.0,0.0,0.0,0.0,0.0,0.0,5,11,1,1
3082,2017-11-19,d6160fb7873f184099d9bc95e30376af,0.0,0.0,0.0,0.0,0.0,0.0,0.0,0.0,6,11,1,1
3092,2017-11-20,d6160fb7873f184099d9bc95e30376af,0.0,0.0,0.0,0.0,0.0,0.0,0.0,0.0,0,11,0,1
3102,2017-11-21,d6160fb7873f184099d9bc95e30376af,0.0,0.0,0.0,0.0,0.0,0.0,0.0,0.0,1,11,0,1
3112,2017-11-22,d6160fb7873f184099d9bc95e30376af,0.0,0.0,0.0,0.0,0.0,0.0,0.0,0.0,2,11,0,1
3122,2017-11-23,d6160fb7873f184099d9bc95e30376af,0.0,0.0,0.0,0.0,0.0,0.0,0.0,0.0,3,11,0,1
3132,2017-11-24,d6160fb7873f184099d9bc95e30376af,0.0,0.0,0.0,0.0,0.0,0.0,0.0,0.0,4,11,0,1
3142,2017-11-25,d6160fb7873f184099d9bc95e30376af,0.0,0.0,0.0,0.0,0.0,0.0,0.0,0.0,5,11,1,1
3152,2017-11-26,d6160fb7873f184099d9bc95e30376af,0.0,0.0,0.0,0.0,0.0,0.0,0.0,0.0,6,11,1,1
3162,2017-11-27,d6160fb7873f184099d9bc95e30376af,0.0,0.0,0.0,0.0,0.0,0.0,0.0,0.0,0,11,0,1
3172,2017-11-28,d6160fb7873f184099d9bc95e30376af,0.0,0.0,0.0,0.0,0.0,0.0,0.0,0.0,1,11,0,1
3182,2017-11-29,d6160fb7873f184099d9bc95e30376af,0.0,0.0,0.0,0.0,0.0,0.0,0.0,0.0,2,11,0,1
3192,2017-11-30,d6160fb7873f184099d9bc95e30376af,0.0,0.0,0.0,0.0,0.0,0.0,0.0,0.0,3,11,0,1
3202,2017-12-01,d6160fb7873f184099d9bc95e30376af,0.0,0.0,0.0,0.0,0.0,0.0,0.0,0.0,4,12,0,0
3212,2017-12-02,d6160fb7873f184099d9bc95e30376af,0.0,0.0,0.0,0.0,0.0,0.0,0.0,0.0,5,12,1,0
3222,2017-12-03,d6160fb7873f184099d9bc95e30376af,0.0,0.0,0.0,0.0,0.0,0.0,0.0,0.0,6,12,1,0
3232,2017-12-04,d6160fb7873f184099d9bc95e30376af,0.0,0.0,0.0,0.0,0.0,0.0,0.0,0.0,0,12,0,0
3242,2017-12-05,d6160fb7873f184099d9bc95e30376af,0.0,0.0,0.0,0.0,0.0,0.0,0.0,0.0,1,12,0,0
3252,2017-12-06,d6160fb7873f184099d9bc95e30376af,0.0,0.0,0.0,0.0,0.0,0.0,0.0,0.0,2,12,0,0
3262,2017-12-07,d6160fb7873f184099d9bc95e30376af,0.0,0.0,0.0,0.0,0.0,0.0,0.0,0.0,3,12,0,0
3272,2017-12-08,d6160fb7873f184099d9bc95e30376af,0.0,0.0,0.0,0.0,0.0,0.0,0.0,0.0,4,12,0,0
3282,2017-12-09,d6160fb7873f184099d9bc95e30376af,0.0,0.0,0.0,0.0,0.0,0.0,0.0,0.0,5,12,1,0
3292,2017-12-10,d6160fb7873f184099d9bc95e30376af,0.0,0.0,0.0,0.0,0.0,0.0,0.0,0.0,6,12,1,0
3302,2017-12-11,d6160fb7873f184099d9bc95e30376af,0.0,0.0,0.0,0.0,0.0,0.0,0.0,0.0,0,12,0,0
3312,2017-12-12,d6160fb7873f184099d9bc95e30376af,0.0,0.0,0.0,0.0,0.0,0.0,0.0,0.0,1,12,0,0
3322,2017-12-13,d6160fb7873f184099d9bc95e30376af,0.0,0.0,0.0,0.0,0.0,0.0,0.0,0.0,2,12,0,0
3332,2017-12-14,d6160fb7873f184099d9bc95e30376af,0.0,0.0,0.0,0.0,0.0,0.0,0.0,0.0,3,12,0,0
3342,2017-12-15,d6160fb7873f184099d9bc95e30376af,0.0,0.0,0.0,0.0,0.0,0.0,0.0,0.0,4,12,0,0
3352,2017-12-16,d6160fb7873f184099d9bc95e30376af,0.0,0.0,0.0,0.0,0.0,0.0,0.0,0.0,5,12,1,0
3362,2017-12-17,d6160fb7873f184099d9bc95e30376af,0.0,0.0,0.0,0.0,0.0,0.0,0.0,0.0,6,12,1,0
3372,2017-12-18,d6160fb7873f184099d9bc95e30376af,0.0,0.0,0.0,0.0,0.0,0.0,0.0,0.0,0,12,0,0
3382,2017-12-19,d6160fb7873f184099d9bc95e30376af,0.0,0.0,0.0,0.0,0.0,0.0,0.0,0.0,1,12,0,0
3392,2017-12-20,d6160fb7873f184099d9bc95e30376af,0.0,0.0,0.0,0.0,0.0,0.0,0.0,0.0,2,12,0,0
3402,2017-12-21,d6160fb7873f184099d9bc95e30376af,0.0,0.0,0.0,0.0,0.0,0.0,0.0,0.0,3,12,0,0
3412,2017-12-22,d6160fb7873f184099d9bc95e30376af,0.0,0.0,0.0,0.0,0.0,0.0,0.0,0.0,4,12,0,0
3422,2017-12-23,d6160fb7873f184099d9bc95e30376af,0.0,0.0,0.0,0.0,0.0,0.0,0.0,0.0,5,12,1,0
3432,2017-12-24,d6160fb7873f184099d9bc95e30376af,0.0,0.0,0.0,0.0,0.0,0.0,0.0,0.0,6,12,1,0
3442,2017-12-25,d6160fb7873f184099d9bc95e30376af,0.0,0.0,0.0,0.0,0.0,0.0,0.0,0.0,0,12,0,0
3452,2017-12-26,d6160fb7873f184099d9bc95e30376af,0.0,0.0,0.0,0.0,0.0,0.0,0.0,0.0,1,12,0,0
3462,2017-12-27,d6160fb7873f184099d9bc95e30376af,0.0,0.0,0.0,0.0,0.0,0.0,0.0,0.0,2,12,0,0
3472,2017-12-28,d6160fb7873f184099d9bc95e30376af,0.0,0.0,0.0,0.0,0.0,0.0,0.0,0.0,3,12,0,0
3482,2017-12-29,d6160fb7873f184099d9bc95e30376af,0.0,0.0,0.0,0.0,0.0,0.0,0.0,0.0,4,12,0,0
3492,2017-12-30,d6160fb7873f184099d9bc95e30376af,0.0,0.0,0.0,0.0,0.0,0.0,0.0,0.0,5,12,1,0
3502,2017-12-31,d6160fb7873f184099d9bc95e30376af,0.0,0.0,0.0,0.0,0.0,0.0,0.0,0.0,6,12,1,0
3512,2018-01-01,d6160fb7873f184099d9bc95e30376af,0.0,0.0,0.0,0.0,0.0,0.0,0.0,0.0,0,1,0,0
3522,2018-01-02,d6160fb7873f184099d9bc95e30376af,0.0,0.0,0.0,0.0,0.0,0.0,0.0,0.0,1,1,0,0
3532,2018-01-03,d6160fb7873f184099d9bc95e30376af,0.0,0.0,0.0,0.0,0.0,0.0,0.0,0.0,2,1,0,0
3542,2018-01-04,d6160fb7873f184099d9bc95e30376af,0.0,0.0,0.0,0.0,0.0,0.0,0.0,0.0,3,1,0,0
3552,2018-01-05,d6160fb7873f184099d9bc95e30376af,0.0,0.0,0.0,0.0,0.0,0.0,0.0,0.0,4,1,0,0
3562,2018-01-06,d6160fb7873f184099d9bc95e30376af,0.0,0.0,0.0,0.0,0.0,0.0,0.0,0.0,5,1,1,0
3572,2018-01-07,d6160fb7873f184099d9bc95e30376af,0.0,0.0,0.0,0.0,0.0,0.0,0.0,0.0,6,1,1,0
3582,2018-01-08,d6160fb7873f184099d9bc95e30376af,0.0,0.0,0.0,0.0,0.0,0.0,0.0,0.0,0,1,0,0
3592,2018-01-09,d6160fb7873f184099d9bc95e30376af,0.0,0.0,0.0,0.0,0.0,0.0,0.0,0.0,1,1,0,0
3602,2018-01-10,d6160fb7873f184099d9bc95e30376af,0.0,0.0,0.0,0.0,0.0,0.0,0.0,0.0,2,1,0,0
3612,2018-01-11,d6160fb7873f184099d9bc95e30376af,0.0,0.0,0.0,0.0,0.0,0.0,0.0,0.0,3,1,0,0
3622,2018-01-12,d6160fb7873f184099d9bc95e30376af,0.0,0.0,0.0,0.0,0.0,0.0,0.0,0.0,4,1,0,0
3632,2018-01-13,d6160fb7873f184099d9bc95e30376af,0.0,0.0,0.0,0.0,0.0,0.0,0.0,0.0,5,1,1,0
3642,2018-01-14,d6160fb7873f184099d9bc95e30376af,0.0,0.0,0.0,0.0,0.0,0.0,0.0,0.0,6,1,1,0
3652,2018-01-15,d6160fb7873f184099d9bc95e30376af,0.0,0.0,0.0,0.0,0.0,0.0,0.0,0.0,0,1,0,0
3662,2018-01-16,d6160fb7873f184099d9bc95e30376af,0.0,0.0,0.0,0.0,0.0,0.0,0.0,0.0,1,1,0,0
3672,2018-01-17,d6160fb7873f184099d9bc95e30376af,0.0,0.0,0.0,0.0,0.0,0.0,0.0,0.0,2,1,0,0
3682,2018-01-18,d6160fb7873f184099d9bc95e30376af,0.0,0.0,0.0,0.0,0.0,0.0,0.0,0.0,3,1,0,0
3692,2018-01-19,d6160fb7873f184099d9bc95e30376af,0.0,0.0,0.0,0.0,0.0,0.0,0.0,0.0,4,1,0,0
3702,2018-01-20,d6160fb7873f184099d9bc95e30376af,0.0,0.0,0.0,0.0,0.0,0.0,0.0,0.0,5,1,1,0
3712,2018-01-21,d6160fb7873f184099d9bc95e30376af,0.0,0.0,0.0,0.0,0.0,0.0,0.0,0.0,6,1,1,0
3722,2018-01-22,d6160fb7873f184099d9bc95e30376af,0.0,0.0,0.0,0.0,0.0,0.0,0.0,0.0,0,1,0,0
3732,2018-01-23,d6160fb7873f184099d9bc95e30376af,0.0,0.0,0.0,0.0,0.0,0.0,0.0,0.0,1,1,0,0
3742,2018-01-24,d6160fb7873f184099d9bc95e30376af,0.0,0.0,0.0,0.0,0.0,0.0,0.0,0.0,2,1,0,0
3752,2018-01-25,d6160fb7873f184099d9bc95e30376af,0.0,0.0,0.0,0.0,0.0,0.0,0.0,0.0,3,1,0,0
3762,2018-01-26,d6160fb7873f184099d9bc95e30376af,0.0,0.0,0.0,0.0,0.0,0.0,0.0,0.0,4,1,0,0
3772,2018-01-27,d6160fb7873f184099d9bc95e30376af,0.0,0.0,0.0,0.0,0.0,0.0,0.0,0.0,5,1,1,0
3782,2018-01-28,d6160fb7873f184099d9bc95e30376af,0.0,0.0,0.0,0.0,0.0,0.0,0.0,0.0,6,1,1,0
3792,2018-01-29,d6160fb7873f184099d9bc95e30376af,0.0,0.0,0.0,0.0,0.0,0.0,0.0,0.0,0,1,0,0
3802,2018-01-30,d6160fb7873f184099d9bc95e30376af,0.0,0.0,0.0,0.0,0.0,0.0,0.0,0.0,1,1,0,0
3812,2018-01-31,d6160fb7873f184099d9bc95e30376af,0.0,0.0,0.0,0.0,0.0,0.0,0.0,0.0,2,1,0,0
3822,2018-02-01,d6160fb7873f184099d9bc95e30376af,0.0,0.0,0.0,0.0,0.0,0.0,0.0,0.0,3,2,0,0
3832,2018-02-02,d6160fb7873f184099d9bc95e30376af,0.0,0.0,0.0,0.0,0.0,0.0,0.0,0.0,4,2,0,0
3842,2018-02-03,d6160fb7873f184099d9bc95e30376af,0.0,0.0,0.0,0.0,0.0,0.0,0.0,0.0,5,2,1,0
3852,2018-02-04,d6160fb7873f184099d9bc95e30376af,0.0,0.0,0.0,0.0,0.0,0.0,0.0,0.0,6,2,1,0
3862,2018-02-05,d6160fb7873f184099d9bc95e30376af,0.0,0.0,0.0,0.0,0.0,0.0,0.0,0.0,0,2,0,0
3872,2018-02-06,d6160fb7873f184099d9bc95e30376af,0.0,0.0,0.0,0.0,0.0,0.0,0.0,0.0,1,2,0,0
3882,2018-02-07,d6160fb7873f184099d9bc95e30376af,0.0,0.0,0.0,0.0,0.0,0.0,0.0,0.0,2,2,0,0
3892,2018-02-08,d6160fb7873f184099d9bc95e30376af,0.0,0.0,0.0,0.0,0.0,0.0,0.0,0.0,3,2,0,0
3902,2018-02-09,d6160fb7873f184099d9bc95e30376af,0.0,0.0,0.0,0.0,0.0,0.0,0.0,0.0,4,2,0,0
3912,2018-02-10,d6160fb7873f184099d9bc95e30376af,0.0,0.0,0.0,0.0,0.0,0.0,0.0,0.0,5,2,1,0
3922,2018-02-11,d6160fb7873f184099d9bc95e30376af,0.0,0.0,0.0,0.0,0.0,0.0,0.0,0.0,6,2,1,0
3932,2018-02-12,d6160fb7873f184099d9bc95e30376af,0.0,0.0,0.0,0.0,0.0,0.0,0.0,0.0,0,2,0,0
3942,2018-02-13,d6160fb7873f184099d9bc95e30376af,0.0,0.0,0.0,0.0,0.0,0.0,0.0,0.0,1,2,0,0
3952,2018-02-14,d6160fb7873f184099d9bc95e30376af,0.0,0.0,0.0,0.0,0.0,0.0,0.0,0.0,2,2,0,0
3962,2018-02-15,d6160fb7873f184099d9bc95e30376af,0.0,0.0,0.0,0.0,0.0,0.0,0.0,0.0,3,2,0,0
3972,2018-02-16,d6160fb7873f184099d9bc95e30376af,0.0,0.0,0.0,0.0,0.0,0.0,0.0,0.0,4,2,0,0
3982,2018-02-17,d6160fb7873f184099d9bc95e30376af,0.0,0.0,0.0,0.0,0.0,0.0,0.0,0.0,5,2,1,0
3992,2018-02-18,d6160fb7873f184099d9bc95e30376af,0.0,0.0,0.0,0.0,0.0,0.0,0.0,0.0,6,2,1,0
4002,2018-02-19,d6160fb7873f184099d9bc95e30376af,0.0,0.0,0.0,0.0,0.0,0.0,0.0,0.0,0,2,0,0
4012,2018-02-20,d6160fb7873f184099d9bc95e30376af,0.0,0.0,0.0,0.0,0.0,0.0,0.0,0.0,1,2,0,0
4022,2018-02-21,d6160fb7873f184099d9bc95e30376af,0.0,0.0,0.0,0.0,0.0,0.0,0.0,0.0,2,2,0,0
4032,2018-02-22,d6160fb7873f184099d9bc95e30376af,0.0,0.0,0.0,0.0,0.0,0.0,0.0,0.0,3,2,0,0
4042,2018-02-23,d6160fb7873f184099d9bc95e30376af,0.0,0.0,0.0,0.0,0.0,0.0,0.0,0.0,4,2,0,0
4052,2018-02-24,d6160fb7873f184099d9bc95e30376af,0.0,0.0,0.0,0.0,0.0,0.0,0.0,0.0,5,2,1,0
4062,2018-02-25,d6160fb7873f184099d9bc95e30376af,0.0,0.0,0.0,0.0,0.0,0.0,0.0,0.0,6,2,1,0
4072,2018-02-26,d6160fb7873f184099d9bc95e30376af,0.0,0.0,0.0,0.0,0.0,0.0,0.0,0.0,0,2,0,0
4082,2018-02-27,d6160fb7873f184099d9bc95e30376af,0.0,0.0,0.0,0.0,0.0,0.0,0.0,0.0,1,2,0,0
4092,2018-02-28,d6160fb7873f184099d9bc95e30376af,0.0,0.0,0.0,0.0,0.0,0.0,0.0,0.0,2,2,0,0
4102,2018-03-01,d6160fb7873f184099d9bc95e30376af,0.0,0.0,0.0,0.0,0.0,0.0,0.0,0.0,3,3,0,0
4112,2018-03-02,d6160fb7873f184099d9bc95e30376af,0.0,0.0,0.0,0.0,0.0,0.0,0.0,0.0,4,3,0,0
4122,2018-03-03,d6160fb7873f184099d9bc95e30376af,0.0,0.0,0.0,0.0,0.0,0.0,0.0,0.0,5,3,1,0
4132,2018-03-04,d6160fb7873f184099d9bc95e30376af,0.0,0.0,0.0,0.0,0.0,0.0,0.0,0.0,6,3,1,0
4142,2018-03-05,d6160fb7873f184099d9bc95e30376af,0.0,0.0,0.0,0.0,0.0,0.0,0.0,0.0,0,3,0,0
4152,2018-03-06,d6160fb7873f184099d9bc95e30376af,0.0,0.0,0.0,0.0,0.0,0.0,0.0,0.0,1,3,0,0
4162,2018-03-07,d6160fb7873f184099d9bc95e30376af,0.0,0.0,0.0,0.0,0.0,0.0,0.0,0.0,2,3,0,0
4172,2018-03-08,d6160fb7873f184099d9bc95e30376af,0.0,0.0,0.0,0.0,0.0,0.0,0.0,0.0,3,3,0,0
4182,2018-03-09,d6160fb7873f184099d9bc95e30376af,0.0,0.0,0.0,0.0,0.0,0.0,0.0,0.0,4,3,0,0
4192,2018-03-10,d6160fb7873f184099d9bc95e30376af,0.0,0.0,0.0,0.0,0.0,0.0,0.0,0.0,5,3,1,0
4202,2018-03-11,d6160fb7873f184099d9bc95e30376af,0.0,0.0,0.0,0.0,0.0,0.0,0.0,0.0,6,3,1,0
4212,2018-03-12,d6160fb7873f184099d9bc95e30376af,0.0,0.0,0.0,0.0,0.0,0.0,0.0,0.0,0,3,0,0
4222,2018-03-13,d6160fb7873f184099d9bc95e30376af,0.0,0.0,0.0,0.0,0.0,0.0,0.0,0.0,1,3,0,0
4232,2018-03-14,d6160fb7873f184099d9bc95e30376af,0.0,0.0,0.0,0.0,0.0,0.0,0.0,0.0,2,3,0,0
4242,2018-03-15,d6160fb7873f184099d9bc95e30376af,0.0,0.0,0.0,0.0,0.0,0.0,0.0,0.0,3,3,0,0
4252,2018-03-16,d6160fb7873f184099d9bc95e30376af,0.0,0.0,0.0,0.0,0.0,0.0,0.0,0.0,4,3,0,0
4262,2018-03-17,d6160fb7873f184099d9bc95e30376af,0.0,0.0,0.0,0.0,0.0,0.0,0.0,0.0,5,3,1,0
4272,2018-03-18,d6160fb7873f184099d9bc95e30376af,0.0,0.0,0.0,0.0,0.0,0.0,0.0,0.0,6,3,1,0
4282,2018-03-19,d6160fb7873f184099d9bc95e30376af,0.0,0.0,0.0,0.0,0.0,0.0,0.0,0.0,0,3,0,0
4292,2018-03-20,d6160fb7873f184099d9bc95e30376af,0.0,0.0,0.0,0.0,0.0,0.0,0.0,0.0,1,3,0,0
4302,2018-03-21,d6160fb7873f184099d9bc95e30376af,0.0,0.0,0.0,0.0,0.0,0.0,0.0,0.0,2,3,0,0
4312,2018-03-22,d6160fb7873f184099d9bc95e30376af,0.0,0.0,0.0,0.0,0.0,0.0,0.0,0.0,3,3,0,0
4322,2018-03-23,d6160fb7873f184099d9bc95e30376af,0.0,0.0,0.0,0.0,0.0,0.0,0.0,0.0,4,3,0,0
4332,2018-03-24,d6160fb7873f184099d9bc95e30376af,0.0,0.0,0.0,0.0,0.0,0.0,0.0,0.0,5,3,1,0
4342,2018-03-25,d6160fb7873f184099d9bc95e30376af,0.0,0.0,0.0,0.0,0.0,0.0,0.0,0.0,6,3,1,0
4352,2018-03-26,d6160fb7873f184099d9bc95e30376af,0.0,0.0,0.0,0.0,0.0,0.0,0.0,0.0,0,3,0,0
4362,2018-03-27,d6160fb7873f184099d9bc95e30376af,0.0,0.0,0.0,0.0,0.0,0.0,0.0,0.0,1,3,0,0
4372,2018-03-28,d6160fb7873f184099d9bc95e30376af,0.0,0.0,0.0,0.0,0.0,0.0,0.0,0.0,2,3,0,0
4382,2018-03-29,d6160fb7873f184099d9bc95e30376af,0.0,0.0,0.0,0.0,0.0,0.0,0.0,0.0,3,3,0,0
4392,2018-03-30,d6160fb7873f184099d9bc95e30376af,0.0,0.0,0.0,0.0,0.0,0.0,0.0,0.0,4,3,0,0
4402,2018-03-31,d6160fb7873f184099d9bc95e30376af,0.0,0.0,0.0,0.0,0.0,0.0,0.0,0.0,5,3,1,0
4412,2018-04-01,d6160fb7873f184099d9bc95e30376af,0.0,0.0,0.0,0.0,0.0,0.0,0.0,0.0,6,4,1,0
4422,2018-04-02,d6160fb7873f184099d9bc95e30376af,0.0,0.0,0.0,0.0,0.0,0.0,0.0,0.0,0,4,0,0
4432,2018-04-03,d6160fb7873f184099d9bc95e30376af,0.0,0.0,0.0,0.0,0.0,0.0,0.0,0.0,1,4,0,0
4442,2018-04-04,d6160fb7873f184099d9bc95e30376af,0.0,0.0,0.0,0.0,0.0,0.0,0.0,0.0,2,4,0,0
4452,2018-04-05,d6160fb7873f184099d9bc95e30376af,0.0,0.0,0.0,0.0,0.0,0.0,0.0,0.0,3,4,0,0
4462,2018-04-06,d6160fb7873f184099d9bc95e30376af,0.0,0.0,0.0,0.0,0.0,0.0,0.0,0.0,4,4,0,0
4472,2018-04-07,d6160fb7873f184099d9bc95e30376af,0.0,0.0,0.0,0.0,0.0,0.0,0.0,0.0,5,4,1,0
4482,2018-04-08,d6160fb7873f184099d9bc95e30376af,0.0,0.0,0.0,0.0,0.0,0.0,0.0,0.0,6,4,1,0
4492,2018-04-09,d6160fb7873f184099d9bc95e30376af,0.0,0.0,0.0,0.0,0.0,0.0,0.0,0.0,0,4,0,0
4502,2018-04-10,d6160fb7873f184099d9bc95e30376af,0.0,0.0,0.0,0.0,0.0,0.0,0.0,0.0,1,4,0,0
4512,2018-04-11,d6160fb7873f184099d9bc95e30376af,0.0,0.0,0.0,0.0,0.0,0.0,0.0,0.0,2,4,0,0
4522,2018-04-12,d6160fb7873f184099d9bc95e30376af,0.0,0.0,0.0,0.0,0.0,0.0,0.0,0.0,3,4,0,0
4532,2018-04-13,d6160fb7873f184099d9bc95e30376af,0.0,0.0,0.0,0.0,0.0,0.0,0.0,0.0,4,4,0,0
4542,2018-04-14,d6160fb7873f184099d9bc95e30376af,0.0,0.0,0.0,0.0,0.0,0.0,0.0,0.0,5,4,1,0
4552,2018-04-15,d6160fb7873f184099d9bc95e30376af,0.0,0.0,0.0,0.0,0.0,0.0,0.0,0.0,6,4,1,0
4562,2018-04-16,d6160fb7873f184099d9bc95e30376af,0.0,0.0,0.0,0.0,0.0,0.0,0.0,0.0,0,4,0,0
4572,2018-04-17,d6160fb7873f184099d9bc95e30376af,0.0,0.0,0.0,0.0,0.0,0.0,0.0,0.0,1,4,0,0
4582,2018-04-18,d6160fb7873f184099d9bc95e30376af,0.0,0.0,0.0,0.0,0.0,0.0,0.0,0.0,2,4,0,0
4592,2018-04-19,d6160fb7873f184099d9bc95e30376af,0.0,0.0,0.0,0.0,0.0,0.0,0.0,0.0,3,4,0,0
4602,2018-04-20,d6160fb7873f184099d9bc95e30376af,0.0,0.0,0.0,0.0,0.0,0.0,0.0,0.0,4,4,0,0
4612,2018-04-21,d6160fb7873f184099d9bc95e30376af,0.0,0.0,0.0,0.0,0.0,0.0,0.0,0.0,5,4,1,0
4622,2018-04-22,d6160fb7873f184099d9bc95e30376af,0.0,0.0,0.0,0.0,0.0,0.0,0.0,0.0,6,4,1,0
4632,2018-04-23,d6160fb7873f184099d9bc95e30376af,0.0,0.0,0.0,0.0,0.0,0.0,0.0,0.0,0,4,0,0
4642,2018-04-24,d6160fb7873f184099d9bc95e30376af,0.0,0.0,0.0,0.0,0.0,0.0,0.0,0.0,1,4,0,0
4652,2018-04-25,d6160fb7873f184099d9bc95e30376af,0.0,0.0,0.0,0.0,0.0,0.0,0.0,0.0,2,4,0,0
4662,2018-04-26,d6160fb7873f184099d9bc95e30376af,0.0,0.0,0.0,0.0,0.0,0.0,0.0,0.0,3,4,0,0
4672,2018-04-27,d6160fb7873f184099d9bc95e30376af,0.0,0.0,0.0,0.0,0.0,0.0,0.0,0.0,4,4,0,0
4682,2018-04-28,d6160fb7873f184099d9bc95e30376af,0.0,0.0,0.0,0.0,0.0,0.0,0.0,0.0,5,4,1,0
4692,2018-04-29,d6160fb7873f184099d9bc95e30376af,0.0,0.0,0.0,0.0,0.0,0.0,0.0,0.0,6,4,1,0
4702,2018-04-30,d6160fb7873f184099d9bc95e30376af,0.0,0.0,0.0,0.0,0.0,0.0,0.0,0.0,0,4,0,0
4712,2018-05-01,d6160fb7873f184099d9bc95e30376af,0.0,0.0,0.0,0.0,0.0,0.0,0.0,0.0,1,5,0,0
4722,2018-05-02,d6160fb7873f184099d9bc95e30376af,0.0,0.0,0.0,0.0,0.0,0.0,0.0,0.0,2,5,0,0
4732,2018-05-03,d6160fb7873f184099d9bc95e30376af,0.0,0.0,0.0,0.0,0.0,0.0,0.0,0.0,3,5,0,0
4742,2018-05-04,d6160fb7873f184099d9bc95e30376af,0.0,0.0,0.0,0.0,0.0,0.0,0.0,0.0,4,5,0,0
4752,2018-05-05,d6160fb7873f184099d9bc95e30376af,0.0,0.0,0.0,0.0,0.0,0.0,0.0,0.0,5,5,1,0
4762,2018-05-06,d6160fb7873f184099d9bc95e30376af,0.0,0.0,0.0,0.0,0.0,0.0,0.0,0.0,6,5,1,0
4772,2018-05-07,d6160fb7873f184099d9bc95e30376af,0.0,0.0,0.0,0.0,0.0,0.0,0.0,0.0,0,5,0,0
4782,2018-05-08,d6160fb7873f184099d9bc95e30376af,0.0,0.0,0.0,0.0,0.0,0.0,0.0,0.0,1,5,0,0
4792,2018-05-09,d6160fb7873f184099d9bc95e30376af,0.0,0.0,0.0,0.0,0.0,0.0,0.0,0.0,2,5,0,0
4802,2018-05-10,d6160fb7873f184099d9bc95e30376af,0.0,0.0,0.0,0.0,0.0,0.0,0.0,0.0,3,5,0,0
4812,2018-05-11,d6160fb7873f184099d9bc95e30376af,0.0,0.0,0.0,0.0,0.0,0.0,0.0,0.0,4,5,0,0
4822,2018-05-12,d6160fb7873f184099d9bc95e30376af,0.0,0.0,0.0,0.0,0.0,0.0,0.0,0.0,5,5,1,0
4832,2018-05-13,d6160fb7873f184099d9bc95e30376af,0.0,0.0,0.0,0.0,0.0,0.0,0.0,0.0,6,5,1,0
4842,2018-05-14,d6160fb7873f184099d9bc95e30376af,0.0,0.0,0.0,0.0,0.0,0.0,0.0,0.0,0,5,0,0
4852,2018-05-15,d6160fb7873f184099d9bc95e30376af,0.0,0.0,0.0,0.0,0.0,0.0,0.0,0.0,1,5,0,0
4862,2018-05-16,d6160fb7873f184099d9bc95e30376af,0.0,0.0,0.0,0.0,0.0,0.0,0.0,0.0,2,5,0,0
4872,2018-05-17,d6160fb7873f184099d9bc95e30376af,0.0,0.0,0.0,0.0,0.0,0.0,0.0,0.0,3,5,0,0
4882,2018-05-18,d6160fb7873f184099d9bc95e30376af,0.0,0.0,0.0,0.0,0.0,0.0,0.0,0.0,4,5,0,0
4892,2018-05-19,d6160fb7873f184099d9bc95e30376af,0.0,0.0,0.0,0.0,0.0,0.0,0.0,0.0,5,5,1,0
4902,2018-05-20,d6160fb7873f184099d9bc95e30376af,0.0,0.0,0.0,0.0,0.0,0.0,0.0,0.0,6,5,1,0
4912,2018-05-21,d6160fb7873f184099d9bc95e30376af,0.0,0.0,0.0,0.0,0.0,0.0,0.0,0.0,0,5,0,0
4922,2018-05-22,d6160fb7873f184099d9bc95e30376af,0.0,0.0,0.0,0.0,0.0,0.0,0.0,0.0,1,5,0,0
4932,2018-05-23,d6160fb7873f184099d9bc95e30376af,0.0,0.0,0.0,0.0,0.0,0.0,0.0,0.0,2,5,0,0
4942,2018-05-24,d6160fb7873f184099d9bc95e30376af,0.0,0.0,0.0,0.0,0.0,0.0,0.0,0.0,3,5,0,0
4952,2018-05-25,d6160fb7873f184099d9bc95e30376af,0.0,0.0,0.0,0.0,0.0,0.0,0.0,0.0,4,5,0,0
4962,2018-05-26,d6160fb7873f184099d9bc95e30376af,0.0,0.0,0.0,0.0,0.0,0.0,0.0,0.0,5,5,1,0
4972,2018-05-27,d6160fb7873f184099d9bc95e30376af,0.0,0.0,0.0,0.0,0.0,0.0,0.0,0.0,6,5,1,0
4982,2018-05-28,d6160fb7873f184099d9bc95e30376af,0.0,0.0,0.0,0.0,0.0,0.0,0.0,0.0,0,5,0,0
4992,2018-05-29,d6160fb7873f184099d9bc95e30376af,0.0,0.0,0.0,0.0,0.0,0.0,0.0,0.0,1,5,0,0
5002,2018-05-30,d6160fb7873f184099d9bc95e30376af,0.0,0.0,0.0,0.0,0.0,0.0,0.0,0.0,2,5,0,0
5012,2018-05-31,d6160fb7873f184099d9bc95e30376af,0.0,0.0,0.0,0.0,0.0,0.0,0.0,0.0,3,5,0,0
5022,2018-06-01,d6160fb7873f184099d9bc95e30376af,0.0,0.0,0.0,0.0,0.0,0.0,0.0,0.0,4,6,0,0
5032,2018-06-02,d6160fb7873f184099d9bc95e30376af,0.0,0.0,0.0,0.0,0.0,0.0,0.0,0.0,5,6,1,0
5042,2018-06-03,d6160fb7873f184099d9bc95e30376af,0.0,0.0,0.0,0.0,0.0,0.0,0.0,0.0,6,6,1,0
5052,2018-06-04,d6160fb7873f184099d9bc95e30376af,0.0,0.0,0.0,0.0,0.0,0.0,0.0,0.0,0,6,0,0
5062,2018-06-05,d6160fb7873f184099d9bc95e30376af,0.0,0.0,0.0,0.0,0.0,0.0,0.0,0.0,1,6,0,0
5072,2018-06-06,d6160fb7873f184099d9bc95e30376af,0.0,0.0,0.0,0.0,0.0,0.0,0.0,0.0,2,6,0,0
5082,2018-06-07,d6160fb7873f184099d9bc95e30376af,0.0,0.0,0.0,0.0,0.0,0.0,0.0,0.0,3,6,0,0
5092,2018-06-08,d6160fb7873f184099d9bc95e30376af,0.0,0.0,0.0,0.0,0.0,0.0,0.0,0.0,4,6,0,0
5102,2018-06-09,d6160fb7873f184099d9bc95e30376af,0.0,0.0,0.0,0.0,0.0,0.0,0.0,0.0,5,6,1,0
5112,2018-06-10,d6160fb7873f184099d9bc95e30376af,0.0,0.0,0.0,0.0,0.0,0.0,0.0,0.0,6,6,1,0
5122,2018-06-11,d6160fb7873f184099d9bc95e30376af,0.0,0.0,0.0,0.0,0.0,0.0,0.0,0.0,0,6,0,0
5132,2018-06-12,d6160fb7873f184099d9bc95e30376af,0.0,0.0,0.0,0.0,0.0,0.0,0.0,0.0,1,6,0,0
5142,2018-06-13,d6160fb7873f184099d9bc95e30376af,0.0,0.0,0.0,0.0,0.0,0.0,0.0,0.0,2,6,0,0
5152,2018-06-14,d6160fb7873f184099d9bc95e30376af,0.0,0.0,0.0,0.0,0.0,0.0,0.0,0.0,3,6,0,0
5162,2018-06-15,d6160fb7873f184099d9bc95e30376af,0.0,0.0,0.0,0.0,0.0,0.0,0.0,0.0,4,6,0,0
5172,2018-06-16,d6160fb7873f184099d9bc95e30376af,0.0,0.0,0.0,0.0,0.0,0.0,0.0,0.0,5,6,1,0
5182,2018-06-17,d6160fb7873f184099d9bc95e30376af,0.0,0.0,0.0,0.0,0.0,0.0,0.0,0.0,6,6,1,0
5192,2018-06-18,d6160fb7873f184099d9bc95e30376af,0.0,0.0,0.0,0.0,0.0,0.0,0.0,0.0,0,6,0,0
5202,2018-06-19,d6160fb7873f184099d9bc95e30376af,0.0,0.0,0.0,0.0,0.0,0.0,0.0,0.0,1,6,0,0
5212,2018-06-20,d6160fb7873f184099d9bc95e30376af,0.0,0.0,0.0,0.0,0.0,0.0,0.0,0.0,2,6,0,0
5222,2018-06-21,d6160fb7873f184099d9bc95e30376af,0.0,0.0,0.0,0.0,0.0,0.0,0.0,0.0,3,6,0,0
5232,2018-06-22,d6160fb7873f184099d9bc95e30376af,0.0,0.0,0.0,0.0,0.0,0.0,0.0,0.0,4,6,0,0
5242,2018-06-23,d6160fb7873f184099d9bc95e30376af,0.0,0.0,0.0,0.0,0.0,0.0,0.0,0.0,5,6,1,0
5252,2018-06-24,d6160fb7873f184099d9bc95e30376af,0.0,0.0,0.0,0.0,0.0,0.0,0.0,0.0,6,6,1,0
5262,2018-06-25,d6160fb7873f184099d9bc95e30376af,0.0,0.0,0.0,0.0,0.0,0.0,0.0,0.0,0,6,0,0
5272,2018-06-26,d6160fb7873f184099d9bc95e30376af,0.0,0.0,0.0,0.0,0.0,0.0,0.0,0.0,1,6,0,0
5282,2018-06-27,d6160fb7873f184099d9bc95e30376af,0.0,0.0,0.0,0.0,0.0,0.0,0.0,0.0,2,6,0,0
5292,2018-06-28,d6160fb7873f184099d9bc95e30376af,0.0,0.0,0.0,0.0,0.0,0.0,0.0,0.0,3,6,0,0
5302,2018-06-29,d6160fb7873f184099d9bc95e30376af,0.0,0.0,0.0,0.0,0.0,0.0,0.0,0.0,4,6,0,0
5312,2018-06-30,d6160fb7873f184099d9bc95e30376af,0.0,0.0,0.0,0.0,0.0,0.0,0.0,0.0,5,6,1,0
5322,2018-07-01,d6160fb7873f184099d9bc95e30376af,0.0,0.0,0.0,0.0,0.0,0.0,0.0,0.0,6,7,1,0
5332,2018-07-02,d6160fb7873f184099d9bc95e30376af,0.0,0.0,0.0,0.0,0.0,0.0,0.0,0.0,0,7,0,0
5342,2018-07-03,d6160fb7873f184099d9bc95e30376af,0.0,0.0,0.0,0.0,0.0,0.0,0.0,0.0,1,7,0,0
5352,2018-07-04,d6160fb7873f184099d9bc95e30376af,0.0,0.0,0.0,0.0,0.0,0.0,0.0,0.0,2,7,0,0
5362,2018-07-05,d6160fb7873f184099d9bc95e30376af,0.0,0.0,0.0,0.0,0.0,0.0,0.0,0.0,3,7,0,0
5372,2018-07-06,d6160fb7873f184099d9bc95e30376af,0.0,0.0,0.0,0.0,0.0,0.0,0.0,0.0,4,7,0,0
5382,2018-07-07,d6160fb7873f184099d9bc95e30376af,0.0,0.0,0.0,0.0,0.0,0.0,0.0,0.0,5,7,1,0
5392,2018-07-08,d6160fb7873f184099d9bc95e30376af,0.0,0.0,0.0,0.0,0.0,0.0,0.0,0.0,6,7,1,0
5402,2018-07-09,d6160fb7873f184099d9bc95e30376af,0.0,0.0,0.0,0.0,0.0,0.0,0.0,0.0,0,7,0,0
5412,2018-07-10,d6160fb7873f184099d9bc95e30376af,0.0,0.0,0.0,0.0,0.0,0.0,0.0,0.0,1,7,0,0
5422,2018-07-11,d6160fb7873f184099d9bc95e30376af,0.0,0.0,0.0,0.0,0.0,0.0,0.0,0.0,2,7,0,0
5432,2018-07-12,d6160fb7873f184099d9bc95e30376af,0.0,0.0,0.0,0.0,0.0,0.0,0.0,0.0,3,7,0,0
5442,2018-07-13,d6160fb7873f184099d9bc95e30376af,0.0,0.0,0.0,0.0,0.0,0.0,0.0,0.0,4,7,0,0
5452,2018-07-14,d6160fb7873f184099d9bc95e30376af,0.0,0.0,0.0,0.0,0.0,0.0,0.0,0.0,5,7,1,0
5462,2018-07-15,d6160fb7873f184099d9bc95e30376af,0.0,0.0,0.0,0.0,0.0,0.0,0.0,0.0,6,7,1,0
5472,2018-07-16,d6160fb7873f184099d9bc95e30376af,0.0,0.0,0.0,0.0,0.0,0.0,0.0,0.0,0,7,0,0
5482,2018-07-17,d6160fb7873f184099d9bc95e30376af,0.0,0.0,0.0,0.0,0.0,0.0,0.0,0.0,1,7,0,0
5492,2018-07-18,d6160fb7873f184099d9bc95e30376af,0.0,0.0,0.0,0.0,0.0,0.0,0.0,0.0,2,7,0,0
5502,2018-07-19,d6160fb7873f184099d9bc95e30376af,0.0,0.0,0.0,0.0,0.0,0.0,0.0,0.0,3,7,0,0
5512,2018-07-20,d6160fb7873f184099d9bc95e30376af,0.0,0.0,0.0,0.0,0.0,0.0,0.0,0.0,4,7,0,0
5522,2018-07-21,d6160fb7873f184099d9bc95e30376af,0.0,0.0,0.0,0.0,0.0,0.0,0.0,0.0,5,7,1,0
5532,2018-07-22,d6160fb7873f184099d9bc95e30376af,0.0,0.0,0.0,0.0,0.0,0.0,0.0,0.0,6,7,1,0
5542,2018-07-23,d6160fb7873f184099d9bc95e30376af,0.0,0.0,0.0,0.0,0.0,0.0,0.0,0.0,0,7,0,0
5552,2018-07-24,d6160fb7873f184099d9bc95e30376af,0.0,0.0,0.0,0.0,0.0,0.0,0.0,0.0,1,7,0,0
5562,2018-07-25,d6160fb7873f184099d9bc95e30376af,0.0,0.0,0.0,0.0,0.0,0.0,0.0,0.0,2,7,0,0
5572,2018-07-26,d6160fb7873f184099d9bc95e30376af,0.0,0.0,0.0,0.0,0.0,0.0,0.0,0.0,3,7,0,0
5582,2018-07-27,d6160fb7873f184099d9bc95e30376af,0.0,0.0,0.0,0.0,0.0,0.0,0.0,0.0,4,7,0,0
5592,2018-07-28,d6160fb7873f184099d9bc95e30376af,0.0,0.0,0.0,0.0,0.0,0.0,0.0,0.0,5,7,1,0
5602,2018-07-29,d6160fb7873f184099d9bc95e30376af,0.0,0.0,0.0,0.0,0.0,0.0,0.0,0.0,6,7,1,0
5612,2018-07-30,d6160fb7873f184099d9bc95e30376af,0.0,0.0,0.0,0.0,0.0,0.0,0.0,0.0,0,7,0,0
5622,2018-07-31,d6160fb7873f184099d9bc95e30376af,0.0,0.0,0.0,0.0,0.0,0.0,0.0,0.0,1,7,0,0
5632,2018-08-01,d6160fb7873f184099d9bc95e30376af,0.0,0.0,0.0,0.0,0.0,0.0,0.0,0.0,2,8,0,0
5642,2018-08-02,d6160fb7873f184099d9bc95e30376af,0.0,0.0,0.0,0.0,0.0,0.0,0.0,0.0,3,8,0,0
5652,2018-08-03,d6160fb7873f184099d9bc95e30376af,0.0,0.0,0.0,0.0,0.0,0.0,0.0,0.0,4,8,0,0
5662,2018-08-04,d6160fb7873f184099d9bc95e30376af,0.0,0.0,0.0,0.0,0.0,0.0,0.0,0.0,5,8,1,0
5672,2018-08-05,d6160fb7873f184099d9bc95e30376af,0.0,0.0,0.0,0.0,0.0,0.0,0.0,0.0,6,8,1,0
5682,2018-08-06,d6160fb7873f184099d9bc95e30376af,0.0,0.0,0.0,0.0,0.0,0.0,0.0,0.0,0,8,0,0
5692,2018-08-07,d6160fb7873f184099d9bc95e30376af,0.0,0.0,0.0,0.0,0.0,0.0,0.0,0.0,1,8,0,0
5702,2018-08-08,d6160fb7873f184099d9bc95e30376af,0.0,0.0,0.0,0.0,0.0,0.0,0.0,0.0,2,8,0,0
5712,2018-08-09,d6160fb7873f184099d9bc95e30376af,0.0,0.0,0.0,0.0,0.0,0.0,0.0,0.0,3,8,0,0
5722,2018-08-10,d6160fb7873f184099d9bc95e30376af,0.0,0.0,0.0,0.0,0.0,0.0,0.0,0.0,4,8,0,0
5732,2018-08-11,d6160fb7873f184099d9bc95e30376af,0.0,0.0,0.0,0.0,0.0,0.0,0.0,0.0,5,8,1,0
5742,2018-08-12,d6160fb7873f184099d9bc95e30376af,0.0,0.0,0.0,0.0,0.0,0.0,0.0,0.0,6,8,1,0
5752,2018-08-13,d6160fb7873f184099d9bc95e30376af,0.0,0.0,0.0,0.0,0.0,0.0,0.0,0.0,0,8,0,0
5762,2018-08-14,d6160fb7873f184099d9bc95e30376af,0.0,0.0,0.0,0.0,0.0,0.0,0.0,0.0,1,8,0,0
5772,2018-08-15,d6160fb7873f184099d9bc95e30376af,0.0,0.0,0.0,0.0,0.0,0.0,0.0,0.0,2,8,0,0
5782,2018-08-16,d6160fb7873f184099d9bc95e30376af,0.0,0.0,0.0,0.0,0.0,0.0,0.0,0.0,3,8,0,0
5792,2018-08-17,d6160fb7873f184099d9bc95e30376af,0.0,0.0,0.0,0.0,0.0,0.0,0.0,0.0,4,8,0,0
5802,2018-08-18,d6160fb7873f184099d9bc95e30376af,0.0,0.0,0.0,0.0,0.0,0.0,0.0,0.0,5,8,1,0
5812,2018-08-19,d6160fb7873f184099d9bc95e30376af,0.0,0.0,0.0,0.0,0.0,0.0,0.0,0.0,6,8,1,0
5822,2018-08-20,d6160fb7873f184099d9bc95e30376af,0.0,0.0,0.0,0.0,0.0,0.0,0.0,0.0,0,8,0,0
5832,2018-08-21,d6160fb7873f184099d9bc95e30376af,0.0,0.0,0.0,0.0,0.0,0.0,0.0,0.0,1,8,0,0
5842,2018-08-22,d6160fb7873f184099d9bc95e30376af,0.0,0.0,0.0,0.0,0.0,0.0,0.0,0.0,2,8,0,0
5852,2018-08-23,d6160fb7873f184099d9bc95e30376af,0.0,0.0,0.0,0.0,0.0,0.0,0.0,0.0,3,8,0,0
5862,2018-08-24,d6160fb7873f184099d9bc95e30376af,0.0,0.0,0.0,0.0,0.0,0.0,0.0,0.0,4,8,0,0
5872,2018-08-25,d6160fb7873f184099d9bc95e30376af,0.0,0.0,0.0,0.0,0.0,0.0,0.0,0.0,5,8,1,0
5882,2018-08-26,d6160fb7873f184099d9bc95e30376af,0.0,0.0,0.0,0.0,0.0,0.0,0.0,0.0,6,8,1,0
